species,body_mass_quartile_llm
Abditomys_latidens,1
Abeillia_abeillei,1
Abeomelomys_sevia,1
Ablepharus_alaicus,1
Ablepharus_bivittatus,1
Ablepharus_budaki,1
Ablepharus_chernovi,1
Ablepharus_darvazi,1
Ablepharus_deserti,1
Ablepharus_eremchenkoi,1
Ablepharus_grayanus,1
Ablepharus_himalayanus,1
Ablepharus_kitaibelii,1
Ablepharus_ladacensis,1
Ablepharus_lindbergi,1
Ablepharus_mahabharatus,1
Ablepharus_nepalensis,1
Ablepharus_pannonicus,1
Ablepharus_rueppellii,1
Ablepharus_sikimmensis,1
Ablepharus_tragbulensis,1
Abrawayaomys_chebezi,1
Abrawayaomys_ruschii,1
Abrocoma_bennettii,3
Abrocoma_boliviensis,3
Abrocoma_cinerea,3
Abrocoma_famatina,3
Abrocoma_shistacea,3
Abrocoma_uspallata,3
Abronia_antauges,2
Abronia_anzuetoi,2
Abronia_aurita,2
Abronia_bogerti,2
Abronia_campbelli,2
Abronia_chiszari,2
Abronia_deppii,2
Abronia_fimbriata,2
Abronia_frosti,2
Abronia_fuscolabialis,2
Abronia_gadovii,2
Abronia_gaiophantasma,2
Abronia_graminea,2
Abronia_juarezi,2
Abronia_leurolepis,2
Abronia_lythrochila,2
Abronia_martindelcampoi,2
Abronia_matudai,2
Abronia_meledona,2
Abronia_mitchelli,2
Abronia_mixteca,2
Abronia_montecristoi,2
Abronia_monticola,2
Abronia_moreletii,2
Abronia_oaxacae,2
Abronia_ochoterenai,2
Abronia_ornelasi,2
Abronia_ramirezi,2
Abronia_reidi,2
Abronia_salvadorensis,2
Abronia_smithi,2
Abronia_taeniata,2
Abronia_vasconcelosii,2
Abronia_viridiflava,2
Abroscopus_albogularis,1
Abroscopus_schisticeps,1
Abroscopus_superciliaris,1
Abrothrix_andinus,1
Abrothrix_illutea,1
Abrothrix_jelskii,1
Abrothrix_lanosus,1
Abrothrix_longipilis,1
Abrothrix_manni,1
Abrothrix_olivaceus,1
Abrothrix_sanborni,1
Aburria_aburri,4
Acanthagenys_rufogularis,3
Acanthidops_bairdi,1
Acanthis_flammea,1
Acanthisitta_chloris,1
Acanthixalus_sonjae,2
Acanthixalus_spinosus,2
Acanthiza_apicalis,1
Acanthiza_chrysorrhoa,1
Acanthiza_cinerea,1
Acanthiza_ewingii,1
Acanthiza_inornata,1
Acanthiza_iredalei,1
Acanthiza_katherina,1
Acanthiza_lineata,1
Acanthiza_murina,1
Acanthiza_nana,1
Acanthiza_pusilla,1
Acanthiza_reguloides,1
Acanthiza_robustirostris,1
Acanthiza_uropygialis,1
Acanthocercus_adramitanus,2
Acanthocercus_annectans,2
Acanthocercus_atricollis,2
Acanthocercus_branchi,2
Acanthocercus_cyanocephalus,2
Acanthocercus_cyanogaster,2
Acanthocercus_gregorii,2
Acanthocercus_guentherpetersi,2
Acanthocercus_kiwuensis,2
Acanthocercus_minutus,2
Acanthocercus_phillipsii,2
Acanthocercus_ugandaensis,2
Acanthocercus_yemensis,2
Acanthochelys_macrocephala,3
Acanthochelys_pallidipectoris,3
Acanthodactylus_aegyptius,1
Acanthodactylus_ahmaddisii,1
Acanthodactylus_arabicus,1
Acanthodactylus_aureus,1
Acanthodactylus_bedriagai,2
Acanthodactylus_beershebensis,1
Acanthodactylus_blanci,1
Acanthodactylus_blanfordii,1
Acanthodactylus_boskianus,2
Acanthodactylus_boueti,1
Acanthodactylus_busacki,1
Acanthodactylus_cantoris,1
Acanthodactylus_dumerilii,2
Acanthodactylus_erythrurus,1
Acanthodactylus_felicis,1
Acanthodactylus_gongrorhynchatus,1
Acanthodactylus_grandis,1
Acanthodactylus_guineensis,1
Acanthodactylus_haasi,1
Acanthodactylus_harranensis,1
Acanthodactylus_lacrymae,1
Acanthodactylus_longipes,2
Acanthodactylus_maculatus,2
Acanthodactylus_margaritae,1
Acanthodactylus_masirae,1
Acanthodactylus_micropholis,1
Acanthodactylus_montanus,1
Acanthodactylus_nilsoni,1
Acanthodactylus_opheodurus,1
Acanthodactylus_orientalis,1
Acanthodactylus_pardalis,2
Acanthodactylus_robustus,1
Acanthodactylus_savignyi,1
Acanthodactylus_schmidti,1
Acanthodactylus_schreiberi,2
Acanthodactylus_scutellatus,2
Acanthodactylus_spinicauda,2
Acanthodactylus_taghitensis,1
Acanthodactylus_tilburyi,1
Acanthodactylus_tristrami,1
Acanthodactylus_yemenicus,1
Acanthophis_antarcticus,3
Acanthophis_cryptamydros,3
Acanthophis_hawkei,3
Acanthophis_laevis,3
Acanthophis_praelongus,3
Acanthophis_pyrrhus,3
Acanthophis_rugosus,3
Acanthophis_wellsi,3
Acanthoptila_nipalensis,3
Acanthorhynchus_superciliosus,1
Acanthorhynchus_tenuirostris,1
Acanthornis_magna,1
Acanthosaura_armata,2
Acanthosaura_bintangensis,2
Acanthosaura_brachypoda,2
Acanthosaura_capra,2
Acanthosaura_cardamomensis,2
Acanthosaura_coronata,2
Acanthosaura_crucigera,2
Acanthosaura_lepidogaster,2
Acanthosaura_nataliae,2
Acanthosaura_phuketensis,2
Acanthosaura_titiwangsaensis,2
Accipiter_albogularis,4
Accipiter_badius,3
Accipiter_bicolor,4
Accipiter_brachyurus,3
Accipiter_brevipes,4
Accipiter_butleri,3
Accipiter_castanilius,4
Accipiter_cirrocephalus,4
Accipiter_collaris,3
Accipiter_cooperii,4
Accipiter_erythrauchen,3
Accipiter_erythropus,3
Accipiter_fasciatus,4
Accipiter_francesiae,4
Accipiter_gentilis,4
Accipiter_griseiceps,4
Accipiter_gularis,3
Accipiter_gundlachi,4
Accipiter_haplochrous,4
Accipiter_henicogrammus,4
Accipiter_henstii,4
Accipiter_hiogaster,4
Accipiter_imitator,3
Accipiter_luteoschistaceus,3
Accipiter_madagascariensis,4
Accipiter_melanochlamys,4
Accipiter_melanoleucus,4
Accipiter_meyerianus,4
Accipiter_minullus,3
Accipiter_nanus,3
Accipiter_nisus,4
Accipiter_novaehollandiae,4
Accipiter_ovampensis,4
Accipiter_poliocephalus,3
Accipiter_poliogaster,4
Accipiter_princeps,4
Accipiter_rhodogaster,3
Accipiter_rufitorques,4
Accipiter_rufiventris,4
Accipiter_soloensis,3
Accipiter_striatus,3
Accipiter_superciliosus,3
Accipiter_sylvestris,4
Accipiter_tachiro,4
Accipiter_toussenelii,4
Accipiter_trinotatus,3
Accipiter_trivirgatus,4
Accipiter_virgatus,3
Acerodon_celebensis,4
Acerodon_humilis,4
Acerodon_jubatus,4
Acerodon_leucotis,4
Acerodon_mackloti,4
Aceros_nipalensis,4
Achaetops_pycnopygius,2
Achalinus_ater,1
Achalinus_dehuaensis,1
Achalinus_formosanus,1
Achalinus_hainanus,1
Achalinus_huangjietangi,1
Achalinus_jinggangensis,1
Achalinus_meiguensis,1
Achalinus_niger,1
Achalinus_ningshanensis,1
Achalinus_panzhihuaensis,1
Achalinus_pingbianensis,1
Achalinus_rufescens,1
Achalinus_spinalis,1
Achalinus_werneri,1
Achalinus_yangdatongi,1
Achalinus_yunkaiensis,1
Acinonyx_jubatus,4
Acomys_airensis,1
Acomys_cahirinus,1
Acomys_cilicicus,1
Acomys_cineraceus,1
Acomys_dimidiatus,1
Acomys_ignitus,1
Acomys_johannis,1
Acomys_kempi,1
Acomys_louisae,1
Acomys_minous,1
Acomys_mullah,1
Acomys_muzei,1
Acomys_ngurui,1
Acomys_percivali,1
Acomys_russatus,1
Acomys_selousi,1
Acomys_seurati,1
Acomys_spinosissimus,1
Acomys_subspinosus,1
Acomys_wilsoni,1
Aconaemys_fuscus,2
Aconaemys_porteri,2
Aconaemys_sagei,2
Acontias_albigularis,1
Acontias_aurantiacus,1
Acontias_bicolor,1
Acontias_breviceps,1
Acontias_cregoi,1
Acontias_fitzsimonsi,1
Acontias_gariepensis,1
Acontias_gracilicauda,1
Acontias_grayi,1
Acontias_jappi,1
Acontias_kgalagadi,1
Acontias_lineatus,1
Acontias_lineicauda,1
Acontias_litoralis,1
Acontias_meleagris,2
Acontias_namaquensis,1
Acontias_occidentalis,1
Acontias_orientalis,2
Acontias_parietalis,1
Acontias_percivali,1
Acontias_plumbeus,1
Acontias_richardi,1
Acontias_rieppeli,1
Acontias_schmitzi,1
Acontias_tristis,1
Acontias_wakkerstroomensis,1
Acrantophis_dumerili,4
Acrantophis_madagascariensis,4
Acratosaura_mentalis,1
Acratosaura_spinosa,1
Acridotheres_albocinctus,3
Acridotheres_burmannicus,3
Acridotheres_cinereus,3
Acridotheres_cristatellus,3
Acridotheres_fuscus,3
Acridotheres_ginginianus,3
Acridotheres_grandis,4
Acridotheres_javanicus,3
Acridotheres_leucocephalus,3
Acridotheres_melanopterus,3
Acridotheres_tertius,3
Acridotheres_tricolor,3
Acridotheres_tristis,4
Acris_blanchardi,2
Acris_crepitans,2
Acris_gryllus,2
Acritillas_indica,2
Acritoscincus_duperreyi,1
Acritoscincus_platynotus,1
Acritoscincus_trilineatus,1
Acrobates_pygmaeus,1
Acrobatornis_fonsecai,2
Acrocephalus_agricola,1
Acrocephalus_arundinaceus,2
Acrocephalus_australis,2
Acrocephalus_bistrigiceps,1
Acrocephalus_brevipennis,1
Acrocephalus_concinens,1
Acrocephalus_dumetorum,1
Acrocephalus_familiaris,1
Acrocephalus_gracilirostris,2
Acrocephalus_griseldis,2
Acrocephalus_melanopogon,1
Acrocephalus_newtoni,2
Acrocephalus_orientalis,2
Acrocephalus_orinus,1
Acrocephalus_paludicola,1
Acrocephalus_palustris,1
Acrocephalus_rufescens,2
Acrocephalus_schoenobaenus,1
Acrocephalus_scirpaceus,1
Acrocephalus_sorghophilus,1
Acrocephalus_stentoreus,2
Acrocephalus_tangorum,1
Acropternis_orthonyx,3
Acryllium_vulturinum,4
Actenoides_bougainvillei,3
Actenoides_capucinus,3
Actenoides_concretus,3
Actenoides_excelsus,3
Actenoides_hombroni,3
Actenoides_lindsayi,3
Actenoides_monachus,3
Actenoides_princeps,3
Actenoides_regalis,3
Actinodura_egertoni,3
Actinodura_radcliffei,3
Actinodura_ramsayi,3
Actinodura_sodangorum,3
Actitis_hypoleucos,3
Actitis_macularius,3
Actophilornis_africanus,4
Actophilornis_albinucha,4
Acutotyphlops_banaorum,1
Acutotyphlops_infralabialis,1
Acutotyphlops_kunuaensis,1
Acutotyphlops_solomonis,1
Acutotyphlops_subocularis,1
Addax_nasomaculatus,4
Adelastes_hylonomos,1
Adelomyia_melanogenys,1
Adelophryne_adiastola,1
Adelophryne_amapaensis,1
Adelophryne_baturitensis,1
Adelophryne_glandulata,1
Adelophryne_gutturosa,1
Adelophryne_maranguapensis,1
Adelophryne_meridionalis,1
Adelophryne_michelin,1
Adelophryne_mucronata,1
Adelophryne_pachydactyla,1
Adelophryne_patamona,1
Adelotus_brevis,2
Adelphicos_daryi,1
Adelphicos_ibarrorum,1
Adelphicos_latifasciatum,1
Adelphicos_nigrilatum,1
Adelphicos_quadrivirgatum,1
Adelphicos_sargii,1
Adelphicos_veraepacis,1
Adelphicos_visoninum,1
Adelphobates_castaneoticus,1
Adelphobates_galactonotus,1
Adelphobates_quinquevittatus,1
Adelphostigma_occipitalis,1
Adelphostigma_quadriocellata,1
Adenomera_ajurauna,2
Adenomera_amicorum,2
Adenomera_andreae,2
Adenomera_araucaria,2
Adenomera_aurantiaca,2
Adenomera_bokermanni,2
Adenomera_chicomendesi,2
Adenomera_coca,2
Adenomera_cotuba,2
Adenomera_diptyx,2
Adenomera_engelsi,2
Adenomera_glauciae,2
Adenomera_gridipappi,2
Adenomera_heyeri,2
Adenomera_hylaedactyla,2
Adenomera_inopinata,2
Adenomera_juikitam,2
Adenomera_kayapo,2
Adenomera_kweti,2
Adenomera_lutzi,2
Adenomera_marmorata,2
Adenomera_martinezi,2
Adenomera_nana,2
Adenomera_phonotriccus,2
Adenomera_saci,2
Adenomera_simonstuarti,2
Adenomera_tapajonica,2
Adenomera_thomei,2
Adenomus_kandianus,2
Adenomus_kelaartii,2
Adercosaurus_vixadnexus,1
Adhaerobufo_ceratophrys,1
Adhaerobufo_nasicus,1
Adolfus_africanus,1
Adolfus_alleni,1
Adolfus_jacksoni,1
Adolfus_masavaensis,1
Advenus_montisilvestris,2
Aechmophorus_clarkii,4
Aechmophorus_occidentalis,4
Aegialomys_galapagoensis,1
Aegialomys_xanthaeolus,1
Aegithalos_annamensis,1
Aegithalos_bonvaloti,1
Aegithalos_caudatus,1
Aegithalos_concinnus,1
Aegithalos_fuliginosus,1
Aegithalos_glaucogularis,1
Aegithalos_iouschistos,1
Aegithalos_iredalei,1
Aegithalos_leucogenys,1
Aegithalos_niveogularis,1
Aegithina_lafresnayei,2
Aegithina_nigrolutea,1
Aegithina_tiphia,1
Aegithina_viridissima,1
Aegolius_acadicus,3
Aegolius_funereus,4
Aegolius_harrisii,3
Aegolius_ridgwayi,3
Aegotheles_affinis,3
Aegotheles_albertisi,3
Aegotheles_archboldi,3
Aegotheles_bennettii,3
Aegotheles_crinifrons,3
Aegotheles_cristatus,3
Aegotheles_insignis,3
Aegotheles_savesi,3
Aegotheles_tatei,3
Aegotheles_wallacii,3
Aegypius_monachus,4
Aeluroglena_cucullata,2
Aeluroscalabotes_felinus,2
Aepeomys_lugens,1
Aepeomys_reigi,1
Aepyceros_melampus,4
Aepypodius_arfakianus,4
Aepypodius_bruijnii,4
Aepyprymnus_rufescens,3
Aeretes_melanopterus,2
Aerodramus_brevirostris,1
Aerodramus_francicus,1
Aerodramus_fuciphagus,1
Aerodramus_hirundinaceus,1
Aerodramus_infuscatus,1
Aerodramus_maximus,1
Aerodramus_mearnsi,1
Aerodramus_nuditarsus,1
Aerodramus_orientalis,1
Aerodramus_papuensis,1
Aerodramus_pelewensis,1
Aerodramus_salangana,1
Aerodramus_spodiopygius,1
Aerodramus_terraereginae,1
Aerodramus_unicolor,1
Aerodramus_vanikorensis,1
Aerodramus_vulcanorum,1
Aerodramus_whiteheadi,1
Aeromys_tephromelas,2
Aeromys_thomasi,2
Aeronautes_andecolus,2
Aeronautes_montivagus,2
Aeronautes_saxatalis,2
Aethalops_aequalis,2
Aethalops_alecto,2
Aethia_cristatella,4
Aethomys_bocagei,1
Aethomys_chrysophilus,1
Aethomys_hindei,1
Aethomys_ineptus,1
Aethomys_kaiseri,1
Aethomys_nyikae,1
Aethomys_silindensis,1
Aethomys_stannarius,1
Aethomys_thomasi,1
Aethopyga_bella,1
Aethopyga_boltoni,1
Aethopyga_christinae,1
Aethopyga_duyvenbodei,1
Aethopyga_eximia,1
Aethopyga_flagrans,1
Aethopyga_gouldiae,1
Aethopyga_guimarasensis,1
Aethopyga_ignicauda,1
Aethopyga_latouchii,1
Aethopyga_linaraborae,1
Aethopyga_magnifica,1
Aethopyga_mystacalis,1
Aethopyga_nipalensis,1
Aethopyga_primigenia,1
Aethopyga_pulcherrima,1
Aethopyga_saturata,1
Aethopyga_shelleyi,1
Aethopyga_siparaja,1
Aethopyga_temminckii,1
Aethopyga_vigorsii,1
Afrixalus_aureus,1
Afrixalus_brachycnemis,1
Afrixalus_clarkei,1
Afrixalus_crotalus,1
Afrixalus_delicatus,1
Afrixalus_dorsalis,1
Afrixalus_dorsimaculatus,1
Afrixalus_enseticola,1
Afrixalus_equatorialis,1
Afrixalus_fornasini,1
Afrixalus_fulvovittatus,1
Afrixalus_knysnae,1
Afrixalus_lacteus,1
Afrixalus_laevis,1
Afrixalus_leucostictus,1
Afrixalus_lindholmi,1
Afrixalus_morerei,1
Afrixalus_nigeriensis,1
Afrixalus_orophilus,1
Afrixalus_osorioi,1
Afrixalus_paradorsalis,1
Afrixalus_quadrivittatus,1
Afrixalus_schneideri,1
Afrixalus_septentrionalis,1
Afrixalus_spinifrons,1
Afrixalus_stuhlmanni,1
Afrixalus_sylvaticus,1
Afrixalus_uluguruensis,1
Afrixalus_upembae,1
Afrixalus_vibekensis,1
Afrixalus_vittiger,1
Afrixalus_weidholzi,1
Afrixalus_wittei,1
Afroedura_africana,1
Afroedura_amatolica,1
Afroedura_bogerti,1
Afroedura_broadleyi,1
Afroedura_gorongosa,1
Afroedura_granitica,1
Afroedura_haackei,1
Afroedura_halli,1
Afroedura_hawequensis,1
Afroedura_karroica,1
Afroedura_langi,1
Afroedura_leoloensis,1
Afroedura_loveridgei,1
Afroedura_major,1
Afroedura_maripi,1
Afroedura_marleyi,1
Afroedura_multiporis,1
Afroedura_namaquensis,1
Afroedura_nivaria,1
Afroedura_pienaari,1
Afroedura_pondolia,1
Afroedura_pongola,1
Afroedura_rondavelica,1
Afroedura_rupestris,1
Afroedura_tembulica,1
Afroedura_tirasensis,1
Afroedura_transvaalica,1
Afroedura_waterbergensis,1
Afrogecko_porphyreus,1
Afronatrix_anoscopus,2
Afropavo_congensis,4
Afrotis_afra,4
Afrotis_afraoides,4
Afrotyphlops_angolensis,1
Afrotyphlops_anomalus,1
Afrotyphlops_bibronii,1
Afrotyphlops_blanfordii,1
Afrotyphlops_brevis,1
Afrotyphlops_calabresii,1
Afrotyphlops_chirioi,1
Afrotyphlops_congestus,1
Afrotyphlops_cuneirostris,1
Afrotyphlops_dinga,1
Afrotyphlops_elegans,1
Afrotyphlops_fornasinii,1
Afrotyphlops_gierrai,1
Afrotyphlops_kaimosae,1
Afrotyphlops_liberiensis,1
Afrotyphlops_lineolatus,1
Afrotyphlops_nanus,1
Afrotyphlops_nigrocandidus,1
Afrotyphlops_obtusus,1
Afrotyphlops_platyrhynchus,1
Afrotyphlops_punctatus,1
Afrotyphlops_rondoensis,1
Afrotyphlops_rouxestevae,1
Afrotyphlops_schlegelii,1
Afrotyphlops_schmidti,1
Afrotyphlops_steinhausi,1
Afrotyphlops_tanganicanus,1
Afrotyphlops_usambaricus,1
Agalychnis_annae,2
Agalychnis_buckleyi,2
Agalychnis_callidryas,2
Agalychnis_dacnicolor,2
Agalychnis_danieli,2
Agalychnis_hulli,2
Agalychnis_lemur,2
Agalychnis_medinae,2
Agalychnis_moreletii,2
Agalychnis_psilopygion,2
Agalychnis_saltator,2
Agalychnis_spurrelli,2
Agalychnis_terranova,2
Agama_aculeata,2
Agama_africana,2
Agama_agama,2
Agama_anchietae,2
Agama_armata,2
Agama_atra,2
Agama_bibronii,2
Agama_boensis,2
Agama_bottegi,2
Agama_boueti,2
Agama_boulengeri,2
Agama_caudospinosa,2
Agama_cristata,2
Agama_dodomae,2
Agama_doriae,2
Agama_etoshae,2
Agama_finchi,2
Agama_gracilimembris,2
Agama_hartmanni,2
Agama_hispida,2
Agama_insularis,2
Agama_kaimosae,2
Agama_kirkii,2
Agama_lanzai,2
Agama_lebretoni,2
Agama_lionotus,2
Agama_lucyae,2
Agama_montana,2
Agama_mossambica,2
Agama_mucosoensis,2
Agama_mwanzae,2
Agama_parafricana,2
Agama_paragama,2
Agama_persimilis,2
Agama_picticauda,2
Agama_planiceps,2
Agama_robecchii,2
Agama_rueppelli,2
Agama_sankaranica,2
Agama_somalica,2
Agama_spinosa,2
Agama_tassiliensis,2
Agama_turuensis,2
Agama_weidholzi,2
Agamia_agami,4
Agamodon_anguliceps,1
Agamodon_arabicus,1
Agamodon_compressus,1
Agamura_persica,2
Agapornis_canus,3
Agapornis_fischeri,3
Agapornis_lilianae,3
Agapornis_nigrigenis,3
Agapornis_personatus,3
Agapornis_pullarius,3
Agapornis_roseicollis,3
Agapornis_swindernianus,3
Agapornis_taranta,3
Agasthyagama_beddomii,1
Agelaioides_badius,3
Agelaioides_fringillarius,3
Agelaius_assimilis,3
Agelaius_humeralis,3
Agelaius_phoeniceus,3
Agelaius_tricolor,3
Agelaius_xanthomus,3
Agelastes_meleagrides,4
Agelastes_niger,4
Agelasticus_cyanopus,3
Agelasticus_thilius,3
Agelasticus_xanthophthalmus,3
Agkistrodon_bilineatus,3
Agkistrodon_contortrix,3
Agkistrodon_piscivorus,3
Agkistrodon_taylori,3
Aglaeactis_aliciae,1
Aglaeactis_castelnaudii,1
Aglaeactis_cupripennis,1
Aglaeactis_pamela,1
Aglaiocercus_berlepschi,1
Aglaiocercus_coelestis,1
Aglaiocercus_kingii,1
Aglyptodactylus_australis,2
Aglyptodactylus_chorus,2
Aglyptodactylus_inguinalis,2
Aglyptodactylus_laticeps,2
Aglyptodactylus_madagascariensis,2
Aglyptodactylus_securifer,2
Agraphospiza_rubescens,2
Agricola_infuscatus,1
Agricola_pallidus,1
Agriornis_albicauda,3
Agriornis_lividus,3
Agriornis_micropterus,3
Agriornis_montanus,3
Agriornis_murinus,3
Agropsar_philippensis,3
Agropsar_sturninus,3
Ahaetulla_anomala,2
Ahaetulla_dispar,2
Ahaetulla_fasciolata,2
Ahaetulla_fronticincta,2
Ahaetulla_laudankia,2
Ahaetulla_mycterizans,2
Ahaetulla_nasuta,2
Ahaetulla_perroteti,2
Ahaetulla_prasina,2
Ahaetulla_pulverulenta,2
Ailuroedus_buccoides,4
Ailuroedus_crassirostris,4
Ailuroedus_melanotis,4
Ailuronyx_seychellensis,1
Ailuronyx_tachyscopaeus,1
Ailuronyx_trachygaster,1
Ailuropoda_melanoleuca,4
Ailurops_melanotis,3
Ailurops_ursinus,3
Ailurus_fulgens,4
Aimophila_notosticta,2
Aimophila_rufescens,2
Aimophila_ruficeps,2
Aix_galericulata,4
Aix_sponsa,4
Akletos_goeldii,3
Akletos_melanoceps,3
Akodon_aerosus,1
Akodon_affinis,1
Akodon_albiventer,1
Akodon_azarae,1
Akodon_boliviensis,1
Akodon_budini,1
Akodon_caenosus,1
Akodon_cursor,1
Akodon_dayi,1
Akodon_dolores,1
Akodon_fumeus,1
Akodon_iniscatus,1
Akodon_juninensis,1
Akodon_kofordi,1
Akodon_lindberghi,1
Akodon_lutescens,1
Akodon_mimus,1
Akodon_molinae,1
Akodon_mollis,1
Akodon_montensis,1
Akodon_mystax,1
Akodon_orophilus,1
Akodon_paranaensis,1
Akodon_pervalens,1
Akodon_philipmyersi,1
Akodon_polopi,1
Akodon_reigi,1
Akodon_sanctipaulensis,1
Akodon_serrensis,1
Akodon_siberiae,1
Akodon_simulator,1
Akodon_spegazzinii,1
Akodon_subfuscus,1
Akodon_surdus,1
Akodon_sylvanus,1
Akodon_toba,1
Akodon_torques,1
Akodon_varius,1
Alaemon_alaudipes,3
Alaemon_hamertoni,3
Alauda_arvensis,2
Alauda_gulgula,2
Alauda_leucoptera,2
Alauda_razae,2
Alaudala_raytal,1
Alaudala_rufescens,1
Alaudala_somalica,1
Alcalus_baluensis,2
Alcalus_mariae,2
Alcalus_rajae,2
Alcalus_sariba,2
Alcalus_tasanae,2
Alcedo_atthis,3
Alcedo_coerulescens,2
Alcedo_euryzona,2
Alcedo_hercules,3
Alcedo_meninting,2
Alcedo_peninsulae,2
Alcedo_quadribrachys,2
Alcedo_semitorquata,2
Alcelaphus_buselaphus,4
Alces_alces,4
Alcippe_brunneicauda,2
Alcippe_grotei,2
Alcippe_morrisonia,2
Alcippe_nipalensis,2
Alcippe_peracensis,1
Alcippe_poioicephala,2
Alcippe_pyrrhoptera,2
Alcurus_striatus,2
Aleadryas_rufinucha,3
Alectoris_barbara,4
Alectoris_chukar,4
Alectoris_graeca,4
Alectoris_magna,4
Alectoris_melanocephala,4
Alectoris_philbyi,4
Alectoris_rufa,4
Alectroenas_madagascariensis,4
Alectroenas_sganzini,4
Alectrurus_risora,2
Alectrurus_tricolor,2
Alectura_lathami,4
Alethe_castanea,2
Alethe_diademata,2
Alexandresaurus_camacan,1
Algyroides_fitzingeri,1
Algyroides_hidalgoi,1
Algyroides_moreoticus,1
Algyroides_nigropunctatus,1
Alionycteris_paucidentata,4
Alipiopsitta_xanthops,4
Alisterus_amboinensis,4
Alisterus_chloropterus,4
Alisterus_scapularis,4
Allactaga_balikunica,1
Allactaga_bullata,1
Allactaga_elater,1
Allactaga_euphratica,1
Allactaga_firouzi,1
Allactaga_hotsoni,1
Allactaga_major,1
Allactaga_severtzovi,1
Allactaga_sibirica,1
Allactaga_toussi,1
Allactaga_vinogradovi,1
Allactaga_williamsi,1
Allactodipus_bobrinskii,1
Allenia_fusca,3
Allenopithecus_nigroviridis,4
Alligator_mississippiensis,4
Allobates_algorei,1
Allobates_amissibilis,1
Allobates_bacurau,1
Allobates_bromelicola,1
Allobates_brunneus,1
Allobates_caeruleodactylus,1
Allobates_carajas,1
Allobates_caribe,1
Allobates_chalcopis,1
Allobates_conspicuus,1
Allobates_crombiei,1
Allobates_femoralis,1
Allobates_flaviventris,1
Allobates_fratisenescus,1
Allobates_fuscellus,1
Allobates_gasconi,1
Allobates_goianus,1
Allobates_granti,1
Allobates_grillisimilis,1
Allobates_hodli,1
Allobates_humilis,1
Allobates_ignotus,1
Allobates_insperatus,1
Allobates_juami,1
Allobates_juanii,1
Allobates_kingsburyi,1
Allobates_magnussoni,1
Allobates_mandelorum,1
Allobates_marchesianus,1
Allobates_masniger,1
Allobates_melanolaemus,1
Allobates_myersi,1
Allobates_nidicola,1
Allobates_niputidea,1
Allobates_nunciatus,1
Allobates_ornatus,1
Allobates_pacaas,1
Allobates_paleovarzensis,1
Allobates_peruvianus,1
Allobates_pittieri,1
Allobates_sanmartini,1
Allobates_subfolionidificans,1
Allobates_sumtuosus,1
Allobates_talamancae,1
Allobates_tapajos,1
Allobates_tinae,1
Allobates_trilineatus,1
Allobates_undulatus,1
Allobates_vanzolinius,1
Allobates_velocicantus,1
Allobates_wayuu,1
Allobates_zaparo,1
Allocebus_trichotis,1
Allochrocebus_lhoesti,4
Allochrocebus_preussi,4
Allochrocebus_solatus,4
Allocricetulus_curtatus,1
Allocricetulus_eversmanni,1
Allopaa_barmoachensis,2
Allopaa_hazarensis,2
Allophryne_relicta,2
Allophryne_resplendens,2
Allophryne_ruthveni,2
Alluaudina_bellyi,2
Alluaudina_mocquardi,2
Alopecoenas_beccarii,2
Alopecoenas_canifrons,2
Alopecoenas_hoedtii,2
Alopecoenas_jobiensis,2
Alopecoenas_johannae,2
Alopecoenas_sanctaecrucis,2
Alopecoenas_stairi,2
Alophoixus_bres,3
Alophoixus_flaveolus,3
Alophoixus_frater,3
Alophoixus_griseiceps,3
Alophoixus_ochraceus,2
Alophoixus_pallidus,2
Alophoixus_phaeocephalus,3
Alophoixus_ruficrissus,3
Alophoixus_tephrogenys,2
Alopochelidon_fucata,1
Alopochen_aegyptiaca,4
Alopoglossus_angulatus,1
Alopoglossus_atriventris,1
Alopoglossus_bicolor,1
Alopoglossus_brevifrontalis,1
Alopoglossus_buckleyi,1
Alopoglossus_copii,1
Alopoglossus_danieli,1
Alopoglossus_eurylepis,1
Alopoglossus_festae,1
Alopoglossus_gorgonae,1
Alopoglossus_grandisquamatus,1
Alopoglossus_harrisi,1
Alopoglossus_kugleri,1
Alopoglossus_lehmanni,1
Alopoglossus_myersi,1
Alopoglossus_plicatus,1
Alopoglossus_romaleos,1
Alopoglossus_stenolepis,1
Alopoglossus_vallensis,1
Alouatta_arctoidea,4
Alouatta_belzebul,4
Alouatta_caraya,4
Alouatta_discolor,4
Alouatta_guariba,4
Alouatta_juara,4
Alouatta_macconnelli,4
Alouatta_nigerrima,4
Alouatta_palliata,4
Alouatta_pigra,4
Alouatta_puruensis,4
Alouatta_sara,4
Alouatta_seniculus,4
Alouatta_ululata,4
Alpinoscincus_alpinus,1
Alpinoscincus_subalpinus,1
Alsodes_australis,2
Alsodes_barrioi,2
Alsodes_cantillanensis,2
Alsodes_coppingeri,2
Alsodes_gargola,2
Alsodes_hugoi,2
Alsodes_igneus,2
Alsodes_kaweshkari,2
Alsodes_montanus,2
Alsodes_monticola,2
Alsodes_neuquensis,2
Alsodes_nodosus,2
Alsodes_norae,2
Alsodes_tumultuosus,2
Alsodes_valdiviensis,2
Alsodes_vanzolinii,2
Alsodes_verrucosus,2
Alsodes_vittatus,2
Alsophis_antiguae,2
Alsophis_antillensis,2
Alsophis_manselli,2
Alsophis_rijgersmaei,2
Alsophis_rufiventris,2
Alsophis_sanctonum,2
Alsophis_sibonius,2
Alsophylax_ferganensis,1
Alsophylax_laevis,1
Alsophylax_loricatus,1
Alsophylax_pipiens,1
Alsophylax_przewalskii,1
Alsophylax_szczerbaki,1
Alsophylax_tadjikiensis,1
Alticola_albicaudus,1
Alticola_argentatus,1
Alticola_barakshin,1
Alticola_lemminus,1
Alticola_macrotis,1
Alticola_montosa,1
Alticola_olchonensis,1
Alticola_roylei,1
Alticola_semicanus,1
Alticola_stoliczkanus,1
Alticola_strelzowi,1
Alticola_tuvinicus,1
Altiphrynoides_malcolmi,2
Altiphylax_baturensis,1
Altiphylax_levitoni,1
Altiphylax_mintoni,1
Altiphylax_stoliczkai,1
Altiphylax_tokobajevi,1
Alytes_almogavarii,2
Alytes_cisternasii,2
Alytes_dickhilleni,2
Alytes_maurus,2
Alytes_muletensis,2
Alytes_obstetricans,2
Amadina_erythrocephala,2
Amadina_fasciata,2
Amalocichla_incerta,3
Amalocichla_sclateriana,3
Amalosia_jacovae,1
Amalosia_lesueurii,1
Amalosia_obscura,1
Amalosia_rhombifer,1
Amalosia_robusta,1
Amandava_amandava,1
Amandava_formosa,1
Amandava_subflava,1
Amapasaurus_tetradactylus,1
Amastridium_sapperi,2
Amastridium_veliferum,2
Amaurocichla_bocagii,1
Amaurolimnas_concolor,3
Amaurornis_cinerea,3
Amaurornis_isabellina,3
Amaurornis_magnirostris,3
Amaurornis_marginalis,3
Amaurornis_moluccana,3
Amaurornis_olivacea,3
Amaurornis_phoenicurus,4
Amaurospiza_moesta,2
Amaurospiza_relicta,2
Amazilia_alfaroana,1
Amazilia_amabilis,1
Amazilia_amazilia,1
Amazilia_bartletti,1
Amazilia_beryllina,1
Amazilia_boucardi,1
Amazilia_brevirostris,1
Amazilia_candida,1
Amazilia_castaneiventris,1
Amazilia_chionogaster,1
Amazilia_cupreicauda,1
Amazilia_cyanifrons,1
Amazilia_cyanocephala,1
Amazilia_cyanura,1
Amazilia_decora,1
Amazilia_edward,1
Amazilia_fimbriata,1
Amazilia_franciae,1
Amazilia_grayi,1
Amazilia_humboldtii,1
Amazilia_lactea,1
Amazilia_leucogaster,1
Amazilia_luciae,1
Amazilia_rosenbergi,1
Amazilia_rutila,1
Amazilia_sapphirina,1
Amazilia_saucerottei,1
Amazilia_tobaci,1
Amazilia_tzacatl,1
Amazilia_versicolor,1
Amazilia_violiceps,1
Amazilia_viridicauda,1
Amazilia_viridifrons,1
Amazilia_viridigaster,1
Amazilia_wagneri,1
Amazilia_yucatanensis,1
Amazona_aestiva,4
Amazona_agilis,4
Amazona_albifrons,4
Amazona_amazonica,4
Amazona_arausiaca,4
Amazona_auropalliata,4
Amazona_autumnalis,4
Amazona_barbadensis,4
Amazona_bodini,4
Amazona_brasiliensis,4
Amazona_collaria,4
Amazona_diadema,4
Amazona_dufresniana,4
Amazona_farinosa,4
Amazona_festiva,4
Amazona_finschi,4
Amazona_guatemalae,4
Amazona_guildingii,4
Amazona_imperialis,4
Amazona_kawalli,4
Amazona_leucocephala,4
Amazona_lilacina,4
Amazona_mercenarius,4
Amazona_ochrocephala,4
Amazona_oratrix,4
Amazona_pretrei,4
Amazona_rhodocorytha,4
Amazona_tucumana,4
Amazona_ventralis,4
Amazona_versicolor,4
Amazona_vinacea,4
Amazona_viridigenalis,4
Amazona_vittata,4
Amazona_xantholora,4
Amazonetta_brasiliensis,4
Amazophrynella_amazonicola,2
Amazophrynella_bokermanni,2
Amazophrynella_gardai,2
Amazophrynella_javierbustamantei,2
Amazophrynella_manaos,2
Amazophrynella_matses,2
Amazophrynella_minuta,2
Amazophrynella_moisesii,2
Amazophrynella_siona,2
Amazophrynella_teko,2
Amazophrynella_vote,2
Amazophrynella_xinguensis,2
Amblycercus_holosericeus,3
Amblyodipsas_concolor,2
Amblyodipsas_dimidiata,2
Amblyodipsas_katangensis,2
Amblyodipsas_microphthalma,2
Amblyodipsas_polylepis,2
Amblyodipsas_rodhaini,2
Amblyodipsas_teitana,2
Amblyodipsas_unicolor,2
Amblyodipsas_ventrimaculata,2
Amblyornis_flavifrons,4
Amblyornis_inornata,4
Amblyornis_macgregoriae,4
Amblyornis_subalaris,4
Amblyospiza_albifrons,3
Amblyramphus_holosericeus,3
Amblyrhynchus_cristatus,4
Amblysomus_corriae,1
Amblysomus_hottentotus,1
Amblysomus_marleyi,1
Amblysomus_robustus,1
Amblysomus_septentrionalis,1
Ambystoma_altamirani,3
Ambystoma_amblycephalum,3
Ambystoma_annulatum,3
Ambystoma_barbouri,3
Ambystoma_bishopi,3
Ambystoma_californiense,3
Ambystoma_cingulatum,3
Ambystoma_flavipiperatum,3
Ambystoma_gracile,3
Ambystoma_granulosum,3
Ambystoma_jeffersonianum,3
Ambystoma_laterale,3
Ambystoma_leorae,3
Ambystoma_lermaense,3
Ambystoma_mabeei,3
Ambystoma_macrodactylum,3
Ambystoma_maculatum,2
Ambystoma_mavortium,3
Ambystoma_opacum,2
Ambystoma_ordinarium,3
Ambystoma_rosaceum,3
Ambystoma_silvense,3
Ambystoma_talpoideum,3
Ambystoma_texanum,3
Ambystoma_tigrinum,3
Ambystoma_velasci,3
Ameerega_altamazonica,1
Ameerega_bassleri,1
Ameerega_berohoka,1
Ameerega_bilinguis,1
Ameerega_boehmei,1
Ameerega_boliviana,1
Ameerega_braccata,1
Ameerega_cainarachi,1
Ameerega_flavopicta,1
Ameerega_hahneli,1
Ameerega_ignipedis,1
Ameerega_imasmari,1
Ameerega_ingeri,1
Ameerega_macero,1
Ameerega_munduruku,1
Ameerega_panguana,1
Ameerega_parvula,1
Ameerega_pepperi,1
Ameerega_petersi,1
Ameerega_picta,1
Ameerega_planipaleae,1
Ameerega_pongoensis,1
Ameerega_pulchripecta,1
Ameerega_rubriventris,1
Ameerega_shihuemoy,1
Ameerega_silverstonei,1
Ameerega_simulans,1
Ameerega_trivittata,1
Ameerega_yoshina,1
Ameiva_aggerecusans,2
Ameiva_ameiva,2
Ameiva_atrigularis,2
Ameiva_bifrontata,2
Ameiva_concolor,2
Ameiva_nodam,2
Ameiva_pantherina,2
Ameiva_parecis,2
Ameiva_praesignis,2
Ameiva_provitaae,2
Ameivula_abalosi,2
Ameivula_confusioniba,2
Ameivula_jalapensis,2
Ameivula_mumbuca,2
Ameivula_nativo,2
Ameivula_nigrigula,2
Ameivula_ocellifera,2
Ameivula_pyrrhogularis,2
Amerotyphlops_amoipira,1
Amerotyphlops_brongersmianus,1
Amerotyphlops_costaricensis,1
Amerotyphlops_lehneri,1
Amerotyphlops_microstomus,1
Amerotyphlops_minuisquamus,1
Amerotyphlops_paucisquamus,1
Amerotyphlops_reticulatus,1
Amerotyphlops_stadelmani,1
Amerotyphlops_tasymicris,1
Amerotyphlops_tenuis,1
Amerotyphlops_trinitatus,1
Amerotyphlops_tycherus,1
Amerotyphlops_yonenagae,1
Ametrida_centurio,1
Amietia_angolensis,3
Amietia_chapini,3
Amietia_delalandii,3
Amietia_desaegeri,3
Amietia_fuscigula,3
Amietia_hymenopus,3
Amietia_inyangae,3
Amietia_johnstoni,3
Amietia_moyerorum,3
Amietia_nutti,3
Amietia_poyntoni,3
Amietia_ruwenzorica,3
Amietia_tenuoplicata,3
Amietia_vandijki,3
Amietia_vertebralis,3
Amietia_wittei,3
Ammodillus_imbellis,1
Ammodorcas_clarkei,4
Ammodramus_aurifrons,2
Ammodramus_humeralis,2
Ammodramus_savannarum,2
Ammomanes_cinctura,2
Ammomanes_deserti,2
Ammomanes_phoenicura,2
Ammomanopsis_grayi,2
Ammonastes_pelzelni,2
Ammoperdix_griseogularis,4
Ammoperdix_heyi,4
Ammospermophilus_harrisii,2
Ammospermophilus_interpres,2
Ammospermophilus_leucurus,2
Ammospermophilus_nelsoni,2
Ammospiza_leconteii,1
Ammospiza_nelsoni,2
Ammotragus_lervia,4
Amnisiophis_amoenus,2
Amolops_adicola,3
Amolops_afghanus,3
Amolops_akhaorum,3
Amolops_albispinus,3
Amolops_aniqiaoensis,3
Amolops_archotaphus,3
Amolops_assamensis,3
Amolops_australis,3
Amolops_bellulus,3
Amolops_caelumnoctis,3
Amolops_chakrataensis,3
Amolops_chayuensis,3
Amolops_chunganensis,3
Amolops_compotrix,3
Amolops_cremnobatus,3
Amolops_cucae,3
Amolops_daiyunensis,3
Amolops_daorum,3
Amolops_formosus,3
Amolops_gerbillus,3
Amolops_gerutu,3
Amolops_granulosus,3
Amolops_hainanensis,3
Amolops_himalayanus,3
Amolops_hongkongensis,3
Amolops_indoburmanensis,3
Amolops_iriodes,3
Amolops_jaunsari,3
Amolops_jinjiangensis,3
Amolops_kaulbacki,3
Amolops_kohimaensis,3
Amolops_larutensis,3
Amolops_lifanensis,3
Amolops_loloensis,3
Amolops_longimanus,3
Amolops_mahabharatensis,3
Amolops_mantzorum,3
Amolops_marmoratus,3
Amolops_medogensis,3
Amolops_mengdingensis,3
Amolops_mengyangensis,3
Amolops_minutus,3
Amolops_monticola,3
Amolops_nepalicus,3
Amolops_nidorbellus,3
Amolops_nyingchiensis,3
Amolops_ottorum,3
Amolops_panhai,3
Amolops_ricketti,3
Amolops_shuichengicus,3
Amolops_sinensis,3
Amolops_spinapectoralis,3
Amolops_splendissimus,3
Amolops_torrentis,3
Amolops_tuberodepressus,3
Amolops_viridimaculatus,3
Amolops_vitreus,3
Amolops_wenshanensis,3
Amolops_wuyiensis,3
Amolops_xinduqiao,3
Amolops_yatseni,3
Amolops_yunkaiensis,3
Amorphochilus_schnablii,1
Ampeliceps_coronatus,3
Ampelioides_tschudii,3
Ampelion_rubrocristatus,4
Ampelion_rufaxilla,3
Ampelornis_griseiceps,2
Amphibolurus_burnsi,2
Amphibolurus_muricatus,2
Amphibolurus_norrisi,2
Amphiesma_monticola,2
Amphiesma_stolatum,2
Amphiesmoides_ornaticeps,2
Amphiglossus_astrolabi,1
Amphiglossus_macrocercus,1
Amphiglossus_reticulatus,1
Amphilais_seebohmi,2
Amphinectomys_savamis,1
Amphisbaena_absaberi,1
Amphisbaena_acrobeles,1
Amphisbaena_alba,1
Amphisbaena_albocingulata,1
Amphisbaena_anaemariae,1
Amphisbaena_angustifrons,1
Amphisbaena_anomala,1
Amphisbaena_arda,1
Amphisbaena_arenaria,1
Amphisbaena_bahiana,1
Amphisbaena_bakeri,1
Amphisbaena_barbouri,1
Amphisbaena_bedai,1
Amphisbaena_bilabialata,1
Amphisbaena_bolivica,1
Amphisbaena_borelli,1
Amphisbaena_brasiliana,1
Amphisbaena_brevis,1
Amphisbaena_caeca,1
Amphisbaena_caiari,1
Amphisbaena_camura,1
Amphisbaena_carlgansi,1
Amphisbaena_carli,1
Amphisbaena_carvalhoi,1
Amphisbaena_caudalis,1
Amphisbaena_cayemite,1
Amphisbaena_cegei,1
Amphisbaena_crisae,1
Amphisbaena_cubana,1
Amphisbaena_cuiabana,1
Amphisbaena_cunhai,1
Amphisbaena_darwinii,1
Amphisbaena_dubia,1
Amphisbaena_fenestrata,1
Amphisbaena_frontalis,1
Amphisbaena_fuliginosa,1
Amphisbaena_gonavensis,1
Amphisbaena_gracilis,1
Amphisbaena_hastata,1
Amphisbaena_heathi,1
Amphisbaena_heterozonata,1
Amphisbaena_hiata,1
Amphisbaena_hogei,1
Amphisbaena_hyporissor,1
Amphisbaena_ibijara,1
Amphisbaena_ignatiana,1
Amphisbaena_innocens,1
Amphisbaena_kingii,1
Amphisbaena_kraoh,1
Amphisbaena_leali,1
Amphisbaena_leeseri,1
Amphisbaena_leucocephala,1
Amphisbaena_littoralis,1
Amphisbaena_lumbricalis,1
Amphisbaena_manni,1
Amphisbaena_maranhensis,1
Amphisbaena_medemi,1
Amphisbaena_mertensii,1
Amphisbaena_miringoera,1
Amphisbaena_mitchelli,1
Amphisbaena_munoai,1
Amphisbaena_myersi,1
Amphisbaena_neglecta,1
Amphisbaena_nigricauda,1
Amphisbaena_occidentalis,1
Amphisbaena_pericensis,1
Amphisbaena_plumbea,1
Amphisbaena_polygrammica,1
Amphisbaena_pretrei,1
Amphisbaena_prunicolor,1
Amphisbaena_ridleyi,1
Amphisbaena_roberti,1
Amphisbaena_rozei,1
Amphisbaena_sanctaeritae,1
Amphisbaena_saxosa,1
Amphisbaena_schmidti,1
Amphisbaena_silvestrii,1
Amphisbaena_slateri,1
Amphisbaena_slevini,1
Amphisbaena_spurrelli,1
Amphisbaena_steindachneri,1
Amphisbaena_stejnegeri,1
Amphisbaena_supernumeraria,1
Amphisbaena_talisiae,1
Amphisbaena_trachura,1
Amphisbaena_tragorrhectes,1
Amphisbaena_uroxena,1
Amphisbaena_vanzolinii,1
Amphisbaena_vermicularis,1
Amphisbaena_xera,1
Amphispiza_bilineata,1
Amphispiza_quinquestriata,2
Amphiuma_means,2
Amphiuma_tridactylum,2
Amplorhinus_multimaculatus,2
Amytornis_ballarae,2
Amytornis_barbatus,2
Amytornis_dorotheae,2
Amytornis_goyderi,2
Amytornis_housei,2
Amytornis_merrotsyi,2
Amytornis_modestus,2
Amytornis_purnelli,2
Amytornis_striatus,2
Amytornis_textilis,2
Amytornis_woodwardi,2
Anabacerthia_amaurotis,2
Anabacerthia_lichtensteini,2
Anabacerthia_ruficaudata,2
Anabacerthia_striaticollis,2
Anabacerthia_variegaticeps,2
Anabathmis_hartlaubii,1
Anabathmis_newtonii,1
Anabathmis_reichenbachii,1
Anabazenops_dorsalis,3
Anabazenops_fuscus,3
Anadia_altaserrania,2
Anadia_bitaeniata,2
Anadia_blakei,2
Anadia_bogotensis,2
Anadia_brevifrontalis,2
Anadia_bumanguesa,2
Anadia_escalerae,2
Anadia_hobarti,2
Anadia_marmorata,2
Anadia_ocellata,2
Anadia_pamplonensis,2
Anadia_pariaensis,2
Anadia_petersi,2
Anadia_pulchella,2
Anadia_rhombifera,2
Anadia_steyeri,2
Anadia_vittata,2
Anairetes_alpinus,1
Anairetes_fernandezianus,1
Anairetes_flavirostris,1
Anairetes_nigrocristatus,1
Anairetes_parulus,1
Anairetes_reguloides,1
Anaplectes_jubaensis,2
Anaplectes_leuconotos,2
Anaplectes_rubriceps,2
Anarhynchus_frontalis,3
Anas_acuta,4
Anas_albogularis,4
Anas_andium,4
Anas_bahamensis,4
Anas_bernieri,4
Anas_capensis,4
Anas_castanea,4
Anas_chlorotis,4
Anas_crecca,4
Anas_erythrorhyncha,4
Anas_flavirostris,4
Anas_fulvigula,4
Anas_georgica,4
Anas_gibberifrons,4
Anas_gracilis,4
Anas_laysanensis,4
Anas_luzonica,4
Anas_melleri,4
Anas_platyrhynchos,4
Anas_poecilorhyncha,4
Anas_rubripes,4
Anas_sparsa,4
Anas_superciliosa,4
Anas_undulata,4
Anas_wyvilliana,4
Anas_zonorhyncha,4
Anastomus_lamelligerus,4
Anastomus_oscitans,4
Anathana_ellioti,2
Anatololacerta_anatolica,1
Anatololacerta_danfordi,1
Anatololacerta_pelasgiana,1
Anaxyrus_americanus,3
Anaxyrus_boreas,3
Anaxyrus_californicus,3
Anaxyrus_canorus,3
Anaxyrus_cognatus,3
Anaxyrus_compactilis,3
Anaxyrus_debilis,3
Anaxyrus_exsul,3
Anaxyrus_fowleri,3
Anaxyrus_hemiophrys,3
Anaxyrus_houstonensis,3
Anaxyrus_kelloggi,3
Anaxyrus_mexicanus,3
Anaxyrus_microscaphus,3
Anaxyrus_monfontanus,3
Anaxyrus_nelsoni,3
Anaxyrus_nevadensis,3
Anaxyrus_punctatus,3
Anaxyrus_quercicus,3
Anaxyrus_retiformis,3
Anaxyrus_speciosus,3
Anaxyrus_terrestris,3
Anaxyrus_williamsi,3
Anaxyrus_woodhousii,3
Ancistrops_strigilatus,2
Ancylocranium_barkeri,1
Ancylocranium_ionidesi,1
Ancylocranium_somalicum,1
Ancylodactylus_africanus,2
Ancylodactylus_alantika,2
Ancylodactylus_barbouri,2
Ancylodactylus_chyuluensis,2
Ancylodactylus_dickersonae,2
Ancylodactylus_dilepis,2
Ancylodactylus_elgonensis,2
Ancylodactylus_gigas,2
Ancylodactylus_kenyaensis,2
Ancylodactylus_kituiensis,2
Ancylodactylus_koehleri,2
Ancylodactylus_laikipiensis,2
Ancylodactylus_mathewsensis,2
Ancylodactylus_occidentalis,2
Ancylodactylus_petrodroma,2
Ancylodactylus_quattuorseriatus,2
Ancylodactylus_spawlsi,2
Ancylodactylus_spinicollis,2
Ancylodactylus_uzungwae,2
Andalgalomys_olrogi,1
Andalgalomys_pearsoni,1
Andigena_cucullata,4
Andigena_hypoglauca,4
Andigena_laminirostris,4
Andigena_nigrirostris,4
Andinobates_altobueyensis,1
Andinobates_bombetes,1
Andinobates_claudiae,1
Andinobates_daleswansoni,1
Andinobates_dorisswansonae,1
Andinobates_fulguritus,1
Andinobates_geminisae,1
Andinobates_minutus,1
Andinobates_opisthomelas,1
Andinobates_supata,1
Andinobates_tolimensis,1
Andinobates_victimatus,1
Andinobates_virolinensis,1
Andinomys_edax,1
Andinosaura_afrania,1
Andinosaura_aurea,1
Andinosaura_crypta,1
Andinosaura_hyposticta,1
Andinosaura_kiziriani,1
Andinosaura_laevis,1
Andinosaura_oculata,1
Andinosaura_petrorum,1
Andinosaura_stellae,1
Andinosaura_vespertina,1
Andinosaura_vieta,1
Androdon_aequatorialis,1
Andropadus_importunus,3
Androphobus_viridis,3
Aneides_aeneus,2
Aneides_caryaensis,2
Aneides_ferreus,2
Aneides_flavipunctatus,2
Aneides_hardii,2
Aneides_iecanus,2
Aneides_klamathensis,2
Aneides_lugubris,2
Aneides_niger,2
Aneides_vagrans,2
Anelytropsis_papillosus,1
Anepischetosia_maccoyi,1
Anguiculus_rappii,1
Anguis_cephallonica,2
Anguis_fragilis,2
Anguis_graeca,2
Anguis_veronensis,2
Anhima_cornuta,4
Anhinga_anhinga,4
Anhinga_melanogaster,4
Anhinga_novaehollandiae,4
Anhinga_rufa,4
Anhydrophryne_hewitti,1
Anhydrophryne_ngongoniensis,1
Anhydrophryne_rattrayi,1
Anilany_helenae,1
Anilios_affinis,1
Anilios_ammodytes,1
Anilios_aspina,1
Anilios_australis,1
Anilios_batillus,1
Anilios_bicolor,1
Anilios_bituberculatus,1
Anilios_broomi,1
Anilios_centralis,1
Anilios_chamodracaena,1
Anilios_diversus,1
Anilios_endoterus,1
Anilios_erycinus,1
Anilios_fossor,1
Anilios_ganei,1
Anilios_grypus,1
Anilios_guentheri,1
Anilios_hamatus,1
Anilios_howi,1
Anilios_insperatus,1
Anilios_kimberleyensis,1
Anilios_leptosoma,1
Anilios_leucoproctus,1
Anilios_ligatus,1
Anilios_longissimus,1
Anilios_margaretae,1
Anilios_micromma,1
Anilios_minimus,1
Anilios_nema,1
Anilios_nigrescens,1
Anilios_pilbarensis,1
Anilios_pinguis,1
Anilios_proximus,1
Anilios_robertsi,1
Anilios_silvia,1
Anilios_splendidus,1
Anilios_torresianus,1
Anilios_tovelli,1
Anilios_troglodytes,1
Anilios_unguirostris,1
Anilios_waitii,1
Anilios_wiedii,1
Anilios_yampiensis,1
Anilios_yirrikalae,1
Anilios_zonula,1
Anilius_scytale,3
Anisognathus_flavinucha,3
Anisognathus_igniventris,2
Anisognathus_lacrymosus,2
Anisognathus_lunulatus,2
Anisognathus_melanogenys,2
Anisognathus_notabilis,2
Anisognathus_somptuosus,2
Anisomys_imitator,1
Anniella_geronimensis,1
Anniella_pulchra,1
Anodonthyla_boulengerii,1
Anodonthyla_emilei,1
Anodonthyla_eximia,2
Anodonthyla_hutchisoni,1
Anodonthyla_jeanbai,1
Anodonthyla_montana,1
Anodonthyla_moramora,1
Anodonthyla_nigrigularis,1
Anodonthyla_pollicaris,1
Anodonthyla_rouxae,1
Anodonthyla_theoi,1
Anodonthyla_vallani,1
Anodorhynchus_glaucus,4
Anodorhynchus_hyacinthinus,4
Anodorhynchus_leari,4
Anolis_acutus,2
Anolis_adleri,2
Anolis_aeneus,2
Anolis_aequatorialis,2
Anolis_agassizi,2
Anolis_agueroi,2
Anolis_ahli,2
Anolis_alayoni,2
Anolis_alfaroi,2
Anolis_aliniger,2
Anolis_allisoni,2
Anolis_allogus,2
Anolis_altae,2
Anolis_altavelensis,2
Anolis_altitudinalis,2
Anolis_alumina,2
Anolis_alutaceus,2
Anolis_alvarezdeltoroi,2
Anolis_amplisquamosus,2
Anolis_anatoloros,2
Anolis_anchicayae,2
Anolis_anfiloquioi,2
Anolis_angusticeps,2
Anolis_anisolepis,2
Anolis_annectens,2
Anolis_anoriensis,2
Anolis_antioquiae,2
Anolis_antonii,2
Anolis_apletophallus,2
Anolis_apollinaris,2
Anolis_aquaticus,2
Anolis_argenteolus,2
Anolis_argillaceus,2
Anolis_armouri,2
Anolis_auratus,1
Anolis_bahorucoensis,2
Anolis_baleatus,2
Anolis_baracoae,3
Anolis_barahonae,2
Anolis_barbatus,3
Anolis_barbouri,2
Anolis_barkeri,2
Anolis_bartschi,2
Anolis_beckeri,2
Anolis_bellipeniculus,2
Anolis_benedikti,2
Anolis_bicaorum,2
Anolis_bimaculatus,1
Anolis_binotatus,2
Anolis_biporcatus,1
Anolis_birama,2
Anolis_bitectus,2
Anolis_blanquillanus,2
Anolis_boettgeri,2
Anolis_bombiceps,2
Anolis_bonairensis,2
Anolis_boulengerianus,2
Anolis_brasiliensis,2
Anolis_breedlovei,2
Anolis_bremeri,2
Anolis_breslini,2
Anolis_brevirostris,2
Anolis_brunneus,2
Anolis_calimae,2
Anolis_callainus,2
Anolis_campbelli,2
Anolis_capito,1
Anolis_caquetae,2
Anolis_carlostoddi,2
Anolis_carolinensis,2
Anolis_carpenteri,2
Anolis_casildae,2
Anolis_caudalis,2
Anolis_centralis,2
Anolis_chamaeleonides,3
Anolis_charlesmyersi,2
Anolis_chloris,2
Anolis_chlorocyanus,2
Anolis_christophei,2
Anolis_chrysolepis,1
Anolis_chrysops,2
Anolis_clivicola,2
Anolis_cobanensis,2
Anolis_compressicauda,2
Anolis_concolor,2
Anolis_confusus,2
Anolis_conspersus,2
Anolis_cooki,1
Anolis_crassulus,2
Anolis_cristatellus,1
Anolis_cristifer,2
Anolis_cryptolimifrons,2
Anolis_cupeyalensis,2
Anolis_cupreus,2
Anolis_cuprinus,2
Anolis_cuscoensis,2
Anolis_cusuco,2
Anolis_cuvieri,3
Anolis_cyanopleurus,2
Anolis_cybotes,1
Anolis_cymbops,2
Anolis_danieli,2
Anolis_darlingtoni,1
Anolis_datzorum,2
Anolis_delafuentei,2
Anolis_deltae,2
Anolis_desechensis,2
Anolis_desiradei,2
Anolis_dissimilis,2
Anolis_distichus,1
Anolis_dolichocephalus,2
Anolis_dollfusianus,2
Anolis_duellmani,2
Anolis_dunni,2
Anolis_equestris,3
Anolis_ernestwilliamsi,1
Anolis_etheridgei,2
Anolis_eugenegrahami,2
Anolis_eulaemus,2
Anolis_euskalerriari,2
Anolis_evermanni,1
Anolis_extremus,2
Anolis_fairchildi,2
Anolis_fasciatus,2
Anolis_ferreus,1
Anolis_festae,2
Anolis_fitchi,2
Anolis_forbesi,2
Anolis_fortunensis,2
Anolis_fowleri,2
Anolis_fraseri,2
Anolis_frenatus,1
Anolis_fugitivus,2
Anolis_fungosus,2
Anolis_fuscoauratus,1
Anolis_gadovii,2
Anolis_gaigei,2
Anolis_garmani,3
Anolis_garridoi,2
Anolis_gemmosus,2
Anolis_gingivinus,1
Anolis_gorgonae,2
Anolis_gracilipes,2
Anolis_grahami,1
Anolis_granuliceps,2
Anolis_griseus,1
Anolis_gruuo,2
Anolis_guafe,2
Anolis_guamuhaya,2
Anolis_guazuma,2
Anolis_gundlachi,2
Anolis_haguei,2
Anolis_hendersoni,2
Anolis_heterodermus,1
Anolis_heteropholidotus,2
Anolis_hobartsmithi,2
Anolis_homolechis,2
Anolis_huilae,2
Anolis_humilis,1
Anolis_ibague,2
Anolis_ibanezi,2
Anolis_imias,2
Anolis_incredulus,2
Anolis_inderenae,2
Anolis_inexpectatus,2
Anolis_insignis,1
Anolis_insolitus,2
Anolis_isolepis,2
Anolis_jacare,2
Anolis_johnmeyeri,2
Anolis_juangundlachi,2
Anolis_jubar,2
Anolis_kahouannensis,2
Anolis_kemptoni,2
Anolis_koopmani,2
Anolis_kreutzi,2
Anolis_krugi,1
Anolis_kunayalae,2
Anolis_laevis,2
Anolis_laeviventris,2
Anolis_lamari,2
Anolis_latifrons,1
Anolis_leachii,3
Anolis_lemniscatus,2
Anolis_lemurinus,2
Anolis_limifrons,1
Anolis_lineatopus,2
Anolis_lineatus,2
Anolis_liogaster,2
Anolis_lionotus,1
Anolis_litoralis,2
Anolis_lividus,2
Anolis_longiceps,1
Anolis_longitibialis,2
Anolis_loveridgei,2
Anolis_loysiana,1
Anolis_luciae,2
Anolis_lucius,2
Anolis_luteogularis,3
Anolis_luteosignifer,2
Anolis_lynchi,2
Anolis_lyra,2
Anolis_macilentus,2
Anolis_macrinii,2
Anolis_macrolepis,2
Anolis_macrophallus,2
Anolis_maculigula,2
Anolis_maculiventris,2
Anolis_magnaphallus,2
Anolis_marcanoi,2
Anolis_mariarum,2
Anolis_marmoratus,1
Anolis_marron,2
Anolis_matudai,2
Anolis_maynardi,2
Anolis_medemi,2
Anolis_megalopithecus,2
Anolis_megapholidotus,2
Anolis_menta,2
Anolis_meridionalis,2
Anolis_mestrei,2
Anolis_microlepidotus,2
Anolis_microtus,2
Anolis_milleri,2
Anolis_mirus,2
Anolis_monensis,1
Anolis_monteverde,2
Anolis_monticola,2
Anolis_morazani,2
Anolis_muralla,2
Anolis_nasofrontalis,2
Anolis_naufragus,2
Anolis_neblininus,2
Anolis_nebuloides,2
Anolis_nebulosus,2
Anolis_nelsoni,2
Anolis_nicefori,2
Anolis_nigrolineatus,2
Anolis_noblei,3
Anolis_notopholis,2
Anolis_nubilus,2
Anolis_occultus,1
Anolis_ocelloscapularis,2
Anolis_oculatus,1
Anolis_olssoni,2
Anolis_omiltemanus,2
Anolis_onca,2
Anolis_opalinus,1
Anolis_ophiolepis,2
Anolis_oporinus,2
Anolis_orcesi,2
Anolis_ortonii,2
Anolis_osa,2
Anolis_otongae,2
Anolis_oxylophus,1
Anolis_pachypus,2
Anolis_paravertebralis,2
Anolis_parilis,2
Anolis_parvicirculatus,2
Anolis_paternus,1
Anolis_pentaprion,2
Anolis_peraccae,2
Anolis_petersii,2
Anolis_philopunctatus,2
Anolis_phyllorhinus,2
Anolis_pigmaequestris,2
Anolis_pijolensis,2
Anolis_pinchoti,2
Anolis_placidus,2
Anolis_planiceps,2
Anolis_podocarpus,2
Anolis_poecilopus,2
Anolis_poei,2
Anolis_pogus,1
Anolis_polylepis,2
Anolis_poncensis,2
Anolis_porcatus,2
Anolis_porcus,2
Anolis_princeps,2
Anolis_proboscis,2
Anolis_propinquus,2
Anolis_pseudokemptoni,2
Anolis_pseudopachypus,2
Anolis_pseudotigrinus,2
Anolis_pulchellus,1
Anolis_pumilus,1
Anolis_punctatus,1
Anolis_purpurescens,2
Anolis_purpurgularis,2
Anolis_pygmaeus,1
Anolis_quadriocellifer,2
Anolis_quaggulus,2
Anolis_quercorum,2
Anolis_reconditus,2
Anolis_rejectus,2
Anolis_richardii,1
Anolis_ricordii,3
Anolis_rimarum,2
Anolis_rivalis,2
Anolis_roatanensis,2
Anolis_rodriguezii,2
Anolis_roquet,2
Anolis_rubiginosus,2
Anolis_rubribarbaris,2
Anolis_rubribarbus,2
Anolis_ruibali,2
Anolis_ruizii,2
Anolis_rupinae,2
Anolis_sabanus,2
Anolis_sagrei,2
Anolis_salvini,2
Anolis_santamartae,2
Anolis_saxatilis,2
Anolis_scapularis,2
Anolis_schiedii,2
Anolis_schmidti,2
Anolis_schwartzi,1
Anolis_scriptus,1
Anolis_scypheus,2
Anolis_semilineatus,1
Anolis_sericeus,2
Anolis_serranoi,2
Anolis_sheplani,2
Anolis_shrevei,2
Anolis_sierramaestrae,2
Anolis_simmonsi,2
Anolis_singularis,2
Anolis_smallwoodi,3
Anolis_smaragdinus,2
Anolis_sminthus,1
Anolis_soinii,2
Anolis_solitarius,2
Anolis_spectrum,2
Anolis_squamulatus,2
Anolis_strahmi,2
Anolis_stratulus,1
Anolis_subocularis,2
Anolis_sulcifrons,2
Anolis_tandai,2
Anolis_taylori,2
Anolis_tenorioensis,2
Anolis_terraealtae,2
Anolis_terueli,2
Anolis_tetarii,2
Anolis_tigrinus,2
Anolis_toldo,2
Anolis_tolimensis,2
Anolis_townsendi,2
Anolis_trachyderma,2
Anolis_transversalis,1
Anolis_trinitatis,1
Anolis_tropidogaster,2
Anolis_tropidolepis,2
Anolis_tropidonotus,2
Anolis_umbrivagus,2
Anolis_uniformis,2
Anolis_unilobatus,2
Anolis_utilensis,2
Anolis_valencienni,2
Anolis_vanidicus,2
Anolis_vanzolinii,2
Anolis_vaupesianus,2
Anolis_ventrimaculatus,2
Anolis_vermiculatus,2
Anolis_vescus,2
Anolis_vicarius,2
Anolis_villai,2
Anolis_vittigerus,2
Anolis_wampuensis,2
Anolis_wattsi,2
Anolis_websteri,2
Anolis_wellbornae,2
Anolis_wermuthi,2
Anolis_williamsmittermeierorum,2
Anolis_woodi,2
Anolis_yoroensis,2
Anolis_zeus,2
Anomalepis_aspinosus,1
Anomalepis_colombia,1
Anomalepis_flavapices,1
Anomalepis_mexicana,1
Anomaloglossus_apiau,1
Anomaloglossus_ayarzaguenai,1
Anomaloglossus_baeobatrachus,1
Anomaloglossus_beebei,1
Anomaloglossus_blanci,1
Anomaloglossus_breweri,1
Anomaloglossus_degranvillei,1
Anomaloglossus_dewynteri,1
Anomaloglossus_guanayensis,1
Anomaloglossus_kaiei,1
Anomaloglossus_leopardus,1
Anomaloglossus_megacephalus,1
Anomaloglossus_moffetti,1
Anomaloglossus_murisipanensis,1
Anomaloglossus_parimae,1
Anomaloglossus_parkerae,1
Anomaloglossus_praderioi,1
Anomaloglossus_roraima,1
Anomaloglossus_rufulus,1
Anomaloglossus_shrevei,1
Anomaloglossus_stepheni,1
Anomaloglossus_surinamensis,1
Anomaloglossus_tamacuarensis,1
Anomaloglossus_tepuyensis,1
Anomaloglossus_triunfo,1
Anomaloglossus_verbeeksnyderorum,1
Anomaloglossus_wothuja,1
Anomalopus_leuckartii,1
Anomalopus_mackayi,1
Anomalopus_swansoni,1
Anomalopus_verreauxii,1
Anomalospiza_imberbis,2
Anomalurus_beecrofti,3
Anomalurus_derbianus,3
Anomalurus_pelii,3
Anomalurus_pusillus,3
Anomochilus_leonardi,2
Anomochilus_monticola,2
Anomochilus_weberi,2
Anonymomys_mindorensis,1
Anopetia_gounellei,1
Anoplohydrus_aemulans,2
Anorrhinus_austeni,4
Anorrhinus_galeritus,4
Anorrhinus_tickelli,4
Anotomys_leander,1
Anotosaura_collaris,1
Anotosaura_vanzolinia,1
Anoura_aequatoris,2
Anoura_cadenai,2
Anoura_caudifer,2
Anoura_cultrata,2
Anoura_fistulata,2
Anoura_geoffroyi,2
Anoura_latidens,2
Anoura_luismanueli,2
Anoura_peruana,2
Anourosorex_assamensis,1
Anourosorex_schmidi,1
Anourosorex_squamipes,1
Anourosorex_yamashinai,1
Anser_albifrons,4
Anser_anser,4
Anser_brachyrhynchus,4
Anser_caerulescens,4
Anser_canagicus,4
Anser_cygnoid,4
Anser_erythropus,4
Anser_fabalis,4
Anser_indicus,4
Anseranas_semipalmata,4
Ansonia_albomaculata,2
Ansonia_echinata,2
Ansonia_endauensis,2
Ansonia_fuliginea,2
Ansonia_glandulosa,2
Ansonia_guibei,2
Ansonia_hanitschi,2
Ansonia_inthanon,2
Ansonia_jeetsukumarani,2
Ansonia_khaochangensis,2
Ansonia_kraensis,2
Ansonia_kyaiktiyoensis,2
Ansonia_latidisca,2
Ansonia_latiffi,2
Ansonia_latirostra,2
Ansonia_leptopus,2
Ansonia_longidigita,2
Ansonia_lumut,2
Ansonia_malayana,2
Ansonia_mcgregori,2
Ansonia_minuta,2
Ansonia_muelleri,2
Ansonia_penangensis,2
Ansonia_phuketensis,2
Ansonia_pilokensis,2
Ansonia_platysoma,2
Ansonia_siamensis,2
Ansonia_smeagol,2
Ansonia_spinulifer,2
Ansonia_teneritas,2
Ansonia_thinthinae,2
Ansonia_tiomanica,2
Ansonia_torrentis,2
Ansonia_vidua,2
Anstisia_alba,1
Anstisia_lutea,1
Anstisia_rosea,1
Anstisia_vitellina,1
Antaioserpens_albiceps,2
Antaioserpens_warro,2
Antaresia_childreni,4
Antaresia_maculosa,4
Antaresia_perthensis,3
Antaresia_stimsoni,4
Antechinomys_laniger,1
Antechinus_adustus,1
Antechinus_agilis,1
Antechinus_bellus,1
Antechinus_flavipes,1
Antechinus_godmani,1
Antechinus_leo,1
Antechinus_minimus,1
Antechinus_stuartii,1
Antechinus_subtropicus,1
Antechinus_swainsonii,1
Anthipes_monileger,1
Anthipes_solitaris,1
Anthobaphes_violacea,1
Anthocephala_berlepschi,1
Anthocephala_floriceps,1
Anthochaera_carunculata,4
Anthochaera_chrysoptera,3
Anthochaera_lunulata,3
Anthochaera_paradoxa,4
Anthochaera_phrygia,3
Anthops_ornatus,2
Anthornis_melanura,2
Anthoscopus_caroli,1
Anthoscopus_flavifrons,1
Anthoscopus_minutus,1
Anthoscopus_musculus,1
Anthoscopus_parvulus,1
Anthoscopus_punctifrons,1
Anthoscopus_sylviella,1
Anthracoceros_albirostris,4
Anthracoceros_coronatus,4
Anthracoceros_malayanus,4
Anthracoceros_marchei,4
Anthracoceros_montani,4
Anthracothorax_aurulentus,1
Anthracothorax_dominicus,1
Anthracothorax_mango,1
Anthracothorax_nigricollis,1
Anthracothorax_prevostii,1
Anthracothorax_veraguensis,1
Anthracothorax_viridigula,1
Anthracothorax_viridis,1
Anthreptes_anchietae,1
Anthreptes_aurantius,1
Anthreptes_gabonicus,1
Anthreptes_griseigularis,1
Anthreptes_longuemarei,1
Anthreptes_malacensis,1
Anthreptes_neglectus,1
Anthreptes_orientalis,1
Anthreptes_rectirostris,1
Anthreptes_reichenowi,1
Anthreptes_rhodolaemus,1
Anthreptes_rubritorques,1
Anthreptes_seimundi,1
Anthreptes_simplex,1
Anthreptes_tephrolaemus,1
Anthropoides_paradiseus,4
Anthropoides_virgo,4
Anthus_berthelotii,2
Anthus_bogotensis,2
Anthus_brachyurus,2
Anthus_caffer,2
Anthus_campestris,2
Anthus_cervinus,2
Anthus_chacoensis,2
Anthus_cinnamomeus,2
Anthus_correndera,2
Anthus_crenatus,2
Anthus_furcatus,2
Anthus_godlewskii,2
Anthus_gustavi,2
Anthus_gutturalis,2
Anthus_hellmayri,2
Anthus_hodgsoni,2
Anthus_hoeschi,2
Anthus_leucophrys,2
Anthus_lineiventris,2
Anthus_lutescens,2
Anthus_melindae,2
Anthus_nattereri,2
Anthus_nilghiriensis,2
Anthus_novaeseelandiae,2
Anthus_nyassae,2
Anthus_pallidiventris,2
Anthus_peruvianus,2
Anthus_petrosus,2
Anthus_pratensis,2
Anthus_richardi,2
Anthus_roseatus,2
Anthus_rubescens,2
Anthus_rufulus,2
Anthus_similis,2
Anthus_sokokensis,2
Anthus_spinoletta,2
Anthus_spragueii,2
Anthus_sylvanus,2
Anthus_trivialis,2
Anthus_vaalensis,2
Antidorcas_marsupialis,4
Antigone_antigone,4
Antigone_canadensis,4
Antigone_rubicunda,4
Antigone_vipio,4
Antillotyphlops_annae,1
Antillotyphlops_catapontus,1
Antillotyphlops_dominicanus,1
Antillotyphlops_geotomus,1
Antillotyphlops_granti,1
Antillotyphlops_guadeloupensis,1
Antillotyphlops_hypomethes,1
Antillotyphlops_monastus,1
Antillotyphlops_monensis,1
Antillotyphlops_naugus,1
Antillotyphlops_platycephalus,1
Antillotyphlops_richardii,1
Antilocapra_americana,4
Antilope_cervicapra,4
Antilophia_bokermanni,2
Antilophia_galeata,2
Antrostomus_arizonae,3
Antrostomus_badius,3
Antrostomus_carolinensis,3
Antrostomus_cubanensis,3
Antrostomus_ekmani,3
Antrostomus_noctitherus,3
Antrostomus_ridgwayi,3
Antrostomus_rufus,3
Antrostomus_salvini,3
Antrostomus_saturatus,3
Antrostomus_sericocaudatus,3
Antrostomus_vociferus,3
Antrozous_pallidus,3
Anumara_forbesi,2
Anumbius_annumbi,3
Anurophasis_monorthonyx,4
Aonyx_capensis,4
Aonyx_cinereus,4
Aonyx_congicus,4
Aotus_azarae,3
Aotus_brumbacki,3
Aotus_griseimembra,3
Aotus_jorgehernandezi,3
Aotus_lemurinus,3
Aotus_miconax,3
Aotus_nancymaae,3
Aotus_nigriceps,3
Aotus_trivirgatus,3
Aotus_vociferans,3
Aotus_zonalis,3
Apalharpactes_mackloti,3
Apalharpactes_reinwardtii,3
Apalis_alticola,1
Apalis_argentea,1
Apalis_bamendae,1
Apalis_binotata,1
Apalis_chapini,1
Apalis_chariessa,1
Apalis_chirindensis,1
Apalis_cinerea,1
Apalis_flavida,1
Apalis_flavigularis,1
Apalis_flavocincta,1
Apalis_fuscigularis,1
Apalis_goslingi,1
Apalis_jacksoni,1
Apalis_kaboboensis,1
Apalis_karamojae,1
Apalis_lynesi,1
Apalis_melanocephala,1
Apalis_nigriceps,1
Apalis_personata,1
Apalis_porphyrolaema,1
Apalis_ruddi,1
Apalis_rufogularis,1
Apalis_sharpii,1
Apalis_thoracica,1
Apaloderma_aequatoriale,3
Apaloderma_narina,3
Apaloderma_vittatum,3
Apalone_ferox,4
Apalone_mutica,4
Apalone_spinifera,4
Aparallactus_capensis,1
Aparallactus_guentheri,1
Aparallactus_jacksonii,1
Aparallactus_lineatus,1
Aparallactus_lunulatus,1
Aparallactus_modestus,1
Aparallactus_moeruensis,1
Aparallactus_niger,1
Aparallactus_nigriceps,1
Aparallactus_turneri,1
Aparallactus_werneri,1
Apathya_cappadocica,1
Apathya_yassujica,1
Aphaniotis_acutirostris,1
Aphaniotis_fusca,1
Aphaniotis_ornata,1
Aphanotriccus_audax,1
Aphanotriccus_capitalis,1
Aphantochroa_cirrochloris,1
Aphantophryne_minuta,1
Aphantophryne_nana,1
Aphantophryne_pansa,1
Aphantophryne_parkeri,1
Aphantophryne_sabini,1
Aphelocephala_leucopsis,2
Aphelocephala_nigricincta,2
Aphelocephala_pectoralis,2
Aphelocoma_californica,3
Aphelocoma_coerulescens,3
Aphelocoma_ultramarina,3
Aphelocoma_unicolor,3
Aphelocoma_wollweberi,3
Aphrastura_spinicauda,2
Aphrodroma_brevirostris,4
Aplastodiscus_albofrenatus,2
Aplastodiscus_albosignatus,2
Aplastodiscus_arildae,2
Aplastodiscus_cavicola,2
Aplastodiscus_cochranae,2
Aplastodiscus_ehrhardti,2
Aplastodiscus_eugenioi,2
Aplastodiscus_flumineus,2
Aplastodiscus_ibirapitanga,2
Aplastodiscus_leucopygius,2
Aplastodiscus_lutzorum,2
Aplastodiscus_musicus,2
Aplastodiscus_perviridis,2
Aplastodiscus_sibilatus,2
Aplastodiscus_weygoldti,2
Aplodontia_rufa,3
Aplonis_brunneicapillus,3
Aplonis_cantoroides,3
Aplonis_crassa,3
Aplonis_dichroa,3
Aplonis_feadensis,3
Aplonis_grandis,3
Aplonis_insularis,3
Aplonis_magna,3
Aplonis_metallica,3
Aplonis_minor,3
Aplonis_mysolensis,3
Aplonis_mystacea,3
Aplonis_opaca,3
Aplonis_panayensis,3
Aplonis_santovestris,3
Aplonis_striata,3
Aplonis_tabuensis,3
Aplonis_zelandica,3
Aplopelia_larvata,4
Aplopeltura_boa,2
Apodemus_agrarius,1
Apodemus_alpicola,1
Apodemus_argenteus,1
Apodemus_avicennicus,1
Apodemus_chevrieri,1
Apodemus_draco,1
Apodemus_epimelas,1
Apodemus_flavicollis,1
Apodemus_gurkha,1
Apodemus_hyrcanicus,1
Apodemus_latronum,1
Apodemus_mystacinus,1
Apodemus_pallipes,1
Apodemus_peninsulae,1
Apodemus_ponticus,1
Apodemus_rusiges,1
Apodemus_semotus,1
Apodemus_speciosus,1
Apodemus_sylvaticus,1
Apodemus_uralensis,1
Apodemus_witherbyi,1
Apodora_papuana,4
Apographon_orestes,1
Apomys_abrae,1
Apomys_aurorae,1
Apomys_banahao,1
Apomys_brownorum,1
Apomys_camiguinensis,1
Apomys_datae,1
Apomys_gracilirostris,1
Apomys_hylocetes,1
Apomys_insignis,1
Apomys_iridensis,1
Apomys_littoralis,1
Apomys_lubangensis,1
Apomys_magnus,1
Apomys_microdon,1
Apomys_minganensis,1
Apomys_musculus,1
Apomys_sacobianus,1
Apomys_sierrae,1
Apomys_zambalensis,1
Apostolepis_albicollaris,1
Apostolepis_ambiniger,1
Apostolepis_ammodites,1
Apostolepis_arenaria,1
Apostolepis_assimilis,1
Apostolepis_borellii,1
Apostolepis_breviceps,1
Apostolepis_cearensis,1
Apostolepis_cerradoensis,1
Apostolepis_christineae,1
Apostolepis_dimidiata,1
Apostolepis_dorbignyi,1
Apostolepis_flavotorquata,1
Apostolepis_gaboi,1
Apostolepis_goiasensis,1
Apostolepis_intermedia,1
Apostolepis_lineata,1
Apostolepis_longicaudata,1
Apostolepis_multicincta,1
Apostolepis_nelsonjorgei,1
Apostolepis_niceforoi,1
Apostolepis_nigrolineatus,1
Apostolepis_nigroterminata,1
Apostolepis_phillipsae,1
Apostolepis_polylepis,1
Apostolepis_quirogai,1
Apostolepis_serrana,1
Apostolepis_striata,1
Apostolepis_tenuis,1
Apostolepis_tertulianobeui,1
Apostolepis_thalesdelemai,1
Apostolepis_vittata,1
Aprasia_aurita,1
Aprasia_clairae,1
Aprasia_haroldi,1
Aprasia_inaurita,1
Aprasia_litorea,1
Aprasia_parapulchella,1
Aprasia_picturata,1
Aprasia_pseudopulchella,1
Aprasia_pulchella,1
Aprasia_repens,1
Aprasia_rostrata,1
Aprasia_smithi,1
Aprasia_striolata,1
Aprasia_wicherina,1
Aprosdoketophis_andreonei,1
Aprositornis_disjuncta,2
Aprosmictus_erythropterus,4
Aprosmictus_jonquillaceus,4
Aproteles_bulmerae,4
Aptenodytes_patagonicus,4
Apteryx_australis,4
Apteryx_haastii,4
Apteryx_mantelli,4
Apteryx_owenii,4
Apteryx_rowi,4
Apus_acuticauda,3
Apus_affinis,2
Apus_alexandri,2
Apus_apus,3
Apus_balstoni,2
Apus_barbatus,3
Apus_batesi,2
Apus_berliozi,3
Apus_bradfieldi,2
Apus_caffer,2
Apus_horus,2
Apus_niansae,2
Apus_nipalensis,2
Apus_pacificus,3
Apus_pallidus,3
Apus_sladeniae,3
Apus_unicolor,2
Aquarana_catesbeianus,3
Aquarana_clamitans,3
Aquarana_grylio,3
Aquarana_heckscheri,3
Aquarana_okaloosae,3
Aquarana_septentrionalis,3
Aquarana_virgatipes,3
Aquila_adalberti,4
Aquila_africana,4
Aquila_audax,4
Aquila_chrysaetos,4
Aquila_fasciata,4
Aquila_gurneyi,4
Aquila_heliaca,4
Aquila_nipalensis,4
Aquila_rapax,4
Aquila_spilogaster,4
Aquila_verreauxii,4
Aquiloeurycea_cafetalera,2
Aquiloeurycea_cephalica,2
Aquiloeurycea_galeanae,2
Aquiloeurycea_quetzalanensis,2
Aquiloeurycea_scandens,2
Ara_ambiguus,4
Ara_ararauna,4
Ara_chloropterus,4
Ara_glaucogularis,4
Ara_macao,4
Ara_militaris,4
Ara_rubrogenys,4
Ara_severus,4
Arabitragus_jayakari,4
Arachnothera_affinis,2
Arachnothera_chrysogenys,2
Arachnothera_clarae,1
Arachnothera_crassirostris,2
Arachnothera_dilutior,1
Arachnothera_flammifera,2
Arachnothera_flavigaster,3
Arachnothera_hypogrammica,2
Arachnothera_juliae,1
Arachnothera_longirostra,1
Arachnothera_magna,3
Arachnothera_modesta,2
Arachnothera_robusta,3
Aramides_albiventris,4
Aramides_axillaris,4
Aramides_cajaneus,4
Aramides_calopterus,4
Aramides_mangle,4
Aramides_saracura,4
Aramides_wolfi,4
Aramides_ypecaha,4
Aramidopsis_plateni,4
Aramus_guarauna,4
Aratinga_auricapillus,4
Aratinga_jandaya,4
Aratinga_maculata,4
Aratinga_nenday,4
Aratinga_solstitialis,4
Aratinga_weddellii,3
Arborimus_albipes,1
Arborimus_longicaudus,1
Arborimus_pomo,1
Arborophila_ardens,4
Arborophila_atrogularis,4
Arborophila_brunneopectus,4
Arborophila_cambodiana,4
Arborophila_campbelli,4
Arborophila_charltonii,4
Arborophila_chloropus,4
Arborophila_crudigularis,4
Arborophila_davidi,4
Arborophila_gingica,4
Arborophila_graydoni,4
Arborophila_hyperythra,4
Arborophila_javanica,4
Arborophila_mandellii,4
Arborophila_orientalis,4
Arborophila_rolli,4
Arborophila_rubrirostris,4
Arborophila_rufipectus,4
Arborophila_rufogularis,4
Arborophila_sumatrana,4
Arborophila_tonkinensis,4
Arborophila_torqueola,4
Arcanator_orostruthus,2
Arcanumophis_problematicus,2
Archaeolacerta_bedriagae,2
Archaius_tigris,2
Archboldia_papuensis,4
Archboldomys_luzonensis,1
Archboldomys_maximus,1
Archelaphe_bella,2
Archilochus_alexandri,1
Archilochus_colubris,1
Arcovomer_passarellii,1
Arctictis_binturong,3
Arctocebus_aureus,2
Arctocebus_calabarensis,2
Arctogalidia_trivirgata,3
Arctonyx_albogularis,3
Arctonyx_collaris,3
Arctonyx_hoevenii,3
Ardea_alba,4
Ardea_brachyrhyncha,4
Ardea_cinerea,4
Ardea_cocoi,4
Ardea_goliath,4
Ardea_herodias,4
Ardea_humbloti,4
Ardea_insignis,4
Ardea_intermedia,4
Ardea_melanocephala,4
Ardea_pacifica,4
Ardea_plumifera,4
Ardea_purpurea,4
Ardea_sumatrana,4
Ardenna_bulleri,4
Ardenna_carneipes,4
Ardenna_creatopus,4
Ardenna_gravis,4
Ardenna_grisea,4
Ardenna_tenuirostris,4
Ardeola_bacchus,4
Ardeola_grayii,4
Ardeola_idae,4
Ardeola_ralloides,4
Ardeola_rufiventris,4
Ardeola_speciosa,4
Ardeotis_arabs,4
Ardeotis_australis,4
Ardeotis_kori,4
Ardeotis_nigriceps,4
Ardops_nichollsi,3
Arenaria_interpres,3
Arenaria_melanocephala,4
Arenophryne_rotunda,2
Arenophryne_xiphorhyncha,2
Argusianus_argus,4
Argya_altirostris,3
Argya_aylmeri,3
Argya_caudata,3
Argya_earlei,3
Argya_fulva,3
Argya_malcolmi,3
Argya_rubiginosa,3
Argya_squamiceps,3
Argya_subrufa,3
Argyrogena_fasciolata,2
Argyrophis_diardii,1
Argyrophis_giadinhensis,1
Argyrophis_hypsobothrius,1
Argyrophis_klemmeri,1
Argyrophis_koshunensis,1
Argyrophis_muelleri,1
Argyrophis_oatesii,1
Argyrophis_roxaneae,1
Argyrophis_siamensis,1
Argyrophis_trangensis,1
Arielulus_aureocollaris,1
Arielulus_circumdatus,1
Arielulus_cuprosus,1
Arielulus_societatis,1
Arielulus_torquatus,1
Aristelliger_barbouri,2
Aristelliger_cochranae,2
Aristelliger_expectatus,2
Aristelliger_georgeensis,2
Aristelliger_hechti,2
Aristelliger_lar,2
Aristelliger_nelsoni,2
Aristelliger_praesignis,2
Aristelliger_reyesi,2
Ariteus_flavescens,3
Arizelocichla_chlorigula,2
Arizelocichla_fusciceps,2
Arizelocichla_masukuensis,2
Arizelocichla_milanjensis,2
Arizelocichla_montana,2
Arizelocichla_neumanni,2
Arizelocichla_nigriceps,2
Arizelocichla_striifacies,2
Arizelocichla_tephrolaema,2
Arizona_elegans,2
Arizona_pacata,2
Arlequinus_krebsi,1
Aromobates_cannatellai,2
Aromobates_capurinensis,2
Aromobates_duranti,2
Aromobates_ericksonae,2
Aromobates_mayorgai,2
Aromobates_meridensis,2
Aromobates_molinarii,2
Aromobates_ornatissimus,2
Aromobates_orostoma,2
Aromobates_saltuensis,2
Aromobates_tokuko,2
Aromobates_walterarpi,2
Aromobates_zippeli,2
Arremon_abeillei,2
Arremon_assimilis,2
Arremon_atricapillus,2
Arremon_aurantiirostris,2
Arremon_axillaris,2
Arremon_basilicus,2
Arremon_brunneinucha,2
Arremon_castaneiceps,2
Arremon_costaricensis,2
Arremon_crassirostris,2
Arremon_dorbignii,2
Arremon_flavirostris,2
Arremon_franciscanus,2
Arremon_nigriceps,2
Arremon_perijanus,2
Arremon_phaeopleurus,2
Arremon_phygas,2
Arremon_schlegeli,2
Arremon_semitorquatus,2
Arremon_taciturnus,2
Arremon_torquatus,2
Arremon_virenticeps,2
Arremonops_chloronotus,2
Arremonops_conirostris,2
Arremonops_rufivirgatus,2
Arremonops_tocuyensis,2
Arrhyton_ainictum,1
Arrhyton_dolichura,1
Arrhyton_procerum,1
Arrhyton_redimitum,1
Arrhyton_supernum,1
Arrhyton_taeniatum,1
Arrhyton_tanyplectum,1
Arrhyton_vittatum,1
Arses_insularis,1
Arses_kaupi,1
Arses_lorealis,1
Arses_telescopthalmus,1
Artamella_viridis,2
Artamus_cinereus,3
Artamus_cyanopterus,3
Artamus_fuscus,3
Artamus_insignis,3
Artamus_leucoryn,3
Artamus_maximus,3
Artamus_mentalis,3
Artamus_minor,2
Artamus_monachus,2
Artamus_personatus,3
Artamus_superciliosus,3
Artemisiospiza_belli,2
Artemisiospiza_nevadensis,2
Arthroleptella_bicolor,1
Arthroleptella_drewesii,1
Arthroleptella_landdrosia,1
Arthroleptella_lightfooti,1
Arthroleptella_rugosa,1
Arthroleptella_subvoce,1
Arthroleptella_villiersi,1
Arthroleptides_dutoiti,2
Arthroleptides_martiensseni,2
Arthroleptides_yakusini,2
Arthroleptis_adelphus,1
Arthroleptis_adolfifriederici,1
Arthroleptis_affinis,1
Arthroleptis_anotis,1
Arthroleptis_aureoli,1
Arthroleptis_bioko,1
Arthroleptis_bivittatus,1
Arthroleptis_brevipes,1
Arthroleptis_carquejai,1
Arthroleptis_crusculum,1
Arthroleptis_fichika,1
Arthroleptis_formosus,1
Arthroleptis_francei,1
Arthroleptis_hematogaster,1
Arthroleptis_kidogo,1
Arthroleptis_krokosua,1
Arthroleptis_lameerei,1
Arthroleptis_langeri,1
Arthroleptis_loveridgei,1
Arthroleptis_mossoensis,1
Arthroleptis_nguruensis,1
Arthroleptis_nikeae,1
Arthroleptis_nimbaensis,1
Arthroleptis_nlonakoensis,1
Arthroleptis_palava,1
Arthroleptis_perreti,1
Arthroleptis_phrynoides,1
Arthroleptis_poecilonotus,1
Arthroleptis_pyrrhoscelis,1
Arthroleptis_reichei,1
Arthroleptis_schubotzi,1
Arthroleptis_spinalis,1
Arthroleptis_stenodactylus,1
Arthroleptis_stridens,1
Arthroleptis_sylvaticus,1
Arthroleptis_taeniatus,1
Arthroleptis_tanneri,1
Arthroleptis_troglodytes,1
Arthroleptis_tuberosus,1
Arthroleptis_variabilis,1
Arthroleptis_vercammeni,1
Arthroleptis_wageri,1
Arthroleptis_wahlbergii,1
Arthroleptis_xenochirus,1
Arthroleptis_xenodactyloides,1
Arthroleptis_xenodactylus,1
Arthroleptis_zimmeri,1
Arthrosaura_kockii,1
Arthrosaura_montigena,1
Arthrosaura_reticulata,1
Arthrosaura_synaptolepis,1
Arthrosaura_testigensis,1
Arthrosaura_tyleri,1
Arthrosaura_versteegii,1
Artibeus_aequatorialis,4
Artibeus_amplus,4
Artibeus_concolor,4
Artibeus_fimbriatus,4
Artibeus_fraterculus,4
Artibeus_hirsutus,4
Artibeus_inopinatus,4
Artibeus_jamaicensis,4
Artibeus_lituratus,4
Artibeus_obscurus,4
Artibeus_planirostris,4
Artibeus_schwartzi,4
Artisornis_metopias,1
Artisornis_moreaui,1
Artisornis_sousae,1
Arundinax_aedon,2
Arundinicola_leucocephala,1
Arvicanthis_abyssinicus,1
Arvicanthis_ansorgei,1
Arvicanthis_blicki,1
Arvicanthis_nairobae,1
Arvicanthis_neumanni,1
Arvicanthis_niloticus,1
Arvicanthis_rufinus,1
Arvicola_amphibius,1
Arvicola_sapidus,1
Arvicola_scherman,1
Asaccus_arnoldi,1
Asaccus_caudivolvulus,1
Asaccus_elisae,1
Asaccus_gallagheri,1
Asaccus_gardneri,1
Asaccus_griseonotus,1
Asaccus_kermanshahensis,1
Asaccus_kurdistanensis,1
Asaccus_margaritae,1
Asaccus_montanus,1
Asaccus_nasrullahi,1
Asaccus_platyrhynchus,1
Asarcornis_scutulata,4
Ascaphus_montanus,2
Ascaphus_truei,2
Asellia_italosomalica,2
Asellia_patrizii,2
Asellia_tridens,2
Aselliscus_stoliczkanus,1
Aselliscus_tricuspidatus,1
Asemospiza_fuliginosa,2
Asemospiza_obscura,2
Ashbyia_lovensis,2
Asio_abyssinicus,4
Asio_capensis,4
Asio_clamator,4
Asio_flammeus,4
Asio_madagascariensis,4
Asio_otus,4
Asio_stygius,4
Aspatha_gularis,3
Aspidelaps_lubricus,2
Aspidelaps_scutatus,2
Aspidites_melanocephalus,4
Aspidites_ramsayi,4
Aspidomorphus_lineaticollis,2
Aspidomorphus_muelleri,2
Aspidomorphus_schlegelii,2
Aspidoscelis_angusticeps,2
Aspidoscelis_bacatus,2
Aspidoscelis_burti,2
Aspidoscelis_calidipes,2
Aspidoscelis_canus,2
Aspidoscelis_carmenensis,2
Aspidoscelis_catalinensis,2
Aspidoscelis_celeripes,2
Aspidoscelis_ceralbensis,2
Aspidoscelis_communis,2
Aspidoscelis_costatus,2
Aspidoscelis_cozumela,2
Aspidoscelis_danheimae,2
Aspidoscelis_deppii,2
Aspidoscelis_espiritensis,2
Aspidoscelis_exsanguis,2
Aspidoscelis_flagellicauda,2
Aspidoscelis_franciscensis,2
Aspidoscelis_gularis,2
Aspidoscelis_guttatus,2
Aspidoscelis_hyperythrus,2
Aspidoscelis_inornatus,2
Aspidoscelis_labialis,2
Aspidoscelis_laredoensis,2
Aspidoscelis_lineattissimus,2
Aspidoscelis_martyris,2
Aspidoscelis_maslini,2
Aspidoscelis_mexicanus,2
Aspidoscelis_motaguae,2
Aspidoscelis_neomexicanus,2
Aspidoscelis_neotesselatus,2
Aspidoscelis_opatae,2
Aspidoscelis_parvisocius,2
Aspidoscelis_pictus,2
Aspidoscelis_rodecki,2
Aspidoscelis_sackii,2
Aspidoscelis_septemvittata,2
Aspidoscelis_sexlineata,2
Aspidoscelis_sonorae,2
Aspidoscelis_stictogrammus,2
Aspidoscelis_tesselatus,2
Aspidoscelis_tigris,2
Aspidoscelis_uniparens,2
Aspidoscelis_velox,2
Aspidoscelis_xanthonotus,2
Aspidura_brachyorrhos,1
Aspidura_ceylonensis,1
Aspidura_copei,1
Aspidura_deraniyagalae,1
Aspidura_desilvai,1
Aspidura_drummondhayi,1
Aspidura_guentheri,1
Aspidura_ravanai,1
Aspidura_trachyprocta,1
Aspronema_cochabambae,1
Aspronema_dorsivittatum,1
Assa_darlingtoni,1
Assa_wollumbin,1
Asterophrys_eurydactyla,2
Asterophrys_foja,2
Asterophrys_leucopus,2
Asterophrys_marani,2
Asterophrys_pullifer,2
Asterophrys_slateri,2
Asterophrys_turpicola,2
Asthenes_anthoides,2
Asthenes_arequipae,2
Asthenes_ayacuchensis,2
Asthenes_baeri,2
Asthenes_berlepschi,2
Asthenes_coryi,2
Asthenes_dorbignyi,2
Asthenes_flammulata,2
Asthenes_fuliginosa,2
Asthenes_griseomurina,2
Asthenes_harterti,2
Asthenes_helleri,2
Asthenes_heterura,2
Asthenes_huancavelicae,2
Asthenes_hudsoni,2
Asthenes_humilis,2
Asthenes_luizae,2
Asthenes_maculicauda,2
Asthenes_modesta,2
Asthenes_moreirae,2
Asthenes_ottonis,2
Asthenes_palpebralis,2
Asthenes_perijana,2
Asthenes_pudibunda,2
Asthenes_pyrrholeuca,2
Asthenes_urubambensis,2
Asthenes_usheri,2
Asthenes_vilcabambae,2
Asthenes_virgata,2
Asthenes_wyatti,2
Asthenodipsas_laevis,2
Asthenodipsas_malaccanus,2
Asthenodipsas_tropidonotus,2
Asthenodipsas_vertebralis,2
Astrapia_mayeri,4
Astrapia_nigra,4
Astrapia_rothschildi,4
Astrapia_splendidissima,4
Astrapia_stephaniae,4
Astrobatrachus_kurichiyana,2
Astrochelys_radiata,4
Astrochelys_yniphora,4
Astylosternus_batesi,1
Astylosternus_diadematus,1
Astylosternus_fallax,1
Astylosternus_laticephalus,1
Astylosternus_laurenti,1
Astylosternus_montanus,1
Astylosternus_nganhanus,1
Astylosternus_occidentalis,1
Astylosternus_perreti,1
Astylosternus_ranoides,1
Astylosternus_rheophilus,1
Astylosternus_schioetzi,1
Atalotriccus_pilaris,1
Atelerix_albiventris,3
Atelerix_algirus,3
Atelerix_frontalis,3
Atelerix_sclateri,3
Ateles_belzebuth,4
Ateles_chamek,4
Ateles_fusciceps,4
Ateles_geoffroyi,4
Ateles_hybridus,4
Ateles_marginatus,4
Ateles_paniscus,4
Atelocynus_microtis,4
Atelognathus_ceii,2
Atelognathus_nitoi,2
Atelognathus_patagonicus,2
Atelognathus_praebasalticus,2
Atelognathus_reverberii,2
Atelognathus_salai,2
Atelognathus_solitarius,2
Atelopus_andinus,2
Atelopus_arsyecue,2
Atelopus_balios,2
Atelopus_barbotini,2
Atelopus_bomolochos,2
Atelopus_calima,2
Atelopus_carauta,2
Atelopus_carrikeri,2
Atelopus_certus,2
Atelopus_chirripoensis,2
Atelopus_chrysocorallus,2
Atelopus_colomai,2
Atelopus_coynei,2
Atelopus_cruciger,2
Atelopus_dimorphus,2
Atelopus_elegans,2
Atelopus_epikeisthos,2
Atelopus_eusebianus,2
Atelopus_exiguus,2
Atelopus_famelicus,2
Atelopus_flavescens,2
Atelopus_franciscus,2
Atelopus_galactogaster,2
Atelopus_glyphus,2
Atelopus_guitarraensis,2
Atelopus_harlequin,2
Atelopus_histrionicus,2
Atelopus_hoogmoedi,2
Atelopus_ignescens,2
Atelopus_laetissimus,2
Atelopus_limosus,2
Atelopus_loettersi,2
Atelopus_longibrachius,2
Atelopus_longirostris,2
Atelopus_lozanoi,2
Atelopus_manauensis,2
Atelopus_mandingues,2
Atelopus_marinkellei,2
Atelopus_mindoensis,2
Atelopus_mittermeieri,2
Atelopus_mucubajiensis,2
Atelopus_muisca,2
Atelopus_nahumae,2
Atelopus_nanay,2
Atelopus_nepiozomus,2
Atelopus_nocturnus,2
Atelopus_oxapampae,2
Atelopus_palmatus,2
Atelopus_podocarpus,2
Atelopus_pulcher,2
Atelopus_pyrodactylus,2
Atelopus_reticulatus,2
Atelopus_sanjosei,2
Atelopus_seminiferus,2
Atelopus_sernai,2
Atelopus_simulatus,2
Atelopus_siranus,2
Atelopus_spumarius,2
Atelopus_spurrelli,2
Atelopus_tamaense,2
Atelopus_tricolor,2
Atelopus_varius,2
Atelopus_walkeri,2
Atelornis_crossleyi,3
Atelornis_pittoides,3
Ateuchosaurus_chinensis,1
Ateuchosaurus_pellopleurus,1
Athene_brama,3
Athene_cunicularia,4
Athene_noctua,4
Athene_superciliaris,4
Atheris_acuminata,3
Atheris_anisolepis,3
Atheris_barbouri,3
Atheris_broadleyi,3
Atheris_ceratophora,3
Atheris_chlorechis,3
Atheris_desaixi,3
Atheris_hirsuta,3
Atheris_hispida,3
Atheris_katangensis,3
Atheris_mabuensis,3
Atheris_matildae,3
Atheris_nitschei,3
Atheris_rungweensis,3
Atheris_squamigera,3
Atheris_subocularis,3
Atherurus_africanus,4
Atherurus_macrourus,4
Atilax_paludinosus,3
Atimastillas_flavicollis,2
Atimastillas_flavigula,2
Atlantihyla_melissa,2
Atlantihyla_panchoi,2
Atlantihyla_spinipollex,2
Atlantolacerta_andreanskyi,1
Atlantoxerus_getulus,2
Atlapetes_albiceps,2
Atlapetes_albinucha,2
Atlapetes_albofrenatus,2
Atlapetes_blancae,2
Atlapetes_canigenis,2
Atlapetes_citrinellus,2
Atlapetes_crassus,2
Atlapetes_flaviceps,2
Atlapetes_forbesi,2
Atlapetes_fulviceps,2
Atlapetes_fuscoolivaceus,2
Atlapetes_latinuchus,2
Atlapetes_leucopis,2
Atlapetes_leucopterus,2
Atlapetes_melanocephalus,2
Atlapetes_melanolaemus,2
Atlapetes_melanopsis,2
Atlapetes_meridae,2
Atlapetes_nationi,2
Atlapetes_nigrifrons,2
Atlapetes_pallidinucha,2
Atlapetes_paynteri,2
Atlapetes_personatus,2
Atlapetes_pileatus,2
Atlapetes_rufigenis,2
Atlapetes_rufinucha,2
Atlapetes_schistaceus,2
Atlapetes_seebohmi,2
Atlapetes_semirufus,2
Atlapetes_taczanowskii,2
Atlapetes_terborghi,2
Atlapetes_tricolor,2
Atopogale_cubana,2
Atopophrynus_syntomopus,2
Atractaspis_andersonii,2
Atractaspis_aterrima,2
Atractaspis_battersbyi,2
Atractaspis_bibronii,2
Atractaspis_boulengeri,2
Atractaspis_congica,2
Atractaspis_corpulenta,2
Atractaspis_dahomeyensis,2
Atractaspis_duerdeni,2
Atractaspis_engaddensis,2
Atractaspis_engdahli,2
Atractaspis_fallax,2
Atractaspis_irregularis,2
Atractaspis_leucomelas,2
Atractaspis_magrettii,2
Atractaspis_microlepidota,2
Atractaspis_micropholis,2
Atractaspis_phillipsi,2
Atractaspis_reticulata,2
Atractaspis_scorteccii,2
Atractaspis_watsoni,2
Atractus_albuquerquei,1
Atractus_alphonsehogei,1
Atractus_altagratiae,1
Atractus_apophis,1
Atractus_arangoi,1
Atractus_atratus,1
Atractus_attenuatus,1
Atractus_avernus,1
Atractus_ayeush,1
Atractus_badius,1
Atractus_balzani,1
Atractus_biseriatus,1
Atractus_bocki,1
Atractus_bocourti,1
Atractus_boettgeri,1
Atractus_boulengerii,1
Atractus_caete,1
Atractus_carrioni,1
Atractus_caxiuana,1
Atractus_charitoae,1
Atractus_chthonius,1
Atractus_clarki,1
Atractus_collaris,1
Atractus_crassicaudatus,1
Atractus_darienensis,1
Atractus_depressiocellus,1
Atractus_duboisi,1
Atractus_duidensis,1
Atractus_dunni,1
Atractus_echidna,1
Atractus_ecuadorensis,1
Atractus_edioi,1
Atractus_elaps,1
Atractus_emigdioi,1
Atractus_emmeli,1
Atractus_eriki,1
Atractus_erythromelas,1
Atractus_favae,1
Atractus_flammigerus,1
Atractus_franciscopaivai,1
Atractus_francoi,1
Atractus_gaigeae,1
Atractus_gigas,1
Atractus_guentheri,1
Atractus_heliobelluomini,1
Atractus_hoogmoedi,1
Atractus_hostilitractus,1
Atractus_imperfectus,1
Atractus_indistinctus,1
Atractus_insipidus,1
Atractus_iridescens,1
Atractus_lancinii,1
Atractus_lasallei,1
Atractus_latifrons,1
Atractus_lehmanni,1
Atractus_loveridgei,1
Atractus_macondo,1
Atractus_maculatus,1
Atractus_major,1
Atractus_manizalesensis,1
Atractus_mariselae,1
Atractus_matthewi,1
Atractus_medusa,1
Atractus_melanogaster,1
Atractus_melas,1
Atractus_meridensis,1
Atractus_micheleae,1
Atractus_microrhynchus,1
Atractus_mijaresi,1
Atractus_modestus,1
Atractus_multicinctus,1
Atractus_multidentatus,1
Atractus_nasutus,1
Atractus_natans,1
Atractus_nicefori,1
Atractus_nigricaudus,1
Atractus_nigriventris,1
Atractus_obesus,1
Atractus_obtusirostris,1
Atractus_occidentalis,1
Atractus_occipitoalbus,1
Atractus_ochrosetrus,1
Atractus_oculotemporalis,1
Atractus_orcesi,1
Atractus_paisa,1
Atractus_pamplonensis,1
Atractus_pantostictus,1
Atractus_paraguayensis,1
Atractus_paravertebralis,1
Atractus_paucidens,1
Atractus_pauciscutatus,1
Atractus_poeppigi,1
Atractus_potschi,1
Atractus_punctiventris,1
Atractus_resplendens,1
Atractus_reticulatus,1
Atractus_riveroi,1
Atractus_ronnie,1
Atractus_roulei,1
Atractus_sanctaemartae,1
Atractus_sanguineus,1
Atractus_savagei,1
Atractus_schach,1
Atractus_serranus,1
Atractus_snethlageae,1
Atractus_spinalis,1
Atractus_steyermarki,1
Atractus_surucucu,1
Atractus_tamaensis,1
Atractus_tamessari,1
Atractus_taphorni,1
Atractus_thalesdelemai,1
Atractus_titanicus,1
Atractus_torquatus,1
Atractus_touzeti,1
Atractus_trihedrurus,1
Atractus_trilineatus,1
Atractus_trivittatus,1
Atractus_turikensis,1
Atractus_typhon,1
Atractus_univittatus,1
Atractus_variegatus,1
Atractus_ventrimaculatus,1
Atractus_vertebralis,1
Atractus_vertebrolineatus,1
Atractus_vittatus,1
Atractus_wagleri,1
Atractus_werneri,1
Atractus_zebrinus,1
Atractus_zidoki,1
Atretium_schistosum,2
Atrichornis_clamosus,3
Atrichornis_rufescens,2
Atronanus_fuliginosus,1
Atropoides_picadoi,3
Attagis_gayi,4
Attagis_malouinus,4
Atthis_ellioti,1
Atthis_heloisa,1
Atticora_fasciata,2
Atticora_pileata,2
Atticora_tibialis,2
Attila_bolivianus,3
Attila_cinnamomeus,3
Attila_citriniventris,3
Attila_phoenicurus,3
Attila_rufus,3
Attila_spadiceus,3
Attila_torridus,3
Aubria_masako,3
Aubria_subsigillata,3
Augastes_lumachella,1
Augastes_scutatus,1
Aulacorhynchus_albivitta,4
Aulacorhynchus_atrogularis,3
Aulacorhynchus_caeruleogularis,4
Aulacorhynchus_calorhynchus,4
Aulacorhynchus_coeruleicinctis,3
Aulacorhynchus_cyanolaemus,3
Aulacorhynchus_derbianus,3
Aulacorhynchus_haematopygus,4
Aulacorhynchus_huallagae,4
Aulacorhynchus_prasinus,4
Aulacorhynchus_sulcatus,4
Aulacorhynchus_wagleri,4
Aulacorhynchus_whitelianus,4
Auliscomys_boliviensis,1
Auliscomys_pictus,1
Auliscomys_sublimis,1
Auriparus_flaviceps,1
Aurivela_longicauda,2
Aurivela_tergolaevigata,2
Australolacerta_australis,1
Austrelaps_labialis,3
Austrelaps_ramsayi,3
Austrelaps_superbus,3
Austroablepharus_barrylyoni,1
Austroablepharus_kinghorni,1
Austroablepharus_naranjicaudus,1
Austrochaperina_adamantina,1
Austrochaperina_adelphe,1
Austrochaperina_alexanderi,1
Austrochaperina_aquilonia,1
Austrochaperina_archboldi,1
Austrochaperina_basipalmata,1
Austrochaperina_blumi,1
Austrochaperina_brevipes,1
Austrochaperina_fryi,1
Austrochaperina_gracilipes,1
Austrochaperina_hooglandi,1
Austrochaperina_kosarek,1
Austrochaperina_laurae,1
Austrochaperina_macrorhyncha,1
Austrochaperina_mehelyi,1
Austrochaperina_minutissima,1
Austrochaperina_novaebritanniae,1
Austrochaperina_palmipes,1
Austrochaperina_parkeri,1
Austrochaperina_pluvialis,1
Austrochaperina_polysticta,1
Austrochaperina_punctata,1
Austrochaperina_robusta,1
Austrochaperina_rudolfarndti,1
Austrochaperina_septentrionalis,1
Austrochaperina_yelaensis,1
Austronomus_australis,3
Austronomus_kuboriensis,3
Automolus_infuscatus,3
Automolus_lammi,3
Automolus_leucophthalmus,3
Automolus_melanopezus,3
Automolus_ochrolaemus,3
Automolus_paraensis,3
Automolus_rufipileatus,3
Automolus_subulatus,3
Automolus_virgatus,3
Avahi_betsileo,4
Avahi_cleesei,4
Avahi_laniger,4
Avahi_meridionalis,4
Avahi_mooreorum,4
Avahi_occidentalis,4
Avahi_peyrierasi,4
Avahi_ramanantsoavanai,4
Avahi_unicolor,4
Aviceda_cuculoides,4
Aviceda_jerdoni,4
Aviceda_leuphotes,4
Aviceda_madagascariensis,4
Aviceda_subcristata,4
Avocettula_recurvirostris,1
Axis_axis,4
Axis_calamianensis,4
Axis_kuhlii,4
Axis_porcinus,4
Aythya_affinis,4
Aythya_americana,4
Aythya_australis,4
Aythya_baeri,4
Aythya_collaris,4
Aythya_ferina,4
Aythya_fuligula,4
Aythya_innotata,4
Aythya_marila,4
Aythya_novaeseelandiae,4
Aythya_nyroca,4
Aythya_valisineria,4
Azemiops_feae,2
Babina_holsti,3
Babina_subaspera,3
Babyrousa_babyrussa,4
Babyrousa_celebensis,4
Babyrousa_togeanensis,4
Bachia_alleni,1
Bachia_barbouri,1
Bachia_beebei,1
Bachia_bicolor,1
Bachia_blairi,1
Bachia_bresslaui,1
Bachia_cacerensis,1
Bachia_didactyla,1
Bachia_dorbignyi,1
Bachia_flavescens,1
Bachia_geralista,1
Bachia_guianensis,1
Bachia_heteropa,1
Bachia_huallagana,1
Bachia_intermedia,1
Bachia_lineata,1
Bachia_marcelae,1
Bachia_micromela,1
Bachia_oxyrhina,1
Bachia_pallidiceps,1
Bachia_panoplia,1
Bachia_peruana,1
Bachia_psamophila,1
Bachia_pyburni,1
Bachia_scaea,1
Bachia_scolecoides,1
Bachia_talpa,1
Bachia_trinitatis,1
Bachia_trisanale,1
Bachia_whitei,1
Baeodon_alleni,1
Baeodon_gracilis,1
Baeolophus_atricristatus,2
Baeolophus_bicolor,2
Baeolophus_inornatus,2
Baeolophus_ridgwayi,2
Baeolophus_wollweberi,2
Baeopogon_clamans,2
Baeopogon_indicator,2
Bahius_bilineatus,1
Baikia_africana,1
Baiomys_musculus,1
Baiomys_taylori,1
Baiyankamys_habbema,1
Baiyankamys_shawmayeri,1
Balaeniceps_rex,4
Balantiopteryx_infusca,2
Balantiopteryx_io,2
Balantiopteryx_plicata,2
Balearica_pavonina,4
Balearica_regulorum,4
Balebreviceps_hillmani,1
Baliodryas_steinbachi,2
Balionycteris_maculata,2
Bamanophis_dorri,2
Bambusicola_fytchii,4
Bambusicola_sonorivox,4
Bambusicola_thoracicus,4
Bandicota_bengalensis,2
Bandicota_indica,2
Bandicota_savilei,2
Bangsia_arcaei,2
Bangsia_aureocincta,2
Bangsia_edwardsi,2
Bangsia_flavovirens,2
Bangsia_melanochlamys,2
Bangsia_rothschildi,2
Barbarophryne_brongersmai,2
Barbastella_barbastellus,2
Barbastella_leucomelas,2
Barbourula_busuangensis,3
Barisia_herrerae,2
Barisia_imbricata,2
Barisia_levicollis,2
Barisia_rudicollis,2
Barkudia_insularis,1
Barkudia_melanosticta,1
Barnardius_zonarius,4
Bartramia_longicauda,4
Barycholos_pulcher,1
Barycholos_ternetzi,1
Barygenys_apodasta,1
Barygenys_atra,1
Barygenys_cheesmanae,1
Barygenys_exsul,1
Barygenys_flavigularis,1
Barygenys_maculata,1
Barygenys_nana,1
Barygenys_parvula,1
Barygenys_resima,1
Baryphthengus_martii,4
Baryphthengus_ruficapillus,4
Basileuterus_auricapilla,1
Basileuterus_belli,1
Basileuterus_cabanisi,1
Basileuterus_culicivorus,1
Basileuterus_griseiceps,1
Basileuterus_hypoleucus,1
Basileuterus_ignotus,1
Basileuterus_lachrymosus,1
Basileuterus_melanogenys,1
Basileuterus_rufifrons,1
Basileuterus_trifasciatus,1
Basileuterus_tristriatus,1
Basilinna_leucotis,1
Basilinna_xantusii,1
Basiliscus_basiliscus,3
Basiliscus_galeritus,3
Basiliscus_plumifrons,3
Basiliscus_vittatus,3
Basilornis_celebensis,3
Basilornis_corythaix,4
Basilornis_galeatus,3
Bassaricyon_alleni,4
Bassaricyon_gabbii,4
Bassaricyon_medius,4
Bassaricyon_neblina,4
Bassariscus_astutus,3
Bassariscus_sumichrasti,3
Batagur_affinis,4
Batagur_baska,4
Batagur_borneoensis,4
Batagur_dhongoka,4
Batagur_kachuga,4
Batagur_trivittata,4
Batara_cinerea,4
Bathmocercus_cerviniventris,1
Bathmocercus_rufus,1
Bathyergus_janetta,2
Bathyergus_suillus,2
Batis_capensis,1
Batis_crypta,1
Batis_dimorpha,1
Batis_diops,1
Batis_erlangeri,1
Batis_fratrum,1
Batis_ituriensis,1
Batis_margaritae,1
Batis_minima,1
Batis_minor,1
Batis_minulla,1
Batis_mixta,1
Batis_molitor,1
Batis_occulta,1
Batis_orientalis,1
Batis_perkeo,1
Batis_poensis,1
Batis_pririt,1
Batis_reichenowi,1
Batis_senegalensis,1
Batis_soror,1
Batomys_dentatus,1
Batomys_granti,1
Batomys_hamiguitan,1
Batomys_russatus,1
Batomys_salomonseni,1
Batomys_uragon,1
Batrachoseps_altasierrae,1
Batrachoseps_attenuatus,1
Batrachoseps_bramei,1
Batrachoseps_campi,1
Batrachoseps_diabolicus,1
Batrachoseps_gabrieli,1
Batrachoseps_gavilanensis,1
Batrachoseps_gregarius,1
Batrachoseps_incognitus,1
Batrachoseps_kawia,1
Batrachoseps_luciae,1
Batrachoseps_major,1
Batrachoseps_minor,1
Batrachoseps_nigriventris,1
Batrachoseps_pacificus,1
Batrachoseps_regius,1
Batrachoseps_relictus,1
Batrachoseps_robustus,1
Batrachoseps_simatus,1
Batrachoseps_stebbinsi,1
Batrachoseps_wrighti,1
Batrachostomus_auritus,4
Batrachostomus_cornutus,3
Batrachostomus_harterti,3
Batrachostomus_hodgsoni,3
Batrachostomus_javensis,3
Batrachostomus_mixtus,3
Batrachostomus_poliolophus,3
Batrachostomus_septimus,2
Batrachostomus_stellatus,2
Batrachuperus_karlschmidti,2
Batrachuperus_londongensis,2
Batrachuperus_pinchonii,2
Batrachuperus_tibetanus,2
Batrachyla_antartandica,2
Batrachyla_fitzroya,2
Batrachyla_leptopus,2
Batrachyla_nibaldoi,2
Batrachyla_taeniata,2
Bauerius_ansorgii,2
Bauerus_dubiaquercus,2
Bavayia_geitaina,2
Bavayia_robusta,2
Bavayia_septuiclavis,2
Bdeogale_crassicauda,3
Bdeogale_jacksoni,3
Bdeogale_nigripes,3
Bdeogale_omnivora,3
Beamys_hindei,1
Beatragus_hunteri,4
Beddomixalus_bijui,2
Beduka_amboli,2
Beduka_koynayensis,2
Bellatorias_frerei,3
Bellatorias_major,3
Bellatorias_obiri,3
Belomys_pearsonii,2
Berenicornis_comatus,4
Berlepschia_rikeri,2
Bernieria_madagascariensis,2
Berylmys_berdmorei,1
Berylmys_bowersi,1
Berylmys_mackenziei,1
Berylmys_manipulus,1
Bettongia_gaimardi,3
Bettongia_lesueur,3
Bettongia_penicillata,3
Bettongia_tropica,3
Bias_musicus,2
Biatas_nigropectus,3
Bibimys_chacoensis,1
Bibimys_labiosus,1
Bibimys_torresi,1
Bipes_biporus,1
Bipes_canaliculatus,1
Bipes_tridactylus,1
Bison_bison,4
Bison_bonasus,4
Biswamoyopterus_biswasi,2
Biswamoyopterus_laoensis,2
Bitis_arietans,3
Bitis_atropos,3
Bitis_caudalis,3
Bitis_cornuta,3
Bitis_gabonica,4
Bitis_heraldica,3
Bitis_inornata,3
Bitis_nasicornis,4
Bitis_parviocula,3
Bitis_peringueyi,3
Bitis_rhinoceros,4
Bitis_rubida,3
Bitis_schneideri,3
Bitis_worthingtoni,3
Bitis_xeropaga,3
Biziura_lobata,4
Blaesodactylus_ambonihazo,1
Blaesodactylus_antongilensis,1
Blaesodactylus_boivini,1
Blaesodactylus_sakalava,1
Blanfordimys_afghanus,3
Blanfordimys_bucharensis,3
Blanus_alexandri,1
Blanus_aporus,1
Blanus_cinereus,1
Blanus_mettetali,1
Blanus_oxyurus,1
Blanus_strauchi,1
Blanus_tingitanus,1
Blarina_brevicauda,1
Blarina_carolinensis,1
Blarina_hylophaga,1
Blarinella_griselda,1
Blarinella_quadraticauda,1
Blarinella_wardi,1
Blarinomys_breviceps,1
Blastocerus_dichotomus,4
Bleda_canicapillus,3
Bleda_eximius,3
Bleda_notatus,3
Bleda_syndactylus,3
Bleda_ugandae,3
Blommersia_angolafa,1
Blommersia_blommersae,1
Blommersia_dejongi,1
Blommersia_domerguei,1
Blommersia_galani,1
Blommersia_grandisonae,1
Blommersia_kely,1
Blommersia_nataliae,1
Blommersia_sarotra,1
Blommersia_transmarina,1
Blommersia_variabilis,1
Blommersia_wittei,1
Blythia_hmuifang,1
Blythia_reticulata,1
Blythipicus_pyrrhotis,3
Blythipicus_rubiginosus,3
Blythophryne_beryet,2
Boa_constrictor,4
Boa_imperator,4
Boa_nebulosa,3
Boa_orophias,3
Boaedon_capensis,2
Boaedon_fuliginosus,2
Boaedon_geometricus,2
Boaedon_lineatus,2
Boaedon_littoralis,2
Boaedon_longilineatus,2
Boaedon_maculatus,2
Boaedon_mentalis,2
Boaedon_olivaceus,2
Boaedon_paralineatus,2
Boaedon_perisilvestris,2
Boaedon_radfordi,2
Boaedon_subflavus,2
Boaedon_subtaeniatus,2
Boaedon_upembae,2
Boaedon_virgatus,2
Boana_aguilari,2
Boana_albomarginata,2
Boana_albopunctata,2
Boana_alemani,2
Boana_alfaroi,2
Boana_almendarizae,2
Boana_appendiculata,2
Boana_atlantica,2
Boana_balzani,2
Boana_benitezi,2
Boana_bischoffi,2
Boana_boans,2
Boana_botumirim,2
Boana_buriti,2
Boana_caiapo,2
Boana_caingua,2
Boana_caipora,2
Boana_calcarata,2
Boana_callipleura,2
Boana_cambui,2
Boana_cinerascens,2
Boana_cipoensis,2
Boana_cordobae,2
Boana_courtoisae,2
Boana_crepitans,2
Boana_curupi,2
Boana_dentei,2
Boana_diabolica,2
Boana_ericae,2
Boana_eucharis,2
Boana_exastis,2
Boana_faber,2
Boana_fasciata,2
Boana_freicanecae,2
Boana_geographica,2
Boana_gladiator,2
Boana_goiana,2
Boana_guentheri,2
Boana_heilprini,2
Boana_hobbsi,2
Boana_hutchinsi,2
Boana_icamiaba,2
Boana_jaguariaivensis,2
Boana_jimenezi,2
Boana_joaquini,2
Boana_lanciformis,2
Boana_lemai,2
Boana_leptolineata,2
Boana_leucocheila,2
Boana_lundii,2
Boana_maculateralis,2
Boana_marginata,2
Boana_marianitae,2
Boana_melanopleura,2
Boana_microderma,2
Boana_multifasciata,2
Boana_nigra,2
Boana_nympha,2
Boana_ornatissima,2
Boana_palaestes,2
Boana_paranaiba,2
Boana_pardalis,2
Boana_pellucens,2
Boana_picturata,2
Boana_platanera,2
Boana_poaju,2
Boana_polytaenia,2
Boana_pombali,2
Boana_prasina,2
Boana_pugnax,2
Boana_pulchella,2
Boana_punctata,2
Boana_raniceps,2
Boana_rhythmica,2
Boana_riojana,2
Boana_roraima,2
Boana_rosenbergi,2
Boana_rubracyla,2
Boana_rufitela,2
Boana_secedens,2
Boana_semiguttata,2
Boana_semilineata,2
Boana_sibleszi,2
Boana_steinbachi,2
Boana_stellae,2
Boana_stenocephala,2
Boana_tepuiana,2
Boana_tetete,2
Boana_ventrimaculata,2
Boana_wavrini,2
Boana_xerophylla,2
Bocagia_minuta,2
Boehmantis_microtympanum,2
Bofa_erlangeri,3
Bogertophis_rosaliae,3
Bogertophis_subocularis,3
Boiga_andamanensis,3
Boiga_angulata,3
Boiga_barnesii,3
Boiga_beddomei,3
Boiga_bengkuluensis,3
Boiga_bourreti,3
Boiga_ceylonensis,3
Boiga_cyanea,3
Boiga_cynodon,3
Boiga_dendrophila,3
Boiga_dightoni,3
Boiga_drapiezii,3
Boiga_flaviviridis,3
Boiga_forsteni,3
Boiga_gocool,3
Boiga_guangxiensis,3
Boiga_hoeseli,3
Boiga_irregularis,3
Boiga_jaspidea,3
Boiga_kraepelini,3
Boiga_multifasciata,3
Boiga_multomaculata,3
Boiga_nigriceps,3
Boiga_nuchalis,3
Boiga_ochracea,3
Boiga_philippina,3
Boiga_quincunciata,3
Boiga_ranawanei,3
Boiga_saengsomi,3
Boiga_schultzei,3
Boiga_siamensis,3
Boiga_tanahjampeana,3
Boiga_trigonata,3
Boiga_wallachi,3
Boiga_walli,3
Boiga_westermanni,3
Boiruna_maculata,4
Boiruna_sertaneja,4
Boissonneaua_flavescens,1
Boissonneaua_jardini,1
Boissonneaua_matthewsii,1
Bokermannohyla_ahenea,2
Bokermannohyla_alvarengai,2
Bokermannohyla_astartea,2
Bokermannohyla_capra,2
Bokermannohyla_caramaschii,2
Bokermannohyla_carvalhoi,2
Bokermannohyla_circumdata,2
Bokermannohyla_diamantina,2
Bokermannohyla_flavopicta,2
Bokermannohyla_gouveai,2
Bokermannohyla_hylax,2
Bokermannohyla_ibitiguara,2
Bokermannohyla_ibitipoca,2
Bokermannohyla_itapoty,2
Bokermannohyla_izecksohni,2
Bokermannohyla_juiju,2
Bokermannohyla_langei,2
Bokermannohyla_lucianae,2
Bokermannohyla_luctuosa,2
Bokermannohyla_martinsi,2
Bokermannohyla_nanuzae,2
Bokermannohyla_napolii,2
Bokermannohyla_oxente,2
Bokermannohyla_pseudopseudis,2
Bokermannohyla_ravida,2
Bokermannohyla_sagarana,2
Bokermannohyla_sapiranga,2
Bokermannohyla_saxicola,2
Bokermannohyla_sazimai,2
Bokermannohyla_vulcaniae,2
Bolbopsittacus_lunulatus,3
Bolborhynchus_ferrugineifrons,3
Bolborhynchus_lineola,3
Bolborhynchus_orbygnesius,3
Bolemoreus_frenatus,2
Bolemoreus_hindwoodi,2
Bolitoglossa_adspersa,2
Bolitoglossa_alberchi,2
Bolitoglossa_altamazonica,2
Bolitoglossa_alvaradoi,2
Bolitoglossa_anthracina,2
Bolitoglossa_aurae,2
Bolitoglossa_aureogularis,2
Bolitoglossa_awajun,2
Bolitoglossa_biseriata,2
Bolitoglossa_borburata,2
Bolitoglossa_bramei,2
Bolitoglossa_caldwellae,2
Bolitoglossa_capitana,2
Bolitoglossa_carri,2
Bolitoglossa_cataguana,2
Bolitoglossa_celaque,2
Bolitoglossa_centenorum,2
Bolitoglossa_cerroensis,2
Bolitoglossa_chica,2
Bolitoglossa_chinanteca,2
Bolitoglossa_chucantiensis,2
Bolitoglossa_colonnea,2
Bolitoglossa_compacta,2
Bolitoglossa_conanti,2
Bolitoglossa_copia,2
Bolitoglossa_copinhorum,2
Bolitoglossa_cuchumatana,2
Bolitoglossa_cuna,2
Bolitoglossa_daryorum,2
Bolitoglossa_decora,2
Bolitoglossa_diaphora,2
Bolitoglossa_digitigrada,2
Bolitoglossa_diminuta,2
Bolitoglossa_dofleini,2
Bolitoglossa_dunni,2
Bolitoglossa_engelhardti,2
Bolitoglossa_epimela,2
Bolitoglossa_equatoriana,2
Bolitoglossa_eremia,2
Bolitoglossa_flavimembris,2
Bolitoglossa_flaviventris,2
Bolitoglossa_franklini,2
Bolitoglossa_gomezi,2
Bolitoglossa_gracilis,2
Bolitoglossa_guaneae,2
Bolitoglossa_guaramacalensis,2
Bolitoglossa_hartwegi,2
Bolitoglossa_heiroreias,2
Bolitoglossa_helmrichi,2
Bolitoglossa_hermosa,2
Bolitoglossa_hiemalis,2
Bolitoglossa_huehuetenanguensis,2
Bolitoglossa_hypacra,2
Bolitoglossa_indio,2
Bolitoglossa_insularis,2
Bolitoglossa_jacksoni,2
Bolitoglossa_jugivagans,2
Bolitoglossa_kamuk,2
Bolitoglossa_kaqchikelorum,2
Bolitoglossa_la,2
Bolitoglossa_leandrae,2
Bolitoglossa_lignicolor,2
Bolitoglossa_lincolni,2
Bolitoglossa_longissima,2
Bolitoglossa_lozanoi,2
Bolitoglossa_macrinii,2
Bolitoglossa_madeira,2
Bolitoglossa_magnifica,2
Bolitoglossa_marmorea,2
Bolitoglossa_medemi,2
Bolitoglossa_meliana,2
Bolitoglossa_mexicana,2
Bolitoglossa_minutula,2
Bolitoglossa_mombachoensis,2
Bolitoglossa_morio,2
Bolitoglossa_mucuyensis,2
Bolitoglossa_mulleri,2
Bolitoglossa_nicefori,2
Bolitoglossa_nigrescens,2
Bolitoglossa_ninadormida,2
Bolitoglossa_nympha,2
Bolitoglossa_oaxacensis,2
Bolitoglossa_obscura,2
Bolitoglossa_occidentalis,2
Bolitoglossa_odonnelli,2
Bolitoglossa_omniumsanctorum,2
Bolitoglossa_oresbia,2
Bolitoglossa_orestes,2
Bolitoglossa_pacaya,2
Bolitoglossa_palmata,2
Bolitoglossa_pandi,2
Bolitoglossa_paraensis,2
Bolitoglossa_peruviana,2
Bolitoglossa_pesrubra,2
Bolitoglossa_phalarosoma,2
Bolitoglossa_platydactyla,2
Bolitoglossa_porrasorum,2
Bolitoglossa_psephena,2
Bolitoglossa_pygmaea,2
Bolitoglossa_ramosi,2
Bolitoglossa_riletti,2
Bolitoglossa_robinsoni,2
Bolitoglossa_robusta,2
Bolitoglossa_rostrata,2
Bolitoglossa_rufescens,2
Bolitoglossa_salvinii,2
Bolitoglossa_savagei,2
Bolitoglossa_schizodactyla,2
Bolitoglossa_silverstonei,2
Bolitoglossa_sima,2
Bolitoglossa_sombra,2
Bolitoglossa_sooyorum,2
Bolitoglossa_splendida,2
Bolitoglossa_striatula,2
Bolitoglossa_stuarti,2
Bolitoglossa_subpalmata,2
Bolitoglossa_suchitanensis,2
Bolitoglossa_synoria,2
Bolitoglossa_tamaense,2
Bolitoglossa_tapajonica,2
Bolitoglossa_tatamae,2
Bolitoglossa_taylori,2
Bolitoglossa_tenebrosa,2
Bolitoglossa_tica,2
Bolitoglossa_tzultacaj,2
Bolitoglossa_vallecula,2
Bolitoglossa_veracrucis,2
Bolitoglossa_walkeri,2
Bolitoglossa_xibalba,2
Bolitoglossa_yariguiensis,2
Bolitoglossa_yucatana,2
Bolitoglossa_zacapensis,2
Bolitoglossa_zapoteca,2
Bombina_bombina,2
Bombina_fortinuptialis,2
Bombina_lichuanensis,2
Bombina_maxima,2
Bombina_microdeladigitora,2
Bombina_orientalis,2
Bombina_variegata,2
Bombycilla_cedrorum,2
Bombycilla_garrulus,3
Bombycilla_japonica,3
Bonasa_bonasia,4
Bonasa_sewerzowi,4
Bonasa_umbellus,4
Boneia_bidens,4
Boophis_albilabris,2
Boophis_albipunctatus,2
Boophis_andohahela,2
Boophis_andrangoloaka,2
Boophis_andreonei,2
Boophis_anjanaharibeensis,2
Boophis_ankarafensis,2
Boophis_ankaratra,2
Boophis_arcanus,2
Boophis_axelmeyeri,2
Boophis_baetkei,2
Boophis_blommersae,2
Boophis_boehmei,2
Boophis_boppa,2
Boophis_bottae,2
Boophis_brachychir,2
Boophis_burgeri,2
Boophis_calcaratus,2
Boophis_doulioti,2
Boophis_elenae,2
Boophis_englaenderi,2
Boophis_entingae,2
Boophis_erythrodactylus,2
Boophis_fayi,2
Boophis_feonnyala,2
Boophis_goudotii,2
Boophis_guibei,2
Boophis_haematopus,2
Boophis_haingana,2
Boophis_idae,2
Boophis_jaegeri,2
Boophis_laurenti,2
Boophis_liami,2
Boophis_lichenoides,2
Boophis_lilianae,2
Boophis_luciae,2
Boophis_luteus,2
Boophis_madagascariensis,2
Boophis_majori,2
Boophis_mandraka,2
Boophis_marojezensis,2
Boophis_miadana,2
Boophis_microtympanum,2
Boophis_miniatus,2
Boophis_narinsi,2
Boophis_nauticus,2
Boophis_obscurus,2
Boophis_occidentalis,2
Boophis_opisthodon,2
Boophis_pauliani,2
Boophis_periegetes,2
Boophis_picturatus,2
Boophis_piperatus,2
Boophis_popi,2
Boophis_praedictus,2
Boophis_pyrrhus,2
Boophis_quasiboehmei,2
Boophis_rappiodes,2
Boophis_reticulatus,2
Boophis_rhodoscelis,2
Boophis_roseipalmatus,2
Boophis_rufioculis,2
Boophis_sambirano,2
Boophis_sandrae,2
Boophis_schuboeae,2
Boophis_septentrionalis,2
Boophis_sibilans,2
Boophis_solomaso,2
Boophis_spinophis,2
Boophis_tampoka,2
Boophis_tasymena,2
Boophis_tephraeomystax,2
Boophis_tsilomaro,2
Boophis_ulftunni,2
Boophis_viridis,2
Boophis_vittatus,2
Boophis_williamsi,2
Boophis_xerophilus,2
Borikenophis_portoricensis,2
Borikenophis_variegatus,2
Bos_gaurus,4
Bos_javanicus,4
Bos_mutus,4
Bos_sauveli,4
Boselaphus_tragocamelus,4
Bostrychia_bocagei,4
Bostrychia_carunculata,4
Bostrychia_hagedash,4
Bostrychia_olivacea,4
Bostrychia_rara,4
Botaurus_lentiginosus,4
Botaurus_pinnatus,4
Botaurus_poiciloptilus,4
Botaurus_stellaris,4
Bothriechis_aurifer,2
Bothriechis_bicolor,2
Bothriechis_lateralis,2
Bothriechis_marchi,2
Bothriechis_nigroviridis,2
Bothriechis_rowleyi,2
Bothriechis_schlegelii,2
Bothriechis_supraciliaris,2
Bothriechis_thalassinus,2
Bothrochilus_boa,3
Bothrocophias_andianus,2
Bothrocophias_campbelli,2
Bothrocophias_colombianus,2
Bothrocophias_hyoprora,2
Bothrocophias_lojanus,2
Bothrocophias_microphthalmus,2
Bothrocophias_myersi,2
Bothrolycus_ater,2
Bothrophthalmus_brunneus,2
Bothrophthalmus_lineatus,2
Bothrops_alcatraz,3
Bothrops_alternatus,3
Bothrops_ammodytoides,3
Bothrops_asper,4
Bothrops_atrox,3
Bothrops_ayerbei,3
Bothrops_barnetti,3
Bothrops_bilineatus,3
Bothrops_brazili,3
Bothrops_caribbaeus,3
Bothrops_chloromelas,3
Bothrops_cotiara,3
Bothrops_diporus,3
Bothrops_erythromelas,3
Bothrops_fonsecai,3
Bothrops_insularis,3
Bothrops_itapetiningae,3
Bothrops_jararaca,3
Bothrops_jararacussu,4
Bothrops_jonathani,3
Bothrops_lanceolatus,3
Bothrops_leucurus,3
Bothrops_lutzi,3
Bothrops_marajoensis,3
Bothrops_marmoratus,3
Bothrops_mattogrossensis,3
Bothrops_medusa,3
Bothrops_moojeni,4
Bothrops_muriciensis,3
Bothrops_neuwiedi,3
Bothrops_oligolepis,3
Bothrops_osbornei,3
Bothrops_otavioi,3
Bothrops_pauloensis,3
Bothrops_pictus,3
Bothrops_pirajai,3
Bothrops_pubescens,3
Bothrops_pulcher,3
Bothrops_punctatus,3
Bothrops_sanctaecrucis,3
Bothrops_taeniatus,3
Bothrops_venezuelensis,3
Boulengerula_boulengeri,2
Boulengerula_changamwensis,2
Boulengerula_denhardti,2
Boulengerula_fischeri,2
Boulengerula_niedeni,2
Boulengerula_spawlsi,2
Boulengerula_taitana,2
Boulengerula_uluguruensis,2
Brachiones_przewalskii,1
Brachycephalus_actaeus,1
Brachycephalus_albolineatus,1
Brachycephalus_alipioi,1
Brachycephalus_auroguttatus,1
Brachycephalus_boticario,1
Brachycephalus_brunneus,1
Brachycephalus_bufonoides,1
Brachycephalus_coloratus,1
Brachycephalus_crispus,1
Brachycephalus_curupira,1
Brachycephalus_darkside,1
Brachycephalus_didactylus,1
Brachycephalus_ephippium,1
Brachycephalus_ferruginus,1
Brachycephalus_fuscolineatus,1
Brachycephalus_garbeanus,1
Brachycephalus_guarani,1
Brachycephalus_hermogenesi,1
Brachycephalus_izecksohni,1
Brachycephalus_leopardus,1
Brachycephalus_margaritatus,1
Brachycephalus_mariaeterezae,1
Brachycephalus_mirissimus,1
Brachycephalus_nodoterga,1
Brachycephalus_olivaceus,1
Brachycephalus_pernix,1
Brachycephalus_pitanga,1
Brachycephalus_pombali,1
Brachycephalus_pulex,1
Brachycephalus_quiririensis,1
Brachycephalus_rotenbergae,1
Brachycephalus_sulfuratus,1
Brachycephalus_toby,1
Brachycephalus_tridactylus,1
Brachycephalus_verrucosus,1
Brachycephalus_vertebralis,1
Brachycope_anomala,1
Brachygalba_albogularis,2
Brachygalba_goeringi,2
Brachygalba_lugubris,2
Brachygalba_salmoni,2
Brachylagus_idahoensis,3
Brachylophus_bulabula,3
Brachylophus_fasciatus,3
Brachylophus_gau,3
Brachylophus_vitiensis,3
Brachymeles_apus,2
Brachymeles_bicolandia,2
Brachymeles_bicolor,2
Brachymeles_boholensis,2
Brachymeles_bonitae,2
Brachymeles_boulengeri,2
Brachymeles_brevidactylus,2
Brachymeles_burksi,2
Brachymeles_cebuensis,2
Brachymeles_cobos,2
Brachymeles_dalawangdaliri,2
Brachymeles_elerae,2
Brachymeles_gracilis,2
Brachymeles_hilong,2
Brachymeles_ilocandia,2
Brachymeles_isangdaliri,2
Brachymeles_kadwa,2
Brachymeles_libayani,2
Brachymeles_ligtas,2
Brachymeles_lukbani,2
Brachymeles_makusog,2
Brachymeles_mapalanggaon,2
Brachymeles_mindorensis,2
Brachymeles_minimus,2
Brachymeles_miriamae,2
Brachymeles_muntingkamay,2
Brachymeles_orientalis,2
Brachymeles_paeforum,2
Brachymeles_pathfinderi,2
Brachymeles_samad,2
Brachymeles_samarensis,2
Brachymeles_schadenbergi,2
Brachymeles_suluensis,2
Brachymeles_talinis,2
Brachymeles_taylori,2
Brachymeles_tiboliorum,2
Brachymeles_tridactylus,2
Brachymeles_tungaoi,2
Brachymeles_vermis,2
Brachymeles_vindumi,2
Brachymeles_vulcani,2
Brachymeles_wrighti,2
Brachyophis_revoili,2
Brachyorrhos_albus,2
Brachyorrhos_gastrotaenius,2
Brachyorrhos_raffrayi,2
Brachyorrhos_wallacei,2
Brachyphylla_cavernarum,4
Brachypodius_atriceps,2
Brachypodius_fuscoflavescens,2
Brachypodius_priocephalus,2
Brachypteracias_leptosomus,4
Brachypteryx_cruralis,2
Brachypteryx_erythrogyna,2
Brachypteryx_floris,2
Brachypteryx_goodfellowi,2
Brachypteryx_hyperythra,2
Brachypteryx_leucophris,2
Brachypteryx_montana,2
Brachypteryx_poliogyna,2
Brachypteryx_saturata,2
Brachypteryx_sinensis,2
Brachyramphus_brevirostris,4
Brachyramphus_marmoratus,4
Brachyramphus_perdix,4
Brachytarsomys_albicauda,1
Brachytarsomys_villosa,1
Brachyteles_arachnoides,4
Brachyteles_hypoxanthus,4
Brachyuromys_betsileoensis,1
Brachyuromys_ramirohitra,1
Brachyurophis_approximans,2
Brachyurophis_australis,2
Brachyurophis_campbelli,2
Brachyurophis_fasciolatus,2
Brachyurophis_incinctus,2
Brachyurophis_morrisi,2
Brachyurophis_roperi,2
Brachyurophis_semifasciatus,2
Bradornis_boehmi,2
Bradornis_comitatus,2
Bradornis_fuliginosus,3
Bradornis_mariquensis,2
Bradornis_microrhynchus,2
Bradornis_ussheri,2
Bradypodion_atromontanum,1
Bradypodion_barbatulum,1
Bradypodion_baviaanense,1
Bradypodion_caeruleogula,1
Bradypodion_caffrum,1
Bradypodion_damaranum,2
Bradypodion_dracomontanum,1
Bradypodion_gutturale,2
Bradypodion_kentanicum,1
Bradypodion_melanocephalum,1
Bradypodion_nemorale,1
Bradypodion_ngomeense,1
Bradypodion_occidentale,2
Bradypodion_pumilum,2
Bradypodion_setaroi,1
Bradypodion_taeniabronchum,2
Bradypodion_thamnobates,1
Bradypodion_transvaalense,2
Bradypodion_ventrale,2
Bradypodion_venustum,1
Bradypterus_alfredi,2
Bradypterus_baboecala,2
Bradypterus_bangwaensis,2
Bradypterus_barratti,2
Bradypterus_brunneus,2
Bradypterus_carpalis,2
Bradypterus_centralis,2
Bradypterus_cinnamomeus,2
Bradypterus_grandis,2
Bradypterus_graueri,2
Bradypterus_lopezi,2
Bradypterus_sylvaticus,2
Bradypus_pygmaeus,4
Bradypus_torquatus,4
Bradypus_tridactylus,4
Bradypus_variegatus,4
Bradytriton_silus,2
Branta_bernicla,4
Branta_canadensis,4
Branta_hutchinsii,4
Branta_leucopsis,4
Branta_ruficollis,4
Branta_sandvicensis,4
Brasiliscincus_agilis,2
Brasiliscincus_caissara,2
Brasiliscincus_heathi,2
Brasilotyphlus_braziliensis,2
Brasilotyphlus_dubium,2
Brasilotyphlus_guarantanus,2
Brassomys_albidens,1
Breviceps_acutirostris,1
Breviceps_adspersus,1
Breviceps_bagginsi,1
Breviceps_branchi,1
Breviceps_fichus,1
Breviceps_fuscus,1
Breviceps_gibbosus,1
Breviceps_macrops,1
Breviceps_montanus,1
Breviceps_mossambicus,1
Breviceps_namaquensis,1
Breviceps_poweri,1
Breviceps_rosei,1
Breviceps_sopranus,1
Breviceps_sylvestris,1
Breviceps_verrucosus,1
Broadleysaurus_major,2
Bromeliohyla_bromeliacia,2
Bromeliohyla_dendroscarta,2
Bromeliohyla_melacaena,2
Bronchocela_burmana,2
Bronchocela_celebensis,2
Bronchocela_cristatella,2
Bronchocela_danieli,2
Bronchocela_hayeki,2
Bronchocela_jubata,2
Bronchocela_marmorata,2
Bronchocela_orlovi,2
Bronchocela_rayaensis,2
Bronchocela_rubrigularis,2
Bronchocela_shenlong,2
Bronchocela_smaragdina,2
Bronchocela_vietnamensis,2
Brookesia_ambreensis,2
Brookesia_antakarana,2
Brookesia_bekolosy,2
Brookesia_betschi,2
Brookesia_bonsi,2
Brookesia_brunoi,2
Brookesia_brygooi,2
Brookesia_confidens,2
Brookesia_decaryi,2
Brookesia_dentata,2
Brookesia_desperata,2
Brookesia_ebenaui,2
Brookesia_exarmata,2
Brookesia_griveaudi,2
Brookesia_karchei,2
Brookesia_lambertoni,2
Brookesia_lineata,2
Brookesia_micra,2
Brookesia_minima,2
Brookesia_perarmata,2
Brookesia_peyrierasi,2
Brookesia_ramanantsoai,2
Brookesia_stumpffi,2
Brookesia_superciliaris,2
Brookesia_therezieni,2
Brookesia_thieli,2
Brookesia_tristis,2
Brookesia_tuberculata,2
Brookesia_vadoni,2
Brookesia_valerieae,2
Brotogeris_chiriri,3
Brotogeris_chrysoptera,3
Brotogeris_cyanoptera,3
Brotogeris_jugularis,3
Brotogeris_pyrrhoptera,3
Brotogeris_sanctithomae,3
Brotogeris_tirica,3
Brotogeris_versicolurus,3
Brucepattersonius_griserufescens,1
Brucepattersonius_guarani,1
Brucepattersonius_igniventris,1
Brucepattersonius_iheringi,1
Brucepattersonius_misionensis,1
Brucepattersonius_paradisus,1
Brucepattersonius_soricinus,1
Brygophis_coulangesi,1
Bryophryne_abramalagae,1
Bryophryne_bakersfield,1
Bryophryne_bustamantei,1
Bryophryne_cophites,1
Bryophryne_hanssaueri,1
Bryophryne_nubilosus,1
Bryophryne_phuyuhampatu,1
Bryophryne_zonalis,1
Bubalornis_albirostris,3
Bubalornis_niger,3
Bubalus_arnee,4
Bubalus_depressicornis,4
Bubalus_mindorensis,4
Bubalus_quarlesi,4
Bubo_africanus,4
Bubo_ascalaphus,4
Bubo_bengalensis,4
Bubo_blakistoni,4
Bubo_bubo,4
Bubo_capensis,4
Bubo_cinerascens,4
Bubo_coromandus,4
Bubo_lacteus,4
Bubo_leucostictus,4
Bubo_magellanicus,4
Bubo_nipalensis,4
Bubo_philippensis,4
Bubo_poensis,4
Bubo_scandiacus,4
Bubo_shelleyi,4
Bubo_sumatranus,4
Bubo_virginianus,4
Bubulcus_ibis,4
Bucanetes_githagineus,2
Bucanetes_mongolicus,2
Buccanodon_duchaillui,3
Bucco_capensis,3
Bucephala_albeola,4
Bucephala_clangula,4
Bucephala_islandica,4
Buceros_bicornis,4
Buceros_hydrocorax,4
Buceros_mindanensis,4
Buceros_rhinoceros,4
Bucorvus_abyssinicus,4
Bucorvus_leadbeateri,4
Budorcas_taxicolor,4
Buergeria_buergeri,2
Buergeria_choui,2
Buergeria_japonica,2
Buergeria_otai,2
Buergeria_oxycephala,2
Buergeria_robusta,2
Buettikoferella_bivittata,2
Bufo_ailaoanus,2
Bufo_aspinius,2
Bufo_bankorensis,2
Bufo_bufo,3
Bufo_cryptotympanicus,2
Bufo_eichwaldi,2
Bufo_gargarizans,2
Bufo_japonicus,2
Bufo_luchunnicus,2
Bufo_menglianus,2
Bufo_pageoti,2
Bufo_spinosus,2
Bufo_stejnegeri,2
Bufo_torrenticola,2
Bufo_tuberculatus,2
Bufo_tuberospinius,2
Bufo_verrucosissimus,2
Bufoides_kempi,2
Bufoides_meghalayanus,2
Bufoniceps_laungwalaensis,2
Bufotes_balearicus,2
Bufotes_baturae,2
Bufotes_boulengeri,2
Bufotes_cypriensis,2
Bufotes_latastii,2
Bufotes_luristanicus,2
Bufotes_oblongus,2
Bufotes_perrini,2
Bufotes_pewzowi,2
Bufotes_pseudoraddei,2
Bufotes_sitibundus,2
Bufotes_surdus,2
Bufotes_turanensis,2
Bufotes_viridis,2
Bufotes_zugmayeri,2
Bugeranus_carunculatus,4
Buhoma_depressiceps,1
Buhoma_procterae,1
Buhoma_vauerocegae,1
Bullimus_bagobus,1
Bullimus_gamay,1
Bullimus_luzonicus,1
Bulweria_fallax,4
Bungarus_andamanensis,3
Bungarus_bungaroides,3
Bungarus_caeruleus,2
Bungarus_candidus,3
Bungarus_ceylonicus,3
Bungarus_fasciatus,2
Bungarus_flaviceps,3
Bungarus_lividus,3
Bungarus_magnimaculatus,2
Bungarus_multicinctus,2
Bungarus_niger,3
Bungarus_sindanus,2
Bungarus_slowinskii,3
Bungarus_walli,3
Bungarus_wanghaotingi,3
Bunolagus_monticularis,4
Bunomys_andrewsi,1
Bunomys_chrysocomus,1
Bunomys_coelestis,1
Bunomys_fratrorum,1
Bunomys_karokophilus,1
Bunomys_penitus,1
Bunomys_prolatus,1
Bunomys_torajae,1
Bunopus_crassicauda,1
Bunopus_orientalis,1
Bunopus_tuberculatus,1
Buphagus_africanus,3
Buphagus_erythrorynchus,3
Burhinus_bistriatus,4
Burhinus_capensis,4
Burhinus_grallarius,4
Burhinus_indicus,4
Burhinus_oedicnemus,4
Burhinus_senegalensis,4
Burhinus_superciliaris,4
Burhinus_vermiculatus,4
Burramys_parvus,1
Busarellus_nigricollis,4
Butastur_indicus,4
Butastur_liventer,4
Butastur_rufipennis,4
Butastur_teesa,4
Buteo_albigula,4
Buteo_albonotatus,4
Buteo_augur,4
Buteo_auguralis,4
Buteo_brachypterus,4
Buteo_brachyurus,4
Buteo_buteo,4
Buteo_galapagoensis,4
Buteo_hemilasius,4
Buteo_jamaicensis,4
Buteo_japonicus,4
Buteo_lagopus,4
Buteo_lineatus,4
Buteo_nitidus,4
Buteo_oreophilus,4
Buteo_plagiatus,4
Buteo_platypterus,4
Buteo_refectus,4
Buteo_regalis,4
Buteo_ridgwayi,4
Buteo_rufinus,4
Buteo_rufofuscus,4
Buteo_socotraensis,4
Buteo_solitarius,4
Buteo_swainsoni,4
Buteo_trizonatus,4
Buteo_ventralis,4
Buteogallus_aequinoctialis,4
Buteogallus_anthracinus,4
Buteogallus_coronatus,4
Buteogallus_gundlachii,4
Buteogallus_lacernulatus,4
Buteogallus_meridionalis,4
Buteogallus_schistaceus,4
Buteogallus_solitarius,4
Buteogallus_urubitinga,4
Buthraupis_montana,3
Butorides_striata,4
Bycanistes_albotibialis,4
Bycanistes_brevis,4
Bycanistes_bucinator,4
Bycanistes_cylindricus,4
Bycanistes_fistulator,4
Bycanistes_sharpii,4
Bycanistes_subcylindricus,4
Caaeteboia_amarali,2
Cabassous_centralis,3
Cabassous_chacoensis,3
Cabassous_tatouay,3
Cabassous_unicinctus,3
Cacajao_ayresi,3
Cacajao_calvus,3
Cacajao_hosomi,3
Cacajao_melanocephalus,3
Cacatua_alba,4
Cacatua_ducorpsii,4
Cacatua_galerita,4
Cacatua_goffiniana,4
Cacatua_haematuropygia,4
Cacatua_leadbeateri,4
Cacatua_moluccensis,4
Cacatua_ophthalmica,4
Cacatua_pastinator,4
Cacatua_sanguinea,4
Cacatua_sulphurea,4
Cacatua_tenuirostris,4
Cacicus_cela,4
Cacicus_chrysonotus,3
Cacicus_chrysopterus,3
Cacicus_flavicrissus,3
Cacicus_haemorrhous,4
Cacicus_koepckeae,3
Cacicus_latirostris,3
Cacicus_leucoramphus,4
Cacicus_microrhynchus,3
Cacicus_oseryi,4
Cacicus_pacificus,3
Cacicus_sclateri,4
Cacicus_solitarius,3
Cacicus_uropygialis,3
Cacomantis_aeruginosus,3
Cacomantis_castaneiventris,2
Cacomantis_flabelliformis,2
Cacomantis_merulinus,2
Cacomantis_passerinus,2
Cacomantis_sonneratii,2
Cacomantis_variolosus,2
Cacophis_churchilli,2
Cacophis_harriettae,2
Cacophis_krefftii,2
Cacophis_squamulosus,2
Cacosternum_aggestum,1
Cacosternum_australis,1
Cacosternum_boettgeri,1
Cacosternum_capense,1
Cacosternum_karooicum,1
Cacosternum_kinangopensis,1
Cacosternum_leleupi,1
Cacosternum_namaquense,1
Cacosternum_nanogularum,1
Cacosternum_nanum,1
Cacosternum_parvum,1
Cacosternum_platys,1
Cacosternum_plimptoni,1
Cacosternum_rhythmum,1
Cacosternum_striatum,1
Cacosternum_thorini,1
Cadea_blanoides,2
Cadea_palirostrata,2
Caecilia_abitaguae,3
Caecilia_antioquiaensis,3
Caecilia_attenuata,3
Caecilia_bokermanni,3
Caecilia_caribea,3
Caecilia_corpulenta,3
Caecilia_crassisquama,3
Caecilia_degenerata,3
Caecilia_disossea,3
Caecilia_dunni,3
Caecilia_flavopunctata,3
Caecilia_gracilis,3
Caecilia_guntheri,3
Caecilia_inca,3
Caecilia_isthmica,3
Caecilia_leucocephala,3
Caecilia_mertensi,3
Caecilia_nigricans,3
Caecilia_occidentalis,3
Caecilia_orientalis,3
Caecilia_pachynema,3
Caecilia_perdita,3
Caecilia_subdermalis,3
Caecilia_subnigricans,3
Caecilia_tentaculata,3
Caecilia_tenuissima,3
Caecilia_thompsoni,3
Caecilia_volcani,3
Caenolestes_caniventer,1
Caenolestes_condorensis,1
Caenolestes_convelatus,1
Caenolestes_fuliginosus,1
Caenolestes_sangay,1
Caesoris_novaecaledoniae,2
Caiman_crocodilus,4
Caiman_latirostris,4
Caiman_yacare,4
Cairina_moschata,4
Calabaria_reinhardtii,4
Calamanthus_campestris,1
Calamanthus_cautus,1
Calamanthus_fuliginosus,1
Calamanthus_montanellus,1
Calamanthus_pyrrhopygius,1
Calamaria_abramovi,1
Calamaria_abstrusa,1
Calamaria_acutirostris,1
Calamaria_albiventer,1
Calamaria_alcalai,1
Calamaria_alidae,1
Calamaria_andersoni,1
Calamaria_apraeocularis,1
Calamaria_arcana,1
Calamaria_banggaiensis,1
Calamaria_battersbyi,1
Calamaria_bicolor,1
Calamaria_bitorques,1
Calamaria_boesemani,1
Calamaria_borneensis,1
Calamaria_brongersmai,1
Calamaria_buchi,1
Calamaria_butonensis,1
Calamaria_ceramensis,1
Calamaria_concolor,1
Calamaria_crassa,1
Calamaria_curta,1
Calamaria_doederleini,1
Calamaria_eiselti,1
Calamaria_everetti,1
Calamaria_forcarti,1
Calamaria_gervaisii,1
Calamaria_gialaiensis,1
Calamaria_gimletti,1
Calamaria_grabowskyi,1
Calamaria_gracillima,1
Calamaria_griswoldi,1
Calamaria_hilleniusi,1
Calamaria_ingeri,1
Calamaria_javanica,1
Calamaria_joloensis,1
Calamaria_lateralis,1
Calamaria_lautensis,1
Calamaria_leucogaster,1
Calamaria_linnaei,1
Calamaria_longirostris,1
Calamaria_lovii,1
Calamaria_lumbricoidea,1
Calamaria_lumholtzi,1
Calamaria_margaritophora,1
Calamaria_mecheli,1
Calamaria_melanota,1
Calamaria_modesta,1
Calamaria_muelleri,1
Calamaria_nuchalis,1
Calamaria_palavanensis,1
Calamaria_pavimentata,1
Calamaria_pfefferi,1
Calamaria_prakkei,1
Calamaria_rebentischi,1
Calamaria_sangi,1
Calamaria_schlegeli,1
Calamaria_schmidti,1
Calamaria_septentrionalis,1
Calamaria_suluensis,1
Calamaria_sumatrana,1
Calamaria_thanhi,1
Calamaria_ulmeri,1
Calamaria_virgulata,1
Calamaria_yunnanensis,1
Calamodontophis_paucidens,1
Calamodontophis_ronaldoi,1
Calamonastes_fasciolatus,1
Calamonastes_simplex,1
Calamonastes_stierlingi,1
Calamonastes_undosus,1
Calamonastides_bensoni,2
Calamonastides_gracilirostris,2
Calamophis_jobiensis,2
Calamophis_katesandersae,2
Calamophis_ruuddelangi,2
Calamophis_sharonbrooksae,2
Calamorhabdium_acuticeps,1
Calamorhabdium_kuekenthali,1
Calamospiza_melanocorys,3
Calandrella_acutirostris,2
Calandrella_blanfordi,2
Calandrella_brachydactyla,2
Calandrella_cinerea,2
Calandrella_dukhunensis,2
Calandrella_eremica,2
Calcarius_lapponicus,2
Calcarius_ornatus,2
Calcarius_pictus,2
Calcochloris_obtusirostris,1
Calcochloris_tytonis,1
Caledoniscincus_aquilonius,2
Caledoniscincus_atropunctatus,2
Caledoniscincus_auratus,2
Caledoniscincus_austrocaledonicus,2
Caledoniscincus_bodoi,2
Caledoniscincus_chazeaui,2
Caledoniscincus_constellatus,2
Caledoniscincus_cryptos,2
Caledoniscincus_festivus,2
Caledoniscincus_haplorhinus,2
Caledoniscincus_notialis,2
Caledoniscincus_orestes,2
Caledoniscincus_pelletieri,2
Caledoniscincus_renevieri,2
Caledoniscincus_terma,2
Calendulauda_africanoides,2
Calendulauda_albescens,2
Calendulauda_alopex,2
Calendulauda_burra,2
Calendulauda_erythrochlamys,2
Calendulauda_poecilosterna,2
Calendulauda_sabota,2
Calherodius_leuconotus,4
Calicalicus_madagascariensis,1
Calicalicus_rufocarpalis,1
Calidris_acuminata,3
Calidris_alba,3
Calidris_alpina,3
Calidris_bairdii,3
Calidris_canutus,4
Calidris_falcinellus,3
Calidris_ferruginea,3
Calidris_fuscicollis,3
Calidris_himantopus,3
Calidris_maritima,3
Calidris_mauri,2
Calidris_minuta,2
Calidris_minutilla,2
Calidris_ptilocnemis,3
Calidris_pugnax,4
Calidris_pusilla,2
Calidris_pygmaea,2
Calidris_ruficollis,2
Calidris_subminuta,2
Calidris_subruficollis,3
Calidris_temminckii,2
Calidris_tenuirostris,4
Calidris_virgata,4
Caliechthrus_leucolophus,4
Caligavis_chrysops,1
Caligavis_obscura,2
Caligavis_subfrenata,2
Callacanthis_burtoni,3
Callaeas_cinereus,4
Callaeas_wilsoni,4
Callibella_humilis,3
Callicebus_barbarabrownae,3
Callicebus_coimbrai,3
Callicebus_melanochir,3
Callicebus_nigrifrons,3
Callicebus_personatus,3
Callimedusa_atelopoides,2
Callimedusa_baltea,2
Callimedusa_duellmani,2
Callimedusa_ecuatoriana,2
Callimedusa_perinesos,2
Callimedusa_tomopterna,2
Callimico_goeldii,3
Calliope_calliope,2
Calliope_obscura,2
Calliope_pectardens,2
Calliope_pectoralis,2
Calliope_tschebaiewi,2
Calliophis_beddomei,1
Calliophis_bibroni,1
Calliophis_bivirgata,1
Calliophis_castoe,1
Calliophis_gracilis,1
Calliophis_haematoetron,1
Calliophis_intestinalis,1
Calliophis_maculiceps,1
Calliophis_melanurus,1
Calliophis_nigrescens,1
Calliophis_salitan,1
Callipepla_californica,4
Callipepla_douglasii,4
Callipepla_gambelii,4
Callipepla_squamata,4
Calliphlox_amethystina,1
Calliphlox_bryantae,1
Calliphlox_mitchellii,1
Callisaurus_draconoides,2
Callistomys_pictus,2
Callithrix_aurita,3
Callithrix_flaviceps,3
Callithrix_geoffroyi,3
Callithrix_jacchus,3
Callithrix_kuhlii,3
Callithrix_penicillata,3
Callixalus_pictus,1
Callocephalon_fimbriatum,4
Callonetta_leucophrys,4
Callopistes_flavipunctatus,2
Callopistes_maculatus,2
Callosciurus_adamsi,3
Callosciurus_albescens,3
Callosciurus_baluensis,3
Callosciurus_caniceps,3
Callosciurus_erythraeus,3
Callosciurus_finlaysonii,3
Callosciurus_inornatus,3
Callosciurus_melanogaster,3
Callosciurus_nigrovittatus,3
Callosciurus_notatus,3
Callosciurus_orestes,3
Callosciurus_phayrei,3
Callosciurus_prevostii,3
Callosciurus_pygerythrus,3
Callosciurus_quinquestriatus,3
Calloselasma_rhodostoma,3
Callospermophilus_lateralis,2
Callospermophilus_madrensis,2
Callospermophilus_saturatus,2
Callulina_dawida,1
Callulina_hanseni,1
Callulina_kanga,1
Callulina_kisiwamsitu,1
Callulina_kreffti,1
Callulina_laphami,1
Callulina_meteora,1
Callulina_shengena,1
Callulina_stanleyi,1
Callulops_argus,2
Callulops_biakensis,2
Callulops_bicolor,2
Callulops_boettgeri,2
Callulops_comptus,2
Callulops_doriae,2
Callulops_dubius,2
Callulops_eremnosphax,2
Callulops_fojaensis,2
Callulops_fuscus,2
Callulops_glandulosus,2
Callulops_humicola,2
Callulops_kopsteini,2
Callulops_marmoratus,2
Callulops_mediodiscus,2
Callulops_microtis,2
Callulops_neuhaussi,2
Callulops_omnistriatus,2
Callulops_personatus,2
Callulops_robustus,2
Callulops_sagittatus,2
Callulops_stellatus,2
Callulops_stictogaster,2
Callulops_taxispilotus,2
Callulops_valvifer,2
Callulops_wilhelmanus,2
Callulops_wondiwoiensis,2
Callulops_yapenensis,2
Calochaetes_coccineus,2
Calodactylodes_aureus,1
Calodactylodes_illingworthorum,1
Caloenas_nicobarica,4
Calomys_boliviae,1
Calomys_callidus,1
Calomys_callosus,1
Calomys_expulsus,1
Calomys_fecundus,1
Calomys_hummelincki,1
Calomys_laucha,1
Calomys_lepidus,1
Calomys_musculinus,1
Calomys_sorellus,1
Calomys_tener,1
Calomys_tocantinsi,1
Calomys_venustus,1
Calomyscus_bailwardi,1
Calomyscus_baluchi,1
Calomyscus_elburzensis,1
Calomyscus_grandis,1
Calomyscus_hotsoni,1
Calomyscus_mystax,1
Calomyscus_tsolovi,1
Calomyscus_urartensis,1
Calonectris_borealis,4
Calonectris_diomedea,4
Calonectris_edwardsii,4
Calonectris_leucomelas,4
Caloperdix_oculeus,4
Caloramphus_fuliginosus,3
Caloramphus_hayii,3
Calorodius_thorntonensis,2
Calotes_bachae,1
Calotes_bhutanensis,1
Calotes_calotes,1
Calotes_ceylonensis,1
Calotes_chincollium,1
Calotes_desilvai,1
Calotes_emma,1
Calotes_grandisquamis,1
Calotes_htunwini,1
Calotes_irawadi,1
Calotes_jerdoni,1
Calotes_liocephalus,1
Calotes_liolepis,1
Calotes_manamendrai,1
Calotes_maria,1
Calotes_medogensis,1
Calotes_minor,1
Calotes_mystaceus,1
Calotes_nemoricola,1
Calotes_nigrilabris,1
Calotes_paulus,1
Calotes_pethiyagodai,1
Calotes_versicolor,2
Calotes_zolaiking,1
Calothorax_lucifer,1
Calothorax_pulcher,1
Calotriton_asper,2
Calumma_amber,2
Calumma_ambreense,2
Calumma_andringitraense,2
Calumma_boettgeri,2
Calumma_brevicorne,2
Calumma_capuroni,2
Calumma_crypticum,2
Calumma_cucullatum,2
Calumma_fallax,2
Calumma_furcifer,2
Calumma_gallus,2
Calumma_gastrotaenia,2
Calumma_glawi,2
Calumma_globifer,2
Calumma_guibei,2
Calumma_guillaumeti,2
Calumma_hafahafa,2
Calumma_hilleniusi,2
Calumma_jejy,2
Calumma_linotum,2
Calumma_malthe,2
Calumma_marojezense,2
Calumma_nasutum,2
Calumma_oshaughnessyi,2
Calumma_parsonii,2
Calumma_peltierorum,2
Calumma_peyrierasi,2
Calumma_tarzan,2
Calumma_tsaratananense,2
Calumma_tsycorne,2
Calumma_vatosoa,2
Calumma_vencesi,2
Calumma_vohibola,2
Caluromys_derbianus,2
Caluromys_lanatus,2
Caluromys_philander,2
Caluromysiops_irrupta,2
Calypte_anna,1
Calypte_costae,1
Calyptocephalella_gayi,4
Calyptocichla_serinus,2
Calyptomena_hosii,3
Calyptomena_viridis,3
Calyptomena_whiteheadi,3
Calyptommatus_confusionibus,1
Calyptommatus_leiolepis,1
Calyptommatus_nicterus,1
Calyptommatus_sinebrachiatus,1
Calyptophilus_frugivorus,2
Calyptophilus_tertius,2
Calyptophractus_retusus,3
Calyptorhynchus_banksii,4
Calyptorhynchus_lathami,4
Calyptotis_lepidorostrum,2
Calyptotis_ruficauda,2
Calyptotis_scutirostrum,2
Calyptotis_temporalis,2
Calyptura_cristata,1
Camaroptera_brachyura,1
Camaroptera_chloronota,1
Camaroptera_harterti,1
Camaroptera_superciliaris,1
Camaroptera_toroensis,1
Camelus_ferus,4
Campephaga_flava,2
Campephaga_petiti,2
Campephaga_phoenicea,2
Campephaga_quiscalina,2
Campephilus_gayaquilensis,4
Campephilus_guatemalensis,4
Campephilus_haematogaster,4
Campephilus_imperialis,4
Campephilus_leucopogon,4
Campephilus_magellanicus,4
Campephilus_melanoleucos,4
Campephilus_pollens,4
Campephilus_principalis,4
Campephilus_robustus,4
Campephilus_rubricollis,4
Campephilus_splendens,4
Campethera_abingoni,3
Campethera_bennettii,3
Campethera_cailliautii,3
Campethera_caroli,3
Campethera_maculosa,3
Campethera_mombassica,3
Campethera_nivosa,3
Campethera_notata,3
Campethera_nubica,3
Campethera_punctuligera,3
Campethera_scriptoricauda,3
Campethera_taeniolaema,3
Campethera_tullbergi,3
Campicoloides_bifasciatus,2
Campochaera_sloetii,3
Camptostoma_imberbe,1
Camptostoma_obsoletum,1
Campylopterus_curvipennis,1
Campylopterus_cuvierii,1
Campylopterus_duidae,1
Campylopterus_ensipennis,1
Campylopterus_falcatus,1
Campylopterus_hemileucurus,1
Campylopterus_hyperythrus,1
Campylopterus_largipennis,1
Campylopterus_phainopeplus,1
Campylopterus_rufus,1
Campylopterus_villaviscensio,1
Campylorhamphus_falcularius,3
Campylorhamphus_multostriatus,3
Campylorhamphus_probatus,2
Campylorhamphus_procurvoides,2
Campylorhamphus_pusillus,2
Campylorhamphus_trochilirostris,3
Campylorhynchus_albobrunneus,3
Campylorhynchus_brunneicapillus,3
Campylorhynchus_capistratus,3
Campylorhynchus_chiapensis,3
Campylorhynchus_fasciatus,3
Campylorhynchus_griseus,3
Campylorhynchus_gularis,3
Campylorhynchus_humilis,3
Campylorhynchus_jocosus,3
Campylorhynchus_megalopterus,3
Campylorhynchus_nuchalis,3
Campylorhynchus_rufinucha,3
Campylorhynchus_turdinus,3
Campylorhynchus_yucatanicus,3
Campylorhynchus_zonatus,3
Candoia_aspera,4
Candoia_bibroni,4
Candoia_carinata,4
Candoia_paulsoni,4
Candoia_superciliosa,4
Canirallus_oculeus,3
Canis_adustus,4
Canis_aureus,4
Canis_latrans,4
Canis_lupaster,4
Canis_lupus,4
Canis_mesomelas,4
Canis_rufus,4
Canis_simensis,4
Cannomys_badius,3
Cansumys_canus,1
Cantorchilus_griseus,2
Cantorchilus_guarayanus,2
Cantorchilus_leucopogon,2
Cantorchilus_leucotis,2
Cantorchilus_longirostris,2
Cantorchilus_modestus,2
Cantorchilus_nigricapillus,2
Cantorchilus_semibadius,2
Cantorchilus_superciliaris,2
Cantorchilus_thoracicus,2
Cantorchilus_zeledoni,2
Caparaonia_itaiquara,1
Capensibufo_deceptus,1
Capensibufo_magistratus,1
Capensibufo_rosei,1
Capensibufo_selenophos,1
Capensibufo_tradouwi,1
Capitellum_parvicruzae,2
Capito_auratus,3
Capito_aurovirens,3
Capito_brunneipectus,3
Capito_dayi,3
Capito_fitzpatricki,2
Capito_hypoleucus,2
Capito_maculicoronatus,2
Capito_niger,3
Capito_quinticolor,3
Capito_squamatus,2
Capito_wallacei,2
Capra_aegagrus,4
Capra_caucasica,4
Capra_cylindricornis,4
Capra_falconeri,4
Capra_ibex,4
Capra_nubiana,4
Capra_pyrenaica,4
Capra_sibirica,4
Capra_walie,4
Capreolus_capreolus,4
Capreolus_pygargus,4
Capricornis_crispus,4
Capricornis_rubidus,4
Capricornis_sumatraensis,4
Capricornis_swinhoei,4
Caprimulgus_aegyptius,3
Caprimulgus_affinis,3
Caprimulgus_andamanicus,3
Caprimulgus_asiaticus,3
Caprimulgus_atripennis,3
Caprimulgus_batesi,3
Caprimulgus_celebensis,3
Caprimulgus_centralasicus,3
Caprimulgus_clarus,3
Caprimulgus_climacurus,2
Caprimulgus_concretus,3
Caprimulgus_donaldsoni,3
Caprimulgus_europaeus,3
Caprimulgus_eximius,3
Caprimulgus_fossii,3
Caprimulgus_fraenatus,3
Caprimulgus_indicus,3
Caprimulgus_inornatus,3
Caprimulgus_jotaka,3
Caprimulgus_longipennis,3
Caprimulgus_macrurus,3
Caprimulgus_madagascariensis,3
Caprimulgus_mahrattensis,3
Caprimulgus_manillensis,3
Caprimulgus_meesi,3
Caprimulgus_natalensis,3
Caprimulgus_nubicus,3
Caprimulgus_pectoralis,3
Caprimulgus_phalaena,3
Caprimulgus_poliocephalus,3
Caprimulgus_prigoginei,3
Caprimulgus_pulchellus,3
Caprimulgus_ruficollis,3
Caprimulgus_rufigena,3
Caprimulgus_solala,3
Caprimulgus_stellatus,3
Caprimulgus_tristigma,3
Caprimulgus_vexillarius,3
Caprolagus_hispidus,3
Capromys_pilorides,4
Capsiempis_flaveola,1
Caracal_aurata,4
Caracal_caracal,4
Caracara_cheriway,4
Caracara_plancus,4
Caraiba_andreae,2
Cardellina_canadensis,1
Cardellina_pusilla,1
Cardellina_rubra,1
Cardellina_rubrifrons,1
Cardellina_versicolor,1
Cardinalis_cardinalis,3
Cardinalis_phoeniceus,3
Cardinalis_sinuatus,3
Cardiocranius_paradoxus,1
Cardioderma_cor,3
Cardioglossa_alsco,1
Cardioglossa_annulata,1
Cardioglossa_congolia,1
Cardioglossa_cyaneospila,1
Cardioglossa_elegans,1
Cardioglossa_escalerae,1
Cardioglossa_gracilis,1
Cardioglossa_gratiosa,1
Cardioglossa_inornata,1
Cardioglossa_leucomystax,1
Cardioglossa_manengouba,1
Cardioglossa_melanogaster,1
Cardioglossa_nigromaculata,1
Cardioglossa_occidentalis,1
Cardioglossa_oreas,1
Cardioglossa_pulchra,1
Cardioglossa_schioetzi,1
Cardioglossa_trifasciata,1
Cardioglossa_venusta,1
Carduelis_caniceps,2
Carduelis_carduelis,2
Carduelis_citrinella,1
Carduelis_corsicana,1
Caretta_caretta,4
Carettochelys_insculpta,2
Cariama_cristata,4
Caribicus_darlingtoni,2
Caribicus_warreni,2
Caridonax_fulgidus,3
Carinascincus_coventryi,1
Carinascincus_greeni,1
Carinascincus_metallicus,1
Carinascincus_microlepidotus,1
Carinascincus_ocellatus,1
Carinascincus_orocryptus,1
Carinascincus_palfreymani,1
Carinascincus_pretiosus,1
Carlia_aenigma,1
Carlia_ailanpalai,1
Carlia_amax,1
Carlia_aramia,1
Carlia_babarensis,1
Carlia_beccarii,1
Carlia_bicarinata,1
Carlia_bomberai,1
Carlia_caesius,1
Carlia_crypta,1
Carlia_decora,1
Carlia_diguliensis,1
Carlia_dogare,1
Carlia_eothen,1
Carlia_fusca,1
Carlia_gracilis,1
Carlia_inconnexa,1
Carlia_insularis,1
Carlia_isostriacantha,1
Carlia_jarnoldae,1
Carlia_johnstonei,1
Carlia_leucotaenia,1
Carlia_longipes,1
Carlia_luctuosa,1
Carlia_munda,1
Carlia_mysi,1
Carlia_nigrauris,1
Carlia_pectoralis,1
Carlia_peronii,1
Carlia_pulla,1
Carlia_quinquecarinata,1
Carlia_rhomboidalis,1
Carlia_rostralis,1
Carlia_rubigo,1
Carlia_rubrigularis,1
Carlia_rufilatus,1
Carlia_schmeltzii,1
Carlia_sexdentata,1
Carlia_storri,1
Carlia_sukur,1
Carlia_tetradactyla,1
Carlia_triacantha,1
Carlia_tutela,1
Carlia_vivax,1
Carlia_wundalthini,1
Carlito_syrichta,2
Carollia_benkeithi,2
Carollia_brevicauda,2
Carollia_castanea,2
Carollia_manu,2
Carollia_monohernandezi,2
Carollia_perspicillata,2
Carollia_subrufa,2
Carphodactylus_laevis,2
Carphophis_amoenus,1
Carphophis_vermis,1
Carpitalpa_arendsi,1
Carpococcyx_radiceus,4
Carpococcyx_renauldi,4
Carpococcyx_viridis,4
Carpodacus_dubius,2
Carpodacus_edwardsii,2
Carpodacus_erythrinus,2
Carpodacus_formosanus,2
Carpodacus_pulcherrimus,2
Carpodacus_puniceus,3
Carpodacus_rhodochlamys,2
Carpodacus_roborowskii,2
Carpodacus_rodochroa,2
Carpodacus_rodopeplus,2
Carpodacus_roseus,2
Carpodacus_rubicilla,3
Carpodacus_rubicilloides,3
Carpodacus_sibiricus,2
Carpodacus_sillemi,2
Carpodacus_sipahi,3
Carpodacus_stoliczkae,2
Carpodacus_subhimachalus,2
Carpodacus_synoicus,2
Carpodacus_thura,2
Carpodacus_trifasciatus,3
Carpodacus_verreauxii,2
Carpodacus_vinaceus,2
Carpodacus_waltoni,2
Carpodectes_antoniae,3
Carpodectes_hopkei,3
Carpodectes_nitidus,3
Carpomys_melanurus,1
Carpomys_phaeurus,1
Carpornis_cucullata,3
Carpornis_melanocephala,3
Carpospiza_brachydactyla,2
Carterodon_sulcidens,2
Carterornis_castus,1
Carterornis_chrysomela,2
Carterornis_leucotis,1
Carterornis_pileatus,2
Caryomys_eva,1
Caryomys_inez,1
Caryothraustes_canadensis,3
Caryothraustes_celaeno,3
Caryothraustes_erythromelas,3
Caryothraustes_poliogaster,2
Casarea_dussumieri,4
Casinycteris_argynnis,4
Casiornis_fuscus,2
Casiornis_rufus,2
Cassiculus_melanicterus,3
Castanozoster_thoracicus,2
Castor_canadensis,4
Castor_fiber,4
Casuarius_bennetti,4
Casuarius_casuarius,4
Casuarius_unappendiculatus,4
Catagonus_wagneri,4
Catamblyrhynchus_diadema,2
Catamenia_analis,1
Catamenia_homochroa,1
Catamenia_inornata,1
Cataponera_turdoides,3
Catharacta_antarctica,4
Catharacta_chilensis,4
Catharacta_skua,4
Catharopeza_bishopi,1
Cathartes_aura,4
Cathartes_burrovianus,4
Cathartes_melambrotus,4
Catharus_aurantiirostris,2
Catharus_bicknelli,2
Catharus_dryas,3
Catharus_frantzii,2
Catharus_fuscater,3
Catharus_fuscescens,2
Catharus_gracilirostris,2
Catharus_guttatus,2
Catharus_maculatus,3
Catharus_mexicanus,2
Catharus_minimus,2
Catharus_occidentalis,2
Catharus_swainsoni,2
Catharus_ustulatus,2
Catherpes_mexicanus,1
Catopuma_badia,4
Catopuma_temminckii,4
Catreus_wallichii,4
Causus_bilineatus,2
Causus_defilippii,2
Causus_lichtensteinii,2
Causus_maculatus,2
Causus_rasmusseni,2
Causus_resimus,2
Causus_rhombeatus,2
Cavia_aperea,3
Cavia_fulgida,3
Cavia_magna,3
Cavia_patzelti,3
Cavia_tschudii,3
Ceblepyris_caesius,3
Ceblepyris_cinereus,3
Ceblepyris_cucullatus,3
Ceblepyris_graueri,3
Ceblepyris_pectoralis,3
Cebuella_niveiventris,2
Cebuella_pygmaea,2
Cebus_aequatorialis,4
Cebus_albifrons,4
Cebus_brunneus,4
Cebus_capucinus,4
Cebus_castaneus,4
Cebus_cesarae,4
Cebus_cuscinus,4
Cebus_imitator,4
Cebus_kaapori,4
Cebus_leucocephalus,4
Cebus_malitiosus,4
Cebus_olivaceus,4
Cebus_unicolor,4
Cebus_versicolor,4
Cebus_yuracus,4
Cecropis_abyssinica,2
Cecropis_cucullata,2
Cecropis_daurica,2
Cecropis_hyperythra,2
Cecropis_semirufa,2
Cecropis_senegalensis,2
Celatiscincus_euryotis,1
Celatiscincus_similis,1
Celebesica_abbotti,3
Celestus_barbouri,2
Celestus_crusculus,2
Celestus_duquesneyi,2
Celestus_fowleri,2
Celestus_hewardi,2
Celestus_macrotus,2
Celestus_molesworthi,2
Celeus_castaneus,3
Celeus_elegans,3
Celeus_flavescens,3
Celeus_flavus,3
Celeus_galeatus,4
Celeus_loricatus,3
Celeus_lugubris,3
Celeus_obrieni,3
Celeus_occidentalis,3
Celeus_ochraceus,3
Celeus_spectabilis,4
Celeus_tinnunculus,3
Celeus_torquatus,3
Celeus_undatus,3
Celsiella_revocata,1
Celsiella_vozmedianoi,1
Cemophora_coccinea,2
Centrocercus_minimus,4
Centrocercus_urophasianus,4
Centrochelys_sulcata,4
Centrolene_acanthidiocephalum,1
Centrolene_altitudinalis,1
Centrolene_antioquiensis,1
Centrolene_azulae,1
Centrolene_ballux,1
Centrolene_buckleyi,1
Centrolene_charapita,1
Centrolene_condor,1
Centrolene_daidalea,1
Centrolene_heloderma,1
Centrolene_hesperia,1
Centrolene_huilensis,1
Centrolene_hybrida,1
Centrolene_lemniscata,1
Centrolene_lynchi,1
Centrolene_medemi,1
Centrolene_muelleri,1
Centrolene_notosticta,1
Centrolene_paezorum,1
Centrolene_peristicta,1
Centrolene_petrophilum,1
Centrolene_pipilata,1
Centrolene_quindianum,1
Centrolene_robledoi,1
Centrolene_sabini,1
Centrolene_sanchezi,1
Centrolene_savagei,1
Centrolene_solitaria,1
Centrolene_venezuelense,1
Centronycteris_centralis,2
Centronycteris_maximiliani,2
Centropus_andamanensis,4
Centropus_anselli,3
Centropus_ateralbus,4
Centropus_bengalensis,4
Centropus_bernsteini,4
Centropus_celebensis,4
Centropus_chalybeus,4
Centropus_chlororhynchos,4
Centropus_cupreicaudus,4
Centropus_goliath,4
Centropus_grillii,3
Centropus_leucogaster,4
Centropus_melanops,3
Centropus_menbeki,4
Centropus_milo,4
Centropus_monachus,4
Centropus_nigrorufus,4
Centropus_phasianinus,4
Centropus_rectunguis,3
Centropus_senegalensis,3
Centropus_sinensis,4
Centropus_spilopterus,4
Centropus_steerii,4
Centropus_superciliosus,3
Centropus_toulou,3
Centropus_unirufus,4
Centropus_violaceus,4
Centropus_viridis,4
Centrosaura_apodema,1
Centurio_senex,3
Cephalopachus_bancanus,2
Cephalophus_adersi,4
Cephalophus_callipygus,4
Cephalophus_dorsalis,4
Cephalophus_harveyi,4
Cephalophus_jentinki,4
Cephalophus_leucogaster,4
Cephalophus_natalensis,4
Cephalophus_niger,4
Cephalophus_nigrifrons,4
Cephalophus_ogilbyi,4
Cephalophus_rufilatus,4
Cephalophus_silvicultor,4
Cephalophus_spadix,4
Cephalophus_weynsi,4
Cephalophus_zebra,4
Cephalopterus_glabricollis,4
Cephalopterus_ornatus,4
Cephalopterus_penduliger,4
Cephalopyrus_flammiceps,1
Cepphus_carbo,4
Cerastes_cerastes,2
Cerastes_gasperettii,2
Cerastes_vipera,2
Ceratogymna_atrata,4
Ceratogymna_elata,4
Ceratophora_aspera,1
Ceratophora_erdeleni,1
Ceratophora_karu,1
Ceratophora_stoddartii,1
Ceratophora_tennentii,1
Ceratophrys_aurita,4
Ceratophrys_calcarata,4
Ceratophrys_cornuta,4
Ceratophrys_cranwelli,4
Ceratophrys_joazeirensis,4
Ceratophrys_ornata,4
Ceratophrys_stolzmanni,4
Ceratophrys_testudo,4
Ceratopipra_chloromeros,1
Ceratopipra_cornuta,2
Ceratopipra_erythrocephala,1
Ceratopipra_mentalis,1
Ceratopipra_rubrocapilla,1
Ceratotherium_simum,4
Cercartetus_caudatus,1
Cercartetus_concinnus,1
Cercartetus_lepidus,1
Cercartetus_nanus,1
Cercibis_oxycerca,4
Cercocebus_agilis,4
Cercocebus_atys,4
Cercocebus_chrysogaster,4
Cercocebus_galeritus,4
Cercocebus_lunulatus,4
Cercocebus_sanjei,4
Cercocebus_torquatus,4
Cercococcyx_mechowi,3
Cercococcyx_montanus,3
Cercococcyx_olivinus,3
Cercomacra_brasiliana,2
Cercomacra_carbonaria,2
Cercomacra_cinerascens,2
Cercomacra_ferdinandi,2
Cercomacra_manu,2
Cercomacra_melanaria,2
Cercomacra_nigricans,1
Cercomacroides_fuscicauda,2
Cercomacroides_laeta,1
Cercomacroides_nigrescens,2
Cercomacroides_parkeri,1
Cercomacroides_serva,1
Cercomacroides_tyrannina,1
Cercophis_auratus,2
Cercopithecus_ascanius,4
Cercopithecus_campbelli,4
Cercopithecus_cephus,4
Cercopithecus_denti,4
Cercopithecus_diana,4
Cercopithecus_dryas,4
Cercopithecus_erythrogaster,4
Cercopithecus_erythrotis,4
Cercopithecus_hamlyni,4
Cercopithecus_lomamiensis,4
Cercopithecus_lowei,4
Cercopithecus_mitis,4
Cercopithecus_mona,4
Cercopithecus_neglectus,4
Cercopithecus_nictitans,4
Cercopithecus_petaurista,4
Cercopithecus_pogonias,4
Cercopithecus_roloway,4
Cercopithecus_sclateri,4
Cercopithecus_wolfi,4
Cercosaura_argulus,1
Cercosaura_eigenmanni,1
Cercosaura_hypnoides,1
Cercosaura_manicata,1
Cercosaura_nigroventris,1
Cercosaura_ocellata,1
Cercosaura_parkeri,1
Cercosaura_phelpsorum,1
Cercosaura_quadrilineata,1
Cercosaura_schreibersii,1
Cercosaura_steyeri,1
Cercotrichas_galactotes,2
Cercotrichas_hartlaubi,2
Cercotrichas_leucophrys,2
Cercotrichas_paena,2
Cercotrichas_podobe,2
Cerdocyon_thous,4
Cereopsis_novaehollandiae,4
Cerorhinca_monocerata,4
Cerradomys_maracajuensis,1
Cerradomys_marinhus,1
Cerradomys_scotti,1
Cerradomys_subflavus,1
Cerrophidion_godmani,2
Cerrophidion_petlalcalensis,2
Cerrophidion_tzotzilorum,2
Certhia_americana,1
Certhia_brachydactyla,1
Certhia_discolor,1
Certhia_familiaris,1
Certhia_himalayana,1
Certhia_hodgsoni,1
Certhia_manipurensis,1
Certhia_nipalensis,1
Certhia_tianquanensis,1
Certhiasomus_stictolaemus,2
Certhiaxis_cinnamomeus,1
Certhiaxis_mustelinus,1
Certhidea_fusca,1
Certhidea_olivacea,1
Certhilauda_chuana,3
Certhilauda_curvirostris,3
Certhilauda_semitorquata,2
Certhilauda_subcoronata,3
Certhionyx_variegatus,2
Cervus_albirostris,4
Cervus_canadensis,4
Cervus_elaphus,4
Cervus_hanglu,4
Cervus_nippon,4
Ceryle_rudis,3
Cettia_brunnifrons,1
Cettia_castaneocoronata,1
Cettia_cetti,2
Cettia_major,2
Ceuthmochares_aereus,3
Ceuthmochares_australis,3
Ceuthomantis_aracamuni,2
Ceuthomantis_cavernibardus,2
Ceuthomantis_duellmani,2
Ceuthomantis_smaragdinus,2
Ceyx_argentatus,2
Ceyx_azureus,2
Ceyx_cajeli,2
Ceyx_collectoris,2
Ceyx_cyanopectus,2
Ceyx_dispar,2
Ceyx_erithaca,2
Ceyx_fallax,2
Ceyx_flumenicola,2
Ceyx_gentianus,2
Ceyx_lepidus,1
Ceyx_margarethae,2
Ceyx_meeki,2
Ceyx_melanurus,2
Ceyx_mindanensis,2
Ceyx_mulcatus,1
Ceyx_nigrirostris,2
Ceyx_nigromaxilla,2
Ceyx_pusillus,1
Ceyx_sacerdotis,2
Ceyx_sangirensis,2
Ceyx_solitarius,2
Ceyx_wallacii,2
Ceyx_websteri,2
Chacodelphys_formosa,1
Chacophrys_pierottii,4
Chaerephon_aloysiisabaudiae,1
Chaerephon_ansorgei,1
Chaerephon_atsinanana,1
Chaerephon_bemmeleni,1
Chaerephon_bivittatus,1
Chaerephon_bregullae,1
Chaerephon_chapini,1
Chaerephon_gallagheri,1
Chaerephon_jobensis,1
Chaerephon_jobimena,1
Chaerephon_johorensis,1
Chaerephon_major,1
Chaerephon_nigeriae,1
Chaerephon_plicatus,1
Chaerephon_pumilus,1
Chaerephon_russatus,1
Chaerephon_tomensis,1
Chaetocauda_sichuanensis,1
Chaetocercus_astreans,1
Chaetocercus_berlepschi,1
Chaetocercus_bombus,1
Chaetocercus_heliodor,1
Chaetocercus_jourdanii,1
Chaetocercus_mulsant,1
Chaetodipus_ammophilus,1
Chaetodipus_arenarius,1
Chaetodipus_artus,1
Chaetodipus_baileyi,1
Chaetodipus_californicus,1
Chaetodipus_eremicus,1
Chaetodipus_fallax,1
Chaetodipus_formosus,1
Chaetodipus_goldmani,1
Chaetodipus_hispidus,1
Chaetodipus_intermedius,1
Chaetodipus_lineatus,1
Chaetodipus_nelsoni,1
Chaetodipus_penicillatus,1
Chaetodipus_pernix,1
Chaetodipus_rudinoris,1
Chaetodipus_siccus,1
Chaetodipus_spinatus,1
Chaetomys_subspinosus,4
Chaetophractus_vellerosus,3
Chaetophractus_villosus,3
Chaetops_aurantius,3
Chaetops_frenatus,3
Chaetorhynchus_papuensis,2
Chaetornis_striata,3
Chaetura_brachyura,2
Chaetura_chapmani,2
Chaetura_cinereiventris,2
Chaetura_egregia,2
Chaetura_fumosa,2
Chaetura_martinica,2
Chaetura_meridionalis,2
Chaetura_pelagica,2
Chaetura_spinicaudus,2
Chaetura_vauxi,2
Chalarodon_madagascariensis,2
Chalcides_armitagei,1
Chalcides_bedriagai,1
Chalcides_bottegi,2
Chalcides_boulengeri,1
Chalcides_chalcides,2
Chalcides_coeruleopunctatus,1
Chalcides_colosii,2
Chalcides_delislei,1
Chalcides_guentheri,1
Chalcides_lanzai,2
Chalcides_levitoni,1
Chalcides_manueli,2
Chalcides_mauritanicus,1
Chalcides_mertensi,2
Chalcides_minutus,1
Chalcides_mionecton,1
Chalcides_montanus,2
Chalcides_ocellatus,2
Chalcides_parallelus,1
Chalcides_pentadactylus,1
Chalcides_polylepis,2
Chalcides_pseudostriatus,1
Chalcides_pulchellus,2
Chalcides_ragazzii,2
Chalcides_sepsoides,1
Chalcides_sexlineatus,1
Chalcides_simonyi,1
Chalcides_sphenopsiformis,1
Chalcides_striatus,2
Chalcides_thierryi,2
Chalcides_viridanus,1
Chalcidoseps_thwaitesi,1
Chalcites_basalis,3
Chalcites_crassirostris,3
Chalcites_lucidus,3
Chalcites_megarhynchus,3
Chalcites_meyerii,3
Chalcites_minutillus,2
Chalcites_osculans,3
Chalcites_ruficollis,2
Chalcomitra_adelberti,1
Chalcomitra_amethystina,1
Chalcomitra_balfouri,1
Chalcomitra_fuliginosa,1
Chalcomitra_hunteri,1
Chalcomitra_rubescens,1
Chalcomitra_senegalensis,1
Chalcoparia_singalensis,1
Chalcophaps_indica,4
Chalcophaps_longirostris,3
Chalcophaps_stephani,3
Chalcopsitta_atra,4
Chalcopsitta_cardinalis,4
Chalcopsitta_duivenbodei,4
Chalcopsitta_scintillata,4
Chalcorana_chalconota,2
Chalcorana_eschatia,2
Chalcorana_kampeni,2
Chalcorana_labialis,2
Chalcorana_macrops,2
Chalcorana_megalonesa,2
Chalcorana_mocquardii,2
Chalcorana_parvaccola,2
Chalcorana_raniceps,2
Chalcorana_rufipes,2
Chalcostigma_herrani,1
Chalcostigma_heteropogon,1
Chalcostigma_olivaceum,1
Chalcostigma_ruficeps,1
Chalcostigma_stanleyi,1
Chalinolobus_dwyeri,2
Chalinolobus_gouldii,2
Chalinolobus_morio,2
Chalinolobus_neocaledonicus,2
Chalinolobus_nigrogriseus,2
Chalinolobus_picatus,2
Chalinolobus_tuberculatus,2
Chaltenobatrachus_grandisonae,2
Chalybura_buffonii,1
Chalybura_urochrysia,1
Chamaea_fasciata,2
Chamaeleo_africanus,3
Chamaeleo_anchietae,2
Chamaeleo_arabicus,2
Chamaeleo_calcaricarens,2
Chamaeleo_calyptratus,3
Chamaeleo_chamaeleon,3
Chamaeleo_dilepis,3
Chamaeleo_gracilis,2
Chamaeleo_laevigatus,2
Chamaeleo_monachus,2
Chamaeleo_namaquensis,3
Chamaeleo_necasi,2
Chamaeleo_senegalensis,2
Chamaeleo_zeylanicus,3
Chamaelycus_christyi,1
Chamaelycus_fasciatus,1
Chamaelycus_parkeri,1
Chamaepetes_goudotii,4
Chamaepetes_unicolor,4
Chamaesaura_aenea,1
Chamaesaura_anguina,1
Chamaesaura_macrolepis,1
Chamaesaura_miopropus,1
Chamaesaura_tenuior,1
Chamaetylas_choloensis,2
Chamaetylas_fuelleborni,2
Chamaetylas_poliocephala,2
Chamaetylas_poliophrys,2
Chamaeza_campanisona,3
Chamaeza_meruloides,3
Chamaeza_mollissima,3
Chamaeza_nobilis,3
Chamaeza_ruficauda,3
Chamaeza_turdina,3
Chaperina_fusca,1
Chapinophis_xanthocheilus,2
Charadrahyla_altipotens,2
Charadrahyla_chaneque,2
Charadrahyla_esperancensis,2
Charadrahyla_juanitae,2
Charadrahyla_nephila,2
Charadrahyla_pinorum,2
Charadrahyla_sakbah,2
Charadrahyla_taeniopus,2
Charadrahyla_tecuani,2
Charadrahyla_trux,2
Charadrius_alexandrinus,3
Charadrius_alticola,3
Charadrius_aquilonius,3
Charadrius_asiaticus,3
Charadrius_bicinctus,3
Charadrius_bifrontatus,3
Charadrius_collaris,2
Charadrius_dealbatus,3
Charadrius_dubius,2
Charadrius_falklandicus,3
Charadrius_forbesi,3
Charadrius_hiaticula,3
Charadrius_javanicus,3
Charadrius_leschenaultii,3
Charadrius_marginatus,3
Charadrius_melodus,3
Charadrius_modestus,3
Charadrius_mongolus,3
Charadrius_montanus,3
Charadrius_nivosus,3
Charadrius_obscurus,3
Charadrius_pallidus,3
Charadrius_pecuarius,3
Charadrius_placidus,3
Charadrius_ruficapillus,3
Charadrius_semipalmatus,3
Charadrius_thoracicus,3
Charadrius_tricollaris,3
Charadrius_veredus,3
Charadrius_vociferus,3
Charina_bottae,3
Charina_umbratica,3
Charitospiza_eucosma,1
Charmosyna_amabilis,3
Charmosyna_diadema,3
Charmosyna_josefinae,3
Charmosyna_margarethae,3
Charmosyna_meeki,2
Charmosyna_multistriata,2
Charmosyna_palmarum,2
Charmosyna_papou,3
Charmosyna_placentis,3
Charmosyna_pulchella,2
Charmosyna_rubrigularis,2
Charmosyna_rubronotata,2
Charmosyna_stellae,3
Charmosyna_toxopei,2
Charmosyna_wilhelminae,1
Chasiempis_ibidis,2
Chasiempis_sandwichensis,2
Chasiempis_sclateri,2
Chatarrhaea_gularis,2
Chatarrhaea_longirostris,2
Chatogekko_amazonicus,1
Chauna_chavaria,4
Chauna_torquata,4
Cheirogaleus_andysabini,3
Cheirogaleus_crossleyi,3
Cheirogaleus_grovesi,3
Cheirogaleus_lavasoensis,3
Cheirogaleus_major,3
Cheirogaleus_medius,3
Cheirogaleus_shethi,3
Cheirogaleus_sibreei,3
Cheirogaleus_thomasi,3
Cheiromeles_parvidens,4
Cheiromeles_torquatus,4
Chelemys_macronyx,1
Chelemys_megalonyx,1
Chelictinia_riocourii,3
Chelidoptera_tenebrosa,3
Chelidorhynx_hypoxanthus,1
Chelodina_mccordi,3
Chelodina_parkeri,3
Chelodina_pritchardi,3
Chelonia_mydas,4
Chelonoidis_becki,4
Chelonoidis_chathamensis,4
Chelonoidis_darwini,4
Chelonoidis_donfaustoi,4
Chelonoidis_duncanensis,4
Chelonoidis_guntheri,4
Chelonoidis_hoodensis,4
Chelonoidis_microphyes,4
Chelonoidis_phantasticus,4
Chelonoidis_porteri,4
Chelonoidis_vandenburghi,4
Chelonoidis_vicina,4
Chelosania_brunnea,2
Chelydra_serpentina,4
Chenonetta_jubata,4
Chenorhamphus_grayi,1
Cheracebus_lucifer,3
Cheracebus_lugens,3
Cheracebus_medemi,3
Cheracebus_purinus,3
Cheracebus_regulus,3
Cheracebus_torquatus,3
Cheramoeca_leucosterna,1
Chersina_angulata,4
Chersobius_boulengeri,3
Chersobius_signatus,3
Chersodromus_liebmanni,2
Chersodromus_rubriventris,2
Chersomanes_albofasciata,2
Chersophilus_duponti,3
Chiasmocleis_alagoana,1
Chiasmocleis_albopunctata,1
Chiasmocleis_altomontana,1
Chiasmocleis_anatipes,1
Chiasmocleis_antenori,1
Chiasmocleis_atlantica,1
Chiasmocleis_avilapiresae,1
Chiasmocleis_bassleri,1
Chiasmocleis_bicegoi,1
Chiasmocleis_capixaba,1
Chiasmocleis_carvalhoi,1
Chiasmocleis_centralis,1
Chiasmocleis_cordeiroi,1
Chiasmocleis_crucis,1
Chiasmocleis_devriesi,1
Chiasmocleis_gnoma,1
Chiasmocleis_haddadi,1
Chiasmocleis_hudsoni,1
Chiasmocleis_jimi,1
Chiasmocleis_lacrimae,1
Chiasmocleis_leucosticta,1
Chiasmocleis_magnova,1
Chiasmocleis_mantiqueira,1
Chiasmocleis_mehelyi,1
Chiasmocleis_migueli,1
Chiasmocleis_papachibe,1
Chiasmocleis_parkeri,1
Chiasmocleis_quilombola,1
Chiasmocleis_royi,1
Chiasmocleis_sapiranga,1
Chiasmocleis_schubarti,1
Chiasmocleis_shudikarensis,1
Chiasmocleis_supercilialba,1
Chiasmocleis_tridactyla,1
Chiasmocleis_ventrimaculata,1
Chiasmocleis_veracruz,1
Chibchanomys_orcesi,1
Chibchanomys_trichotis,1
Chikila_alcocki,2
Chikila_darlong,2
Chikila_fulleri,2
Chikila_gaiduwani,2
Chilabothrus_angulifer,4
Chilabothrus_argentum,3
Chilabothrus_chrysogaster,3
Chilabothrus_exsul,3
Chilabothrus_fordii,2
Chilabothrus_gracilis,2
Chilabothrus_granti,3
Chilabothrus_inornatus,4
Chilabothrus_monensis,2
Chilabothrus_schwartzi,2
Chilabothrus_striatus,3
Chilabothrus_strigilatus,3
Chilabothrus_subflavus,3
Chilomys_instans,1
Chilonatalus_macer,1
Chilonatalus_tumidifrons,1
Chilorhinophis_butleri,1
Chilorhinophis_gerardi,1
Chimarrogale_hantu,1
Chimarrogale_himalayica,1
Chimarrogale_phaeura,1
Chimarrogale_platycephalus,1
Chimarrogale_styani,1
Chimarrogale_sumatrana,1
Chimerella_corleone,1
Chimerella_mariaelenae,1
Chinchilla_chinchilla,3
Chinchilla_lanigera,3
Chinchillula_sahamae,1
Chioglossa_lusitanica,2
Chioninia_delalandii,1
Chioninia_fogoensis,1
Chioninia_nicolauensis,1
Chioninia_spinalis,1
Chioninia_stangeri,1
Chioninia_vaillantii,1
Chionodacryon_speculiferum,2
Chionomys_gud,1
Chionomys_nivalis,1
Chionomys_roberti,1
Chirindia_ewerbecki,1
Chirindia_langi,1
Chirindia_mpwapwaensis,1
Chirindia_rondoensis,1
Chirindia_swynnertoni,1
Chirixalus_doriae,2
Chirixalus_dudhwaensis,2
Chirixalus_nongkhorensis,2
Chirixalus_simus,2
Chirixalus_trilaksonoi,2
Chiroderma_doriae,3
Chiroderma_improvisum,3
Chiroderma_salvini,3
Chiroderma_trinitatum,3
Chiroderma_villosum,3
Chiroderma_vizzotoi,3
Chiromantis_kelleri,2
Chiromantis_petersii,2
Chiromantis_rufescens,2
Chiromantis_xerampelina,2
Chiromyscus_chiropus,1
Chironax_melanocephalus,3
Chironectes_minimus,3
Chironius_bicarinatus,3
Chironius_carinatus,3
Chironius_challenger,3
Chironius_exoletus,3
Chironius_flavolineatus,3
Chironius_flavopictus,3
Chironius_foveatus,3
Chironius_fuscus,3
Chironius_grandisquamis,3
Chironius_laevicollis,3
Chironius_laurenti,3
Chironius_leucometapus,3
Chironius_maculoventris,3
Chironius_monticola,3
Chironius_multiventris,3
Chironius_quadricarinatus,3
Chironius_scurrula,3
Chironius_septentrionalis,3
Chironius_spixii,3
Chironius_vincenti,3
Chiropodomys_calamianensis,1
Chiropodomys_gliroides,1
Chiropodomys_karlkoopmani,1
Chiropodomys_major,1
Chiropodomys_muroides,1
Chiropodomys_pusillus,1
Chiropotes_albinasus,3
Chiropotes_chiropotes,3
Chiropotes_sagulatus,3
Chiropotes_satanas,3
Chiropotes_utahickae,3
Chiropterotriton_arboreus,2
Chiropterotriton_aureus,2
Chiropterotriton_ceronorum,2
Chiropterotriton_chico,2
Chiropterotriton_chiropterus,2
Chiropterotriton_chondrostega,2
Chiropterotriton_cieloensis,2
Chiropterotriton_cracens,2
Chiropterotriton_dimidiatus,2
Chiropterotriton_infernalis,2
Chiropterotriton_lavae,2
Chiropterotriton_magnipes,2
Chiropterotriton_melipona,2
Chiropterotriton_miquihuanus,2
Chiropterotriton_mosaueri,2
Chiropterotriton_multidentatus,2
Chiropterotriton_nubilus,2
Chiropterotriton_orculus,2
Chiropterotriton_perotensis,2
Chiropterotriton_priscus,2
Chiropterotriton_terrestris,2
Chiropterotriton_totonacus,2
Chiroxiphia_boliviana,2
Chiroxiphia_caudata,2
Chiroxiphia_lanceolata,2
Chiroxiphia_linearis,2
Chiroxiphia_pareola,2
Chiruromys_forbesi,1
Chiruromys_lamia,1
Chiruromys_vates,1
Chitra_chitra,4
Chitra_vandijki,4
Chlamydera_cerviniventris,4
Chlamydera_guttata,4
Chlamydera_lauterbachi,4
Chlamydera_maculata,4
Chlamydera_nuchalis,4
Chlamydochaera_jefferyi,3
Chlamydosaurus_kingii,4
Chlamydotis_macqueenii,4
Chlamydotis_undulata,4
Chlamyphorus_truncatus,3
Chleuasicus_atrosuperciliaris,2
Chlidonias_albostriatus,3
Chlidonias_hybrida,3
Chlidonias_leucopterus,3
Chlidonias_niger,3
Chloebia_gouldiae,1
Chloephaga_melanoptera,4
Chloephaga_picta,4
Chloephaga_poliocephala,4
Chloephaga_rubidiceps,4
Chloris_ambigua,2
Chloris_chloris,2
Chloris_monguilloti,2
Chloris_sinica,2
Chloris_spinoides,2
Chlorocebus_aethiops,4
Chlorocebus_cynosuros,4
Chlorocebus_djamdjamensis,4
Chlorocebus_pygerythrus,4
Chlorocebus_sabaeus,4
Chlorocebus_tantalus,4
Chloroceryle_aenea,2
Chloroceryle_amazona,3
Chloroceryle_americana,2
Chloroceryle_inda,3
Chlorochrysa_calliparaea,2
Chlorochrysa_fulgentissima,2
Chlorochrysa_nitidissima,2
Chlorochrysa_phoenicotis,2
Chlorocichla_falkensteini,3
Chlorocichla_flaviventris,3
Chlorocichla_laetissima,3
Chlorocichla_prigoginei,3
Chlorocichla_simplex,3
Chlorodrepanis_flava,1
Chlorodrepanis_stejnegeri,1
Chlorodrepanis_virens,1
Chlorophanes_spiza,1
Chlorophoneus_bocagei,2
Chlorophoneus_kupeensis,2
Chlorophoneus_multicolor,2
Chlorophoneus_nigrifrons,3
Chlorophoneus_olivaceus,3
Chlorophoneus_sulfureopectus,2
Chlorophonia_callophrys,1
Chlorophonia_cyanea,1
Chlorophonia_flavirostris,1
Chlorophonia_occipitalis,1
Chlorophonia_pyrrhophrys,1
Chloropipo_flavicapilla,1
Chloropipo_unicolor,1
Chloropsis_aurifrons,2
Chloropsis_cochinchinensis,2
Chloropsis_cyanopogon,2
Chloropsis_flavipennis,2
Chloropsis_hardwickii,2
Chloropsis_jerdoni,2
Chloropsis_kinabaluensis,2
Chloropsis_lazulina,2
Chloropsis_media,2
Chloropsis_moluccensis,2
Chloropsis_palawanensis,2
Chloropsis_sonnerati,2
Chloropsis_venusta,2
Chlorornis_riefferii,2
Chlorosoma_laticeps,3
Chlorosoma_viridissimum,3
Chlorospingus_canigularis,1
Chlorospingus_flavigularis,2
Chlorospingus_flavopectus,2
Chlorospingus_hypophaeus,1
Chlorospingus_inornatus,1
Chlorospingus_parvirostris,2
Chlorospingus_pileatus,1
Chlorospingus_semifuscus,1
Chlorospingus_tacarcunae,2
Chlorostilbon_assimilis,1
Chlorostilbon_auriceps,1
Chlorostilbon_canivetii,1
Chlorostilbon_forficatus,1
Chlorostilbon_gibsoni,1
Chlorostilbon_lucidus,1
Chlorostilbon_maugaeus,1
Chlorostilbon_mellisugus,1
Chlorostilbon_notatus,1
Chlorostilbon_olivaresi,1
Chlorostilbon_poortmani,1
Chlorostilbon_ricordii,1
Chlorostilbon_russatus,1
Chlorostilbon_stenurus,1
Chlorostilbon_swainsonii,1
Chlorotalpa_duthieae,1
Chlorotalpa_sclateri,1
Chodsigoa_caovansunga,1
Chodsigoa_hypsibia,1
Chodsigoa_lamula,1
Chodsigoa_parca,1
Chodsigoa_smithii,1
Chodsigoa_sodalis,1
Choeroniscus_godmani,2
Choeroniscus_minor,2
Choeroniscus_periosus,2
Choeronycteris_mexicana,2
Choerophryne_alainduboisi,1
Choerophryne_allisoni,1
Choerophryne_alpestris,1
Choerophryne_amomani,1
Choerophryne_arndtorum,1
Choerophryne_bickfordi,1
Choerophryne_bisyllaba,1
Choerophryne_brevicrus,1
Choerophryne_brunhildae,1
Choerophryne_bryonopsis,1
Choerophryne_burtoni,1
Choerophryne_crucifer,1
Choerophryne_darlingtoni,1
Choerophryne_epirrhina,1
Choerophryne_exclamitans,1
Choerophryne_fafniri,1
Choerophryne_gracilirostris,1
Choerophryne_grylloides,1
Choerophryne_gudrunae,1
Choerophryne_gunnari,1
Choerophryne_laurini,1
Choerophryne_longirostris,1
Choerophryne_microps,1
Choerophryne_multisyllaba,1
Choerophryne_murrita,1
Choerophryne_nigrescens,1
Choerophryne_pandanicola,1
Choerophryne_pipiens,1
Choerophryne_proboscidea,1
Choerophryne_rhenaurum,1
Choerophryne_rostellifer,1
Choerophryne_sanguinopicta,1
Choerophryne_siegfriedi,1
Choerophryne_swanhildae,1
Choerophryne_tubercula,1
Choerophryne_valkuriarum,1
Choerophryne_variegata,1
Choeropsis_liberiensis,4
Choloepus_didactylus,4
Choloepus_hoffmanni,4
Cholornis_paradoxus,3
Cholornis_unicolor,3
Chondestes_grammacus,2
Chondrodactylus_angulifer,2
Chondrodactylus_bibronii,2
Chondrodactylus_fitzsimonsi,2
Chondrodactylus_laevigatus,2
Chondrodactylus_pulitzerae,2
Chondrodactylus_turneri,2
Chondrohierax_uncinatus,4
Chondrohierax_wilsonii,4
Chordeiles_acutipennis,3
Chordeiles_gundlachii,3
Chordeiles_minor,3
Chordeiles_nacunda,4
Chordeiles_pusillus,2
Chordeiles_rupestris,3
Christinus_alexanderi,1
Christinus_guentheri,1
Christinus_marmoratus,2
Chrotogale_owstoni,3
Chrotomys_gonzalesi,1
Chrotomys_mindorensis,1
Chrotomys_sibuyanensis,1
Chrotomys_silaceus,1
Chrotomys_whiteheadi,1
Chrotopterus_auritus,4
Chrysobatrachus_cupreonitens,1
Chrysochloris_asiatica,1
Chrysochloris_stuhlmanni,1
Chrysochloris_visagiei,1
Chrysococcyx_caprius,2
Chrysococcyx_cupreus,2
Chrysococcyx_flavigularis,2
Chrysococcyx_klaas,2
Chrysococcyx_maculatus,2
Chrysococcyx_xanthorhynchus,2
Chrysocolaptes_erythrocephalus,3
Chrysocolaptes_festivus,4
Chrysocolaptes_guttacristatus,4
Chrysocolaptes_haematribon,3
Chrysocolaptes_lucidus,4
Chrysocolaptes_stricklandi,3
Chrysocolaptes_strictus,3
Chrysocolaptes_validus,4
Chrysocolaptes_xanthocephalus,3
Chrysocorypha_delatrii,1
Chrysocorythus_estherae,1
Chrysocorythus_mindanensis,1
Chrysocyon_brachyurus,4
Chrysoena_luteovirens,3
Chrysoena_victor,4
Chrysoena_viridis,3
Chrysolampis_mosquitus,1
Chrysolophus_amherstiae,4
Chrysolophus_pictus,4
Chrysominla_strigula,2
Chrysomma_altirostre,2
Chrysomma_sinense,2
Chrysomus_icterocephalus,3
Chrysomus_ruficapillus,3
Chrysopelea_ornata,2
Chrysopelea_paradisi,2
Chrysopelea_pelias,2
Chrysopelea_rhodopleuron,2
Chrysopelea_taprobanica,2
Chrysophlegma_flavinucha,4
Chrysophlegma_humii,3
Chrysophlegma_mentale,3
Chrysophlegma_miniaceum,3
Chrysospalax_trevelyani,1
Chrysospalax_villosus,1
Chrysothlypis_chrysomelas,1
Chrysothlypis_salmoni,1
Chrysuronia_oenone,1
Chthonerpeton_arii,3
Chthonerpeton_braestrupi,3
Chthonerpeton_indistinctum,3
Chthonerpeton_noctinectes,3
Chthonerpeton_onorei,3
Chunga_burmeisteri,4
Churamiti_maridadi,3
Ciccaba_albitarsis,4
Ciccaba_huhula,4
Ciccaba_nigrolineata,4
Ciccaba_virgata,4
Cichladusa_arquata,2
Cichladusa_guttata,2
Cichladusa_ruficauda,2
Cichlocolaptes_holti,3
Cichlocolaptes_leucophrus,3
Cichlopsis_chubbi,3
Cichlopsis_gularis,3
Cichlopsis_leucogenys,3
Cichlopsis_peruviana,3
Cicinnurus_magnificus,3
Cicinnurus_regius,3
Cicinnurus_respublica,3
Ciconia_abdimii,4
Ciconia_boyciana,4
Ciconia_ciconia,4
Ciconia_episcopus,4
Ciconia_maguari,4
Ciconia_microscelis,4
Ciconia_nigra,4
Ciconia_stormi,4
Cinclidium_frontale,2
Cinclocerthia_gutturalis,3
Cinclocerthia_ruficauda,3
Cinclodes_albidiventris,2
Cinclodes_albiventris,2
Cinclodes_antarcticus,3
Cinclodes_aricomae,2
Cinclodes_atacamensis,2
Cinclodes_comechingonus,2
Cinclodes_excelsior,3
Cinclodes_fuscus,2
Cinclodes_olrogi,2
Cinclodes_oustaleti,2
Cinclodes_pabsti,2
Cinclodes_palliatus,3
Cinclodes_patagonicus,3
Cincloramphus_cruralis,3
Cincloramphus_macrurus,2
Cincloramphus_mathewsi,2
Cincloramphus_timoriensis,2
Cinclosoma_ajax,3
Cinclosoma_alisteri,3
Cinclosoma_castaneothorax,3
Cinclosoma_castanotum,3
Cinclosoma_cinnamomeum,3
Cinclosoma_marginatum,3
Cinclosoma_punctatum,3
Cinclus_cinclus,3
Cinclus_leucocephalus,3
Cinclus_mexicanus,3
Cinclus_pallasii,3
Cinclus_schulzii,3
Cinnycerthia_fulva,2
Cinnycerthia_olivascens,2
Cinnycerthia_peruana,2
Cinnycerthia_unirufa,2
Cinnyricinclus_leucogaster,3
Cinnyris_afer,1
Cinnyris_asiaticus,1
Cinnyris_batesi,1
Cinnyris_bifasciatus,1
Cinnyris_bouvieri,1
Cinnyris_buettikoferi,1
Cinnyris_chalcomelas,1
Cinnyris_chalybeus,1
Cinnyris_chloropygius,1
Cinnyris_coccinigastrus,1
Cinnyris_comorensis,1
Cinnyris_congensis,1
Cinnyris_coquerellii,1
Cinnyris_cupreus,1
Cinnyris_erythrocercus,1
Cinnyris_fuelleborni,1
Cinnyris_fuscus,1
Cinnyris_gertrudis,1
Cinnyris_habessinicus,1
Cinnyris_hellmayri,1
Cinnyris_humbloti,1
Cinnyris_idenburgi,1
Cinnyris_johannae,1
Cinnyris_jugularis,1
Cinnyris_lotenius,1
Cinnyris_loveridgei,1
Cinnyris_ludovicensis,1
Cinnyris_manoensis,1
Cinnyris_mariquensis,1
Cinnyris_mediocris,1
Cinnyris_melanogastrus,1
Cinnyris_minullus,1
Cinnyris_moebii,1
Cinnyris_moreaui,1
Cinnyris_nectarinioides,1
Cinnyris_neergaardi,1
Cinnyris_notatus,1
Cinnyris_osea,1
Cinnyris_oustaleti,1
Cinnyris_pembae,1
Cinnyris_prigoginei,1
Cinnyris_pulchellus,1
Cinnyris_regius,1
Cinnyris_reichenowi,1
Cinnyris_rockefelleri,1
Cinnyris_rufipennis,1
Cinnyris_shelleyi,1
Cinnyris_solaris,1
Cinnyris_sovimanga,1
Cinnyris_stuhlmanni,1
Cinnyris_superbus,1
Cinnyris_talatala,1
Cinnyris_tsavoensis,1
Cinnyris_ursulae,1
Cinnyris_usambaricus,1
Cinnyris_venustus,1
Cinnyris_voeltzkowi,1
Circaetus_beaudouini,4
Circaetus_cinerascens,4
Circaetus_cinereus,4
Circaetus_fasciolatus,4
Circaetus_gallicus,4
Circaetus_pectoralis,4
Circus_aeruginosus,4
Circus_approximans,4
Circus_assimilis,4
Circus_buffoni,4
Circus_cinereus,4
Circus_cyaneus,4
Circus_hudsonius,4
Circus_macrosceles,4
Circus_macrourus,4
Circus_maillardi,4
Circus_maurus,4
Circus_melanoleucos,4
Circus_pygargus,4
Circus_ranivorus,4
Circus_spilonotus,4
Circus_spilothorax,4
Cissa_chinensis,4
Cissa_hypoleuca,4
Cissa_jefferyi,4
Cissa_thalassina,4
Cissomela_pectoralis,1
Cissopis_leverianus,3
Cisticola_aberdare,1
Cisticola_aberrans,1
Cisticola_angusticauda,1
Cisticola_anonymus,1
Cisticola_aridulus,1
Cisticola_ayresii,1
Cisticola_bailunduensis,1
Cisticola_bodessa,1
Cisticola_brachypterus,1
Cisticola_brunnescens,1
Cisticola_bulliens,1
Cisticola_cantans,1
Cisticola_carruthersi,1
Cisticola_cherina,1
Cisticola_chiniana,2
Cisticola_chubbi,1
Cisticola_cinereolus,1
Cisticola_cinnamomeus,1
Cisticola_dambo,1
Cisticola_erythrops,1
Cisticola_exilis,1
Cisticola_eximius,1
Cisticola_fulvicapilla,1
Cisticola_galactotes,1
Cisticola_guinea,1
Cisticola_haematocephalus,1
Cisticola_haesitatus,1
Cisticola_hunteri,2
Cisticola_juncidis,1
Cisticola_lais,1
Cisticola_lateralis,1
Cisticola_luapula,1
Cisticola_lugubris,2
Cisticola_marginatus,1
Cisticola_melanurus,1
Cisticola_nana,1
Cisticola_natalensis,2
Cisticola_nigriloris,1
Cisticola_njombe,1
Cisticola_pipiens,1
Cisticola_restrictus,1
Cisticola_robustus,2
Cisticola_ruficeps,1
Cisticola_rufilatus,1
Cisticola_rufus,1
Cisticola_subruficapilla,1
Cisticola_textrix,1
Cisticola_tinniens,1
Cisticola_troglodytes,1
Cisticola_woosnami,2
Cistothorus_apolinari,1
Cistothorus_meridae,1
Cistothorus_palustris,1
Cistothorus_platensis,1
Cistothorus_stellaris,1
Cistugo_lesueuri,1
Cistugo_seabrae,1
Cittura_cyanotis,3
Cittura_sanghirensis,3
Civettictis_civetta,4
Cladorhynchus_leucocephalus,4
Clamator_coromandus,3
Clamator_glandarius,4
Clamator_jacobinus,3
Clamator_levaillantii,4
Clanga_clanga,4
Clanga_hastata,4
Clanga_pomarina,4
Clangula_hyemalis,4
Claravis_pretiosa,3
Clelia_clelia,4
Clelia_equatoriana,4
Clelia_hussami,4
Clelia_langeri,4
Clelia_plumbea,4
Clelia_scytalina,4
Clibanornis_dendrocolaptoides,3
Clibanornis_erythrocephalus,2
Clibanornis_rectirostris,2
Clibanornis_rubiginosus,3
Clibanornis_rufipectus,2
Climacteris_affinis,2
Climacteris_erythrops,2
Climacteris_melanurus,2
Climacteris_picumnus,2
Climacteris_rufus,2
Clinotarsus_alticola,3
Clinotarsus_curtipes,3
Clinotarsus_penelope,3
Cloeotis_percivali,1
Clonophis_kirtlandii,2
Clyomys_laticeps,2
Clytoceyx_rex,4
Clytoctantes_alixii,3
Clytoctantes_atrogularis,3
Clytolaema_rubricauda,1
Clytomyias_insignis,1
Clytorhynchus_hamlini,3
Clytorhynchus_nigrogularis,2
Clytorhynchus_pachycephaloides,3
Clytorhynchus_sanctaecrucis,3
Clytorhynchus_vitiensis,3
Clytospiza_monteiri,1
Cnemarchus_erythropygius,3
Cnemaspis_aceh,1
Cnemaspis_adii,1
Cnemaspis_affinis,1
Cnemaspis_agarwali,1
Cnemaspis_ajijae,1
Cnemaspis_alwisi,1
Cnemaspis_amba,1
Cnemaspis_amboliensis,1
Cnemaspis_anaikattiensis,1
Cnemaspis_anamudiensis,1
Cnemaspis_anandani,1
Cnemaspis_andalas,1
Cnemaspis_andersonii,1
Cnemaspis_anslemi,1
Cnemaspis_argus,1
Cnemaspis_assamensis,1
Cnemaspis_aurantiacopes,1
Cnemaspis_australis,1
Cnemaspis_baueri,1
Cnemaspis_bayuensis,1
Cnemaspis_beddomei,1
Cnemaspis_bidongensis,1
Cnemaspis_biocellata,1
Cnemaspis_boulengerii,1
Cnemaspis_butewai,1
Cnemaspis_caudanivea,1
Cnemaspis_chanardi,1
Cnemaspis_chanthaburiensis,1
Cnemaspis_dezwaani,1
Cnemaspis_dringi,1
Cnemaspis_flavigaster,1
Cnemaspis_flaviventralis,1
Cnemaspis_flavolineata,1
Cnemaspis_gemunu,1
Cnemaspis_girii,1
Cnemaspis_goaensis,1
Cnemaspis_godagedarai,1
Cnemaspis_gotaimbarai,1
Cnemaspis_gracilis,1
Cnemaspis_grismeri,1
Cnemaspis_hangus,1
Cnemaspis_harimau,1
Cnemaspis_heteropholis,1
Cnemaspis_hitihamii,1
Cnemaspis_huaseesom,1
Cnemaspis_indica,1
Cnemaspis_indraneildasii,1
Cnemaspis_ingerorum,1
Cnemaspis_jacobsoni,1
Cnemaspis_jerdonii,1
Cnemaspis_kallima,1
Cnemaspis_kamolnorranathi,1
Cnemaspis_kandambyi,1
Cnemaspis_kandiana,1
Cnemaspis_karsticola,1
Cnemaspis_kendallii,1
Cnemaspis_kivulegedarai,1
Cnemaspis_kohukumburai,1
Cnemaspis_kolhapurensis,1
Cnemaspis_kottiyoorensis,1
Cnemaspis_koynaensis,1
Cnemaspis_kumarasinghei,1
Cnemaspis_kumpoli,1
Cnemaspis_laoensis,1
Cnemaspis_latha,1
Cnemaspis_leucura,1
Cnemaspis_limayei,1
Cnemaspis_limi,1
Cnemaspis_lineogularis,1
Cnemaspis_littoralis,1
Cnemaspis_maculicollis,1
Cnemaspis_mahabali,1
Cnemaspis_mahsuriae,1
Cnemaspis_mcguirei,1
Cnemaspis_menikay,1
Cnemaspis_minang,1
Cnemaspis_modiglianii,1
Cnemaspis_molligodai,1
Cnemaspis_monachorum,1
Cnemaspis_monticola,1
Cnemaspis_mumpuniae,1
Cnemaspis_muria,1
Cnemaspis_mysoriensis,1
Cnemaspis_nairi,1
Cnemaspis_nandimithrai,1
Cnemaspis_narathiwatensis,1
Cnemaspis_neangthyi,1
Cnemaspis_nigridia,1
Cnemaspis_nilagirica,1
Cnemaspis_nilgala,1
Cnemaspis_niyomwanae,1
Cnemaspis_nuicamensis,1
Cnemaspis_omari,1
Cnemaspis_ornata,1
Cnemaspis_otai,1
Cnemaspis_pagai,1
Cnemaspis_paripari,1
Cnemaspis_pava,1
Cnemaspis_pemanggilensis,1
Cnemaspis_peninsularis,1
Cnemaspis_perhentianensis,1
Cnemaspis_phangngaensis,1
Cnemaspis_phillipsi,1
Cnemaspis_phuketensis,1
Cnemaspis_podihuna,1
Cnemaspis_pseudomcguirei,1
Cnemaspis_psychedelica,1
Cnemaspis_pulchra,1
Cnemaspis_punctata,1
Cnemaspis_punctatonuchalis,1
Cnemaspis_purnamai,1
Cnemaspis_rajabasa,1
Cnemaspis_rajakarunai,1
Cnemaspis_rammalensis,1
Cnemaspis_retigalensis,1
Cnemaspis_roticanai,1
Cnemaspis_samanalensis,1
Cnemaspis_scalpensis,1
Cnemaspis_selamatkanmerapoh,1
Cnemaspis_shahruli,1
Cnemaspis_shevaroyensis,1
Cnemaspis_siamensis,1
Cnemaspis_silvula,1
Cnemaspis_sisparensis,1
Cnemaspis_stongensis,1
Cnemaspis_sundagekko,1
Cnemaspis_sundainsula,1
Cnemaspis_tapanuli,1
Cnemaspis_temiah,1
Cnemaspis_thachanaensis,1
Cnemaspis_thackerayi,1
Cnemaspis_tropidogaster,1
Cnemaspis_tucdupensis,1
Cnemaspis_upendrai,1
Cnemaspis_vandeventeri,1
Cnemaspis_whittenorum,1
Cnemaspis_wicksi,1
Cnemaspis_wynadensis,1
Cnemaspis_yercaudensis,1
Cnemathraupis_aureodorsalis,3
Cnemathraupis_eximia,3
Cnemidophorus_arenivagus,2
Cnemidophorus_arubensis,2
Cnemidophorus_cryptus,2
Cnemidophorus_flavissimus,2
Cnemidophorus_gramivagus,2
Cnemidophorus_lemniscatus,2
Cnemidophorus_leucopsammus,2
Cnemidophorus_murinus,2
Cnemidophorus_nigricolor,2
Cnemidophorus_pseudolemniscatus,2
Cnemidophorus_rostralis,2
Cnemidophorus_ruthveni,2
Cnemidophorus_senectus,2
Cnemidophorus_vanzoi,2
Cnemophilus_loriae,3
Cnemophilus_macgregorii,4
Cnemophilus_sanguineus,3
Cnemoscopus_chrysogaster,2
Cnemoscopus_rubrirostris,2
Cnemotriccus_fuscatus,1
Cnipodectes_subbrunneus,2
Cnipodectes_superrufus,2
Coccopygia_bocagei,1
Coccopygia_melanotis,1
Coccopygia_quartinia,1
Coccothraustes_coccothraustes,3
Coccycua_cinerea,3
Coccycua_minuta,2
Coccycua_pumila,2
Coccymys_kirrhos,1
Coccymys_ruemmleri,1
Coccymys_shawmayeri,1
Coccyzus_americanus,3
Coccyzus_bahamensis,3
Coccyzus_erythropthalmus,3
Coccyzus_euleri,3
Coccyzus_lansbergi,3
Coccyzus_longirostris,3
Coccyzus_melacoryphus,3
Coccyzus_merlini,3
Coccyzus_minor,3
Coccyzus_pluvialis,3
Coccyzus_rufigularis,3
Coccyzus_vetula,3
Coccyzus_vieilloti,3
Cochlearius_cochlearius,4
Cochoa_azurea,3
Cochoa_beccarii,3
Cochoa_purpurea,3
Cochoa_viridis,3
Cochranella_duidaeana,1
Cochranella_erminea,1
Cochranella_euhystrix,1
Cochranella_euknemos,1
Cochranella_geijskesi,1
Cochranella_granulosa,1
Cochranella_guayasamini,1
Cochranella_litoralis,1
Cochranella_mache,1
Cochranella_nola,1
Cochranella_phryxa,1
Cochranella_ramirezi,1
Cochranella_resplendens,1
Cochranella_riveroi,1
Cochranella_xanthocheridia,1
Coeligena_albicaudata,1
Coeligena_bonapartei,1
Coeligena_coeligena,1
Coeligena_conradii,1
Coeligena_consita,1
Coeligena_dichroura,1
Coeligena_eisenmanni,1
Coeligena_eos,1
Coeligena_helianthea,1
Coeligena_inca,1
Coeligena_iris,1
Coeligena_lutetiae,1
Coeligena_orina,1
Coeligena_osculans,1
Coeligena_phalerata,1
Coeligena_prunellei,1
Coeligena_torquata,1
Coeligena_violifer,1
Coeligena_wilsoni,1
Coelognathus_enganensis,3
Coelognathus_erythrurus,3
Coelognathus_flavolineatus,3
Coelognathus_helena,3
Coelognathus_radiatus,3
Coelognathus_subradiatus,3
Coelops_frithii,1
Coelops_robinsoni,1
Coendou_baturitensis,4
Coendou_bicolor,4
Coendou_ichillus,4
Coendou_insidiosus,4
Coendou_melanurus,4
Coendou_mexicanus,4
Coendou_nycthemera,4
Coendou_prehensilis,4
Coendou_pruinosus,4
Coendou_quichua,4
Coendou_roosmalenorum,4
Coendou_rufescens,4
Coendou_speratus,4
Coendou_spinosus,4
Coendou_vestitus,4
Coenocorypha_aucklandica,3
Coenocorypha_pusilla,3
Coeranoscincus_frontalis,2
Coeranoscincus_reticulatus,2
Coereba_flaveola,1
Coggeria_naufragus,1
Colaptes_aeruginosus,3
Colaptes_atriceps,4
Colaptes_atricollis,3
Colaptes_auratus,4
Colaptes_auricularis,3
Colaptes_cafer,4
Colaptes_campestris,4
Colaptes_campestroides,4
Colaptes_chrysoides,4
Colaptes_cinereicapillus,3
Colaptes_fernandinae,4
Colaptes_melanochloros,3
Colaptes_melanolaimus,3
Colaptes_mexicanoides,3
Colaptes_pitius,4
Colaptes_punctigula,3
Colaptes_rivolii,4
Colaptes_rubiginosus,3
Colaptes_rupicola,4
Coleodactylus_brachystoma,1
Coleodactylus_elizae,1
Coleodactylus_meridionalis,1
Coleodactylus_natalensis,1
Coleodactylus_septentrionalis,1
Coleonyx_brevis,2
Coleonyx_elegans,1
Coleonyx_fasciatus,1
Coleonyx_gypsicolus,1
Coleonyx_mitratus,1
Coleonyx_reticulatus,1
Coleonyx_switaki,1
Coleonyx_variegatus,2
Coleura_afra,2
Coleura_kibomalandy,2
Colibri_coruscans,1
Colibri_delphinae,1
Colibri_serrirostris,1
Colibri_thalassinus,1
Colinus_cristatus,4
Colinus_leucopogon,4
Colinus_nigrogularis,4
Colinus_virginianus,4
Colius_castanotus,3
Colius_colius,3
Colius_leucocephalus,3
Colius_striatus,3
Collocalia_linchi,1
Collocalia_troglodytes,1
Collorhabdium_williamsoni,2
Colluricincla_boweri,3
Colluricincla_harmonica,3
Colluricincla_megarhyncha,3
Colluricincla_tenebrosa,3
Colluricincla_woodwardi,3
Colobodactylus_dalcyanus,1
Colobodactylus_taunayi,1
Colobosaura_modesta,1
Colobosauroides_carvalhoi,1
Colobosauroides_cearensis,1
Colobus_angolensis,4
Colobus_guereza,4
Colobus_polykomos,4
Colobus_satanas,4
Colobus_vellerosus,4
Colomys_goslingi,1
Colonia_colonus,1
Colorhamphus_parvirostris,1
Colostethus_agilis,1
Colostethus_furviventris,1
Colostethus_imbricolus,1
Colostethus_inguinalis,1
Colostethus_jacobuspetersi,1
Colostethus_latinasus,1
Colostethus_lynchi,1
Colostethus_mertensi,1
Colostethus_panamansis,1
Colostethus_poecilonotus,1
Colostethus_pratti,1
Colostethus_ruthveni,1
Colostethus_thorntoni,1
Colostethus_ucumari,1
Coluber_constrictor,3
Colubroelaps_nguyenvansangi,1
Columba_albinucha,4
Columba_albitorques,4
Columba_argentina,4
Columba_arquatrix,4
Columba_bollii,4
Columba_delegorguei,4
Columba_elphinstonii,4
Columba_eversmanni,4
Columba_guinea,4
Columba_hodgsonii,4
Columba_iriditorques,4
Columba_janthina,4
Columba_junoniae,4
Columba_leucomela,4
Columba_leuconota,4
Columba_livia,4
Columba_malherbii,4
Columba_oenas,4
Columba_oliviae,4
Columba_pallidiceps,4
Columba_palumboides,4
Columba_palumbus,4
Columba_pollenii,4
Columba_pulchricollis,4
Columba_punicea,4
Columba_rupestris,4
Columba_sjostedti,4
Columba_thomensis,4
Columba_torringtoniae,4
Columba_trocaz,4
Columba_unicincta,4
Columba_vitiensis,4
Columbina_buckleyi,3
Columbina_cruziana,3
Columbina_cyanopis,3
Columbina_inca,3
Columbina_minuta,2
Columbina_passerina,3
Columbina_picui,3
Columbina_squammata,3
Columbina_talpacoti,3
Complicitus_nigrigularis,2
Compsophis_albiventris,1
Compsophis_boulengeri,1
Compsophis_fatsibe,1
Compsophis_infralineata,1
Compsophis_laphystius,1
Compsophis_vinckei,1
Compsophis_zeny,1
Compsothraupis_loricata,2
Comptus_badius,2
Comptus_maculatus,2
Comptus_stenurus,2
Concinnia_ampla,1
Concinnia_brachysoma,1
Concinnia_frerei,1
Concinnia_martini,1
Concinnia_sokosoma,1
Concinnia_tenuis,1
Concinnia_tigrina,1
Condylura_cristata,1
Conepatus_chinga,3
Conepatus_humboldtii,3
Conepatus_leuconotus,3
Conepatus_semistriatus,3
Congolacerta_asukului,1
Congolacerta_vauereselli,1
Congolius_robustus,3
Congosorex_phillipsorum,1
Congosorex_polli,1
Congosorex_verheyeni,1
Conilurus_penicillatus,1
Coniophanes_alvarezi,2
Coniophanes_andresensis,2
Coniophanes_bipunctatus,2
Coniophanes_dromiciformis,2
Coniophanes_fissidens,2
Coniophanes_imperialis,2
Coniophanes_joanae,2
Coniophanes_lateritius,2
Coniophanes_longinquus,2
Coniophanes_melanocephalus,2
Coniophanes_meridanus,2
Coniophanes_piceivittis,2
Coniophanes_quinquevittatus,2
Coniophanes_sarae,2
Coniophanes_schmidti,2
Conioptilon_mcilhennyi,3
Conirostrum_albifrons,1
Conirostrum_bicolor,1
Conirostrum_binghami,1
Conirostrum_cinereum,1
Conirostrum_ferrugineiventre,1
Conirostrum_fraseri,1
Conirostrum_leucogenys,1
Conirostrum_margaritae,1
Conirostrum_rufum,1
Conirostrum_sitticolor,1
Conirostrum_speciosum,1
Conirostrum_tamarugense,1
Connochaetes_gnou,4
Connochaetes_taurinus,4
Conolophus_marthae,4
Conolophus_pallidus,4
Conophis_lineatus,3
Conophis_morai,3
Conophis_vittatus,3
Conopias_albovittatus,2
Conopias_cinchoneti,2
Conopias_parvus,2
Conopias_trivirgatus,2
Conopophaga_ardesiaca,2
Conopophaga_aurita,2
Conopophaga_castaneiceps,2
Conopophaga_cearae,2
Conopophaga_lineata,2
Conopophaga_melanogaster,2
Conopophaga_melanops,2
Conopophaga_peruviana,2
Conopophaga_roberti,2
Conopophaga_snethlageae,2
Conopophila_albogularis,1
Conopophila_rufogularis,1
Conopophila_whitei,1
Conopsis_amphisticha,1
Conopsis_biserialis,1
Conopsis_lineata,1
Conopsis_megalodon,1
Conopsis_nasus,1
Conostoma_aemodium,3
Conothraupis_mesoleuca,2
Conothraupis_speculigera,2
Conraua_alleni,3
Conraua_beccarii,3
Conraua_crassipes,3
Conraua_derooi,3
Conraua_goliath,4
Conraua_robusta,3
Conraua_sagyimase,3
Contia_longicauda,1
Contia_tenuis,1
Contomastix_charrua,2
Contomastix_lacertoides,2
Contomastix_leachei,2
Contomastix_serrana,2
Contomastix_vacariensis,2
Contomastix_vittata,2
Contopus_albogularis,1
Contopus_bogotensis,1
Contopus_caribaeus,1
Contopus_cinereus,1
Contopus_cooperi,3
Contopus_fumigatus,2
Contopus_hispaniolensis,1
Contopus_latirostris,1
Contopus_lugubris,2
Contopus_nigrescens,1
Contopus_ochraceus,1
Contopus_pallidus,1
Contopus_pertinax,2
Contopus_punensis,1
Contopus_sordidulus,1
Contopus_virens,1
Copeoglossum_arajara,2
Copeoglossum_aurae,2
Copeoglossum_margaritae,2
Copeoglossum_nigropunctatum,2
Cophixalus_aenigma,1
Cophixalus_albolineatus,1
Cophixalus_amabilis,1
Cophixalus_ateles,1
Cophixalus_australis,1
Cophixalus_balbus,1
Cophixalus_bewaniensis,1
Cophixalus_biroi,1
Cophixalus_bombiens,1
Cophixalus_cateae,1
Cophixalus_caverniphilus,1
Cophixalus_cheesmanae,1
Cophixalus_clapporum,1
Cophixalus_concinnus,1
Cophixalus_crepitans,1
Cophixalus_cryptotympanum,1
Cophixalus_cupricarenus,1
Cophixalus_daymani,1
Cophixalus_desticans,1
Cophixalus_exiguus,1
Cophixalus_hannahae,1
Cophixalus_hinchinbrookensis,1
Cophixalus_hosmeri,1
Cophixalus_humicola,1
Cophixalus_infacetus,1
Cophixalus_interruptus,1
Cophixalus_iovaorum,1
Cophixalus_kaindiensis,1
Cophixalus_kethuk,1
Cophixalus_kulakula,1
Cophixalus_linnaeus,1
Cophixalus_mcdonaldi,1
Cophixalus_melanops,1
Cophixalus_misimae,1
Cophixalus_monosyllabus,1
Cophixalus_montanus,1
Cophixalus_monticola,1
Cophixalus_neglectus,1
Cophixalus_nexipus,1
Cophixalus_nubicola,1
Cophixalus_ornatus,1
Cophixalus_pakayakulangun,1
Cophixalus_parkeri,1
Cophixalus_peninsularis,1
Cophixalus_petrophilus,1
Cophixalus_phaeobalius,1
Cophixalus_pictus,1
Cophixalus_pipilans,1
Cophixalus_pulchellus,1
Cophixalus_rajampatensis,1
Cophixalus_riparius,1
Cophixalus_salawatiensis,1
Cophixalus_saxatilis,1
Cophixalus_shellyi,1
Cophixalus_sphagnicola,1
Cophixalus_tagulensis,1
Cophixalus_tenuidactylus,1
Cophixalus_tetzlaffi,1
Cophixalus_timidus,1
Cophixalus_tomaiodactylus,1
Cophixalus_tridactylus,1
Cophixalus_variabilis,1
Cophixalus_verecundus,1
Cophixalus_verrucosus,1
Cophixalus_viridis,1
Cophixalus_wempi,1
Cophixalus_zweifeli,1
Cophosaurus_texanus,2
Cophoscincopus_durus,2
Cophoscincopus_greeri,2
Cophoscincopus_senegalensis,2
Cophoscincopus_simulans,2
Cophotis_ceylanica,1
Cophotis_dumbara,1
Cophyla_berara,1
Cophyla_fortuna,2
Cophyla_maharipeo,1
Cophyla_noromalalae,1
Cophyla_occultans,1
Cophyla_phyllodactyla,1
Cophyla_puellarum,1
Copiula_annanoreenae,1
Copiula_derongo,2
Copiula_exspectata,1
Copiula_fistulans,1
Copiula_guttata,1
Copiula_lennarti,1
Copiula_major,1
Copiula_minor,1
Copiula_obsti,1
Copiula_oxyrhina,1
Copiula_pipiens,1
Copiula_rivularis,2
Copiula_tyleri,1
Copsychus_albospecularis,2
Copsychus_mindanensis,3
Copsychus_pica,2
Copsychus_saularis,2
Coracias_abyssinicus,4
Coracias_affinis,4
Coracias_benghalensis,4
Coracias_caudatus,3
Coracias_cyanogaster,4
Coracias_garrulus,4
Coracias_naevius,4
Coracias_spatulatus,4
Coracias_temminckii,3
Coracina_atriceps,3
Coracina_bicolor,3
Coracina_boyeri,3
Coracina_caeruleogrisea,3
Coracina_caledonica,3
Coracina_dobsoni,3
Coracina_fortis,3
Coracina_javensis,3
Coracina_larvata,3
Coracina_leucopygia,3
Coracina_lineata,3
Coracina_longicauda,3
Coracina_macei,3
Coracina_maxima,4
Coracina_novaehollandiae,4
Coracina_panayensis,3
Coracina_papuensis,3
Coracina_personata,3
Coracina_schistacea,3
Coracina_striata,3
Coracina_temminckii,3
Coracina_welchmani,3
Coracopsis_nigra,4
Coracopsis_sibilans,3
Coracopsis_vasa,4
Coracornis_raveni,3
Coracornis_sanghirensis,3
Coragyps_atratus,4
Corallus_annulatus,3
Corallus_batesii,4
Corallus_blombergi,4
Corallus_caninus,4
Corallus_cookii,2
Corallus_cropanii,3
Corallus_grenadensis,3
Corallus_hortulana,3
Corallus_ruschenbergerii,3
Corapipo_gutturalis,1
Corapipo_leucorrhoa,1
Corcorax_melanorhamphos,4
Cordylosaurus_subtessellatus,2
Cordylus_angolensis,2
Cordylus_beraduccii,2
Cordylus_cordylus,2
Cordylus_imkeae,2
Cordylus_jonesii,2
Cordylus_machadoi,2
Cordylus_macropholis,2
Cordylus_marunguensis,2
Cordylus_mclachlani,2
Cordylus_meculae,2
Cordylus_namakuiyus,2
Cordylus_niger,2
Cordylus_nyikae,2
Cordylus_oelofseni,2
Cordylus_phonolithos,2
Cordylus_rhodesianus,2
Cordylus_rivae,2
Cordylus_tropidosternum,2
Cordylus_ukingensis,2
Cordylus_vittifer,2
Cormobates_leucophaea,2
Cormobates_placens,2
Cormura_brevirostris,2
Cornufer_acrochordus,3
Cornufer_aculeodactylus,3
Cornufer_adiastolus,3
Cornufer_admiraltiensis,3
Cornufer_akarithymus,3
Cornufer_batantae,3
Cornufer_bimaculatus,3
Cornufer_boulengeri,3
Cornufer_browni,3
Cornufer_bufoniformis,3
Cornufer_bufonulus,3
Cornufer_caesiops,3
Cornufer_cheesmanae,3
Cornufer_citrinospilus,3
Cornufer_cryptotis,3
Cornufer_custos,3
Cornufer_desticans,3
Cornufer_elegans,3
Cornufer_exedrus,3
Cornufer_gigas,3
Cornufer_gilliardi,3
Cornufer_guentheri,3
Cornufer_guppyi,3
Cornufer_hedigeri,3
Cornufer_heffernani,3
Cornufer_latro,3
Cornufer_macrops,3
Cornufer_macrosceles,3
Cornufer_magnus,3
Cornufer_malukuna,3
Cornufer_mamusiorum,3
Cornufer_manus,3
Cornufer_mediodiscus,3
Cornufer_mimicus,3
Cornufer_minutus,3
Cornufer_montanus,3
Cornufer_myersi,3
Cornufer_nakanaiorum,3
Cornufer_neckeri,3
Cornufer_nexipus,3
Cornufer_opisthodon,3
Cornufer_paepkei,3
Cornufer_papuensis,3
Cornufer_parilis,3
Cornufer_parkeri,3
Cornufer_pelewensis,3
Cornufer_punctatus,3
Cornufer_schmidti,3
Cornufer_solomonis,3
Cornufer_sulcatus,3
Cornufer_trossulus,3
Cornufer_vertebralis,3
Cornufer_vitianus,3
Cornufer_vitiensis,3
Cornufer_vogti,3
Cornufer_weberi,3
Cornufer_wolfi,3
Cornufer_wuenscheorum,3
Coronelaps_lepidus,1
Coronella_austriaca,2
Coronella_girondica,2
Corucia_zebrata,4
Corvinella_corvina,3
Corvus_albicollis,4
Corvus_albus,4
Corvus_bennetti,4
Corvus_brachyrhynchos,4
Corvus_capensis,4
Corvus_caurinus,4
Corvus_corax,4
Corvus_corone,4
Corvus_coronoides,4
Corvus_crassirostris,4
Corvus_cryptoleucus,4
Corvus_dauuricus,4
Corvus_edithae,4
Corvus_enca,4
Corvus_florensis,4
Corvus_frugilegus,4
Corvus_fuscicapillus,4
Corvus_imparatus,4
Corvus_insularis,4
Corvus_jamaicensis,4
Corvus_leucognaphalus,4
Corvus_macrorhynchos,4
Corvus_meeki,4
Corvus_mellori,4
Corvus_monedula,4
Corvus_moneduloides,4
Corvus_nasicus,4
Corvus_orru,4
Corvus_ossifragus,4
Corvus_palmarum,4
Corvus_pectoralis,4
Corvus_rhipidurus,4
Corvus_ruficollis,4
Corvus_sinaloae,4
Corvus_splendens,4
Corvus_tasmanicus,4
Corvus_tristis,4
Corvus_typicus,4
Corvus_unicolor,4
Corvus_validus,4
Corvus_violaceus,4
Corvus_woodfordi,4
Corydon_sumatranus,3
Corydospiza_alaudina,2
Corydospiza_carbonaria,2
Corynorhinus_mexicanus,2
Corynorhinus_rafinesquii,2
Corynorhinus_townsendii,2
Coryphaspiza_melanotis,2
Coryphistera_alaudina,2
Coryphophylax_brevicauda,2
Coryphophylax_subcristatus,2
Coryphospingus_cucullatus,2
Coryphospingus_pileatus,2
Corythaeola_cristata,4
Corythaixoides_concolor,4
Corythaixoides_leopoldi,4
Corythaixoides_personatus,4
Corythomantis_greeningi,2
Corythopis_delalandi,1
Corythopis_torquatus,1
Corythornis_cristatus,2
Corythornis_leucogaster,2
Corythornis_madagascariensis,2
Corythornis_nais,2
Corythornis_thomensis,2
Corythornis_vintsioides,2
Corytophanes_cristatus,2
Corytophanes_hernandesii,2
Corytophanes_percarinatus,2
Coscoroba_coscoroba,4
Cossypha_albicapillus,3
Cossypha_cyanocampter,3
Cossypha_dichroa,2
Cossypha_heuglini,3
Cossypha_natalensis,3
Cossypha_niveicapilla,3
Cossypha_semirufa,2
Cossyphicula_roberti,2
Cotinga_amabilis,3
Cotinga_cayana,3
Cotinga_cotinga,3
Cotinga_maculata,3
Cotinga_maynana,3
Cotinga_nattererii,3
Cotinga_ridgwayi,3
Coturnicops_exquisitus,3
Coturnicops_notatus,3
Coturnix_coromandelica,3
Coturnix_coturnix,3
Coturnix_delegorguei,3
Coturnix_japonica,3
Coturnix_pectoralis,3
Coua_caerulea,4
Coua_coquereli,4
Coua_cristata,4
Coua_cursor,4
Coua_gigas,4
Coua_olivaceiceps,4
Coua_pyropyga,4
Coua_reynaudii,4
Coua_ruficeps,4
Coua_serriana,4
Coua_verreauxi,4
Cracticus_argenteus,3
Cracticus_cassicus,4
Cracticus_louisiadensis,3
Cracticus_mentalis,3
Cracticus_nigrogularis,4
Cracticus_torquatus,3
Cranioleuca_albicapilla,1
Cranioleuca_albiceps,1
Cranioleuca_antisiensis,1
Cranioleuca_baroni,1
Cranioleuca_berlepschi,1
Cranioleuca_curtata,1
Cranioleuca_demissa,1
Cranioleuca_dissita,1
Cranioleuca_erythrops,1
Cranioleuca_hellmayri,1
Cranioleuca_henricae,1
Cranioleuca_marcapatae,1
Cranioleuca_muelleri,1
Cranioleuca_obsoleta,1
Cranioleuca_pallida,1
Cranioleuca_pyrrhophia,1
Cranioleuca_semicinerea,1
Cranioleuca_subcristata,1
Cranioleuca_sulphurifera,1
Cranioleuca_vulpecula,1
Cranioleuca_vulpina,1
Cranioleuca_weskei,1
Craseonycteris_thonglongyai,1
Crateromys_australis,2
Crateromys_heaneyi,2
Crateromys_paulus,2
Crateromys_schadenbergi,2
Crateroscelis_murina,1
Crateroscelis_nigrorufa,1
Crateroscelis_robusta,2
Cratogeomys_castanops,2
Cratogeomys_fulvescens,2
Cratogeomys_fumosus,2
Cratogeomys_goldmani,2
Cratogeomys_merriami,2
Cratogeomys_perotensis,2
Craugastor_aenigmaticus,2
Craugastor_alfredi,2
Craugastor_amniscola,2
Craugastor_angelicus,2
Craugastor_aphanus,2
Craugastor_augusti,2
Craugastor_aurilegulus,2
Craugastor_azueroensis,2
Craugastor_batrachylus,2
Craugastor_berkenbuschii,2
Craugastor_blairi,2
Craugastor_bocourti,2
Craugastor_bransfordii,2
Craugastor_brocchi,2
Craugastor_campbelli,2
Craugastor_castanedai,2
Craugastor_chac,2
Craugastor_charadra,2
Craugastor_chingopetaca,2
Craugastor_coffeus,2
Craugastor_crassidigitus,2
Craugastor_cuaquero,2
Craugastor_cyanochthebius,2
Craugastor_daryi,2
Craugastor_decoratus,2
Craugastor_emcelae,2
Craugastor_emleni,2
Craugastor_escoces,2
Craugastor_evanesco,2
Craugastor_fitzingeri,2
Craugastor_fleischmanni,2
Craugastor_gabbi,2
Craugastor_galacticorhinus,2
Craugastor_glaucus,2
Craugastor_gollmeri,2
Craugastor_greggi,2
Craugastor_guerreroensis,2
Craugastor_gulosus,2
Craugastor_gutschei,2
Craugastor_hobartsmithi,2
Craugastor_inachus,2
Craugastor_laevissimus,2
Craugastor_laticeps,2
Craugastor_lauraster,2
Craugastor_lineatus,2
Craugastor_loki,2
Craugastor_longirostris,2
Craugastor_matudai,2
Craugastor_megacephalus,2
Craugastor_megalotympanum,2
Craugastor_melanostictus,2
Craugastor_metriosistus,2
Craugastor_mexicanus,2
Craugastor_milesi,2
Craugastor_mimus,2
Craugastor_monnichorum,2
Craugastor_montanus,2
Craugastor_nefrens,2
Craugastor_noblei,2
Craugastor_obesus,2
Craugastor_occidentalis,2
Craugastor_omiltemanus,2
Craugastor_opimus,2
Craugastor_palenque,2
Craugastor_pechorum,2
Craugastor_pelorus,2
Craugastor_persimilis,2
Craugastor_podiciferus,2
Craugastor_polymniae,2
Craugastor_polyptychus,2
Craugastor_pozo,2
Craugastor_psephosypharus,2
Craugastor_pygmaeus,2
Craugastor_raniformis,2
Craugastor_ranoides,2
Craugastor_rayo,2
Craugastor_rhodopis,2
Craugastor_rivulus,2
Craugastor_rostralis,2
Craugastor_rugosus,2
Craugastor_rugulosus,2
Craugastor_rupinius,2
Craugastor_sabrinus,2
Craugastor_sagui,2
Craugastor_saltator,2
Craugastor_saltuarius,2
Craugastor_sandersoni,2
Craugastor_silvicola,2
Craugastor_spatulatus,2
Craugastor_stadelmani,2
Craugastor_stejnegerianus,2
Craugastor_stuarti,2
Craugastor_tabasarae,2
Craugastor_talamancae,2
Craugastor_tarahumaraensis,2
Craugastor_taurus,2
Craugastor_taylori,2
Craugastor_underwoodi,2
Craugastor_uno,2
Craugastor_vocalis,2
Craugastor_vulcani,2
Craugastor_xucanebi,2
Craugastor_yucatanensis,2
Craugastor_zunigai,2
Crax_alberti,4
Crax_alector,4
Crax_blumenbachii,4
Crax_daubentoni,4
Crax_fasciolata,4
Crax_globulosa,4
Crax_pinima,4
Crax_rubra,4
Creatophora_cinerea,3
Cremnomys_cutchicus,1
Crenadactylus_horni,1
Crenadactylus_naso,1
Crenadactylus_occidentalis,1
Crenadactylus_ocellatus,1
Crenadactylus_pilbarensis,1
Crenadactylus_rostralis,1
Crenadactylus_tuberculatus,1
Creurgops_dentatus,1
Creurgops_verticalis,1
Crex_crex,4
Crex_egregia,3
Cricetomys_ansorgei,3
Cricetomys_emini,3
Cricetomys_gambianus,3
Cricetulus_alticola,1
Cricetulus_barabensis,1
Cricetulus_kamensis,1
Cricetulus_lama,1
Cricetulus_longicaudatus,1
Cricetulus_migratorius,1
Cricetulus_sokolovi,1
Cricetulus_tibetanus,1
Cricetus_cricetus,1
Cricosaura_typica,1
Crinia_bilingua,1
Crinia_deserticola,1
Crinia_fimbriata,1
Crinia_georgiana,1
Crinia_glauerti,1
Crinia_insignifera,1
Crinia_nimbus,1
Crinia_parinsignifera,1
Crinia_pseudinsignifera,1
Crinia_remota,1
Crinia_signifera,1
Crinia_sloanei,1
Crinia_subinsignifera,1
Crinia_tasmaniensis,1
Crinia_tinnula,1
Crinifer_piscator,4
Crinifer_zonurus,4
Criniferoides_leucogaster,4
Criniger_barbatus,3
Criniger_calurus,3
Criniger_chloronotus,3
Criniger_ndussumensis,3
Criniger_olivaceus,3
Crisantophis_nevermanni,2
Cristidorsa_otai,2
Cristidorsa_planidorsata,2
Crithagra_albogularis,1
Crithagra_ankoberensis,1
Crithagra_atrogularis,1
Crithagra_buchanani,1
Crithagra_burtoni,2
Crithagra_canicapilla,1
Crithagra_capistrata,1
Crithagra_citrinelloides,1
Crithagra_citrinipectus,1
Crithagra_concolor,1
Crithagra_donaldsoni,1
Crithagra_dorsostriata,1
Crithagra_flavigula,1
Crithagra_flaviventris,2
Crithagra_frontalis,1
Crithagra_gularis,1
Crithagra_hyposticta,1
Crithagra_koliensis,1
Crithagra_leucoptera,1
Crithagra_leucopygia,1
Crithagra_melanochroa,1
Crithagra_menachensis,1
Crithagra_mennelli,1
Crithagra_mozambica,1
Crithagra_reichardi,1
Crithagra_reichenowi,1
Crithagra_rothschildi,1
Crithagra_rufobrunnea,1
Crithagra_scotops,1
Crithagra_striatipectus,1
Crithagra_striolata,1
Crithagra_sulphurata,2
Crithagra_symonsi,1
Crithagra_totta,1
Crithagra_tristriata,1
Crithagra_xantholaema,1
Crithagra_xanthopygia,1
Crocidura_afeworkbekelei,1
Crocidura_aleksandrisi,1
Crocidura_allex,1
Crocidura_andamanensis,1
Crocidura_annamitensis,1
Crocidura_ansellorum,1
Crocidura_arispa,1
Crocidura_armenica,1
Crocidura_attenuata,1
Crocidura_attila,1
Crocidura_baileyi,1
Crocidura_baluensis,1
Crocidura_batesi,1
Crocidura_beatus,1
Crocidura_beccarii,1
Crocidura_bottegoides,1
Crocidura_brunnea,1
Crocidura_buettikoferi,1
Crocidura_caliginea,1
Crocidura_canariensis,1
Crocidura_cinderella,1
Crocidura_congobelgica,1
Crocidura_cranbrooki,1
Crocidura_crenata,1
Crocidura_crossei,1
Crocidura_cyanea,1
Crocidura_denti,1
Crocidura_desperata,1
Crocidura_dhofarensis,1
Crocidura_dolichura,1
Crocidura_douceti,1
Crocidura_dsinezumi,1
Crocidura_eburnea,1
Crocidura_eisentrauti,1
Crocidura_elgonius,1
Crocidura_elongata,1
Crocidura_fingui,1
Crocidura_fischeri,1
Crocidura_flavescens,1
Crocidura_floweri,1
Crocidura_foetida,1
Crocidura_foxi,1
Crocidura_fuliginosa,1
Crocidura_fulvastra,1
Crocidura_fumosa,1
Crocidura_fuscomurina,1
Crocidura_gathornei,1
Crocidura_glassi,1
Crocidura_gmelini,1
Crocidura_goliath,1
Crocidura_grandiceps,1
Crocidura_grandis,1
Crocidura_grassei,1
Crocidura_grayi,1
Crocidura_greenwoodi,1
Crocidura_guy,1
Crocidura_harenna,1
Crocidura_hikmiya,1
Crocidura_hildegardeae,1
Crocidura_hilliana,1
Crocidura_hirta,1
Crocidura_hispida,1
Crocidura_horsfieldii,1
Crocidura_hutanis,1
Crocidura_indochinensis,1
Crocidura_jacksoni,1
Crocidura_jenkinsi,1
Crocidura_jouvenetae,1
Crocidura_kivuana,1
Crocidura_lamottei,1
Crocidura_lanosa,1
Crocidura_lasiura,1
Crocidura_latona,1
Crocidura_lea,1
Crocidura_lepidura,1
Crocidura_leucodon,1
Crocidura_levicula,1
Crocidura_littoralis,1
Crocidura_longipes,1
Crocidura_lucina,1
Crocidura_ludia,1
Crocidura_luna,1
Crocidura_lusitania,1
Crocidura_lwiroensis,1
Crocidura_macarthuri,1
Crocidura_macmillani,1
Crocidura_malayana,1
Crocidura_manengubae,1
Crocidura_maquassiensis,1
Crocidura_mariquensis,1
Crocidura_maurisca,1
Crocidura_maxi,1
Crocidura_mdumai,1
Crocidura_mindorus,1
Crocidura_miya,1
Crocidura_monax,1
Crocidura_monticola,1
Crocidura_montis,1
Crocidura_munissii,1
Crocidura_muricauda,1
Crocidura_musseri,1
Crocidura_mutesae,1
Crocidura_nana,1
Crocidura_nanilla,1
Crocidura_negligens,1
Crocidura_negrina,1
Crocidura_nicobarica,1
Crocidura_nigeriae,1
Crocidura_nigripes,1
Crocidura_nigrofusca,1
Crocidura_nimbae,1
Crocidura_nimbasilvanus,1
Crocidura_ninoyi,1
Crocidura_niobe,1
Crocidura_obscurior,1
Crocidura_olivieri,1
Crocidura_orientalis,1
Crocidura_orii,1
Crocidura_pachyura,1
Crocidura_palawanensis,1
Crocidura_panayensis,1
Crocidura_paradoxura,1
Crocidura_parvipes,1
Crocidura_pasha,1
Crocidura_pergrisea,1
Crocidura_phaeura,1
Crocidura_phanluongi,1
Crocidura_phuquocensis,1
Crocidura_picea,1
Crocidura_planiceps,1
Crocidura_poensis,1
Crocidura_raineyi,1
Crocidura_ramona,1
Crocidura_religiosa,1
Crocidura_rhoditis,1
Crocidura_roosevelti,1
Crocidura_russula,1
Crocidura_sapaensis,1
Crocidura_selina,1
Crocidura_shantungensis,1
Crocidura_sibirica,1
Crocidura_sicula,1
Crocidura_silacea,1
Crocidura_smithii,1
Crocidura_sokolovi,1
Crocidura_somalica,1
Crocidura_stenocephala,1
Crocidura_suaveolens,1
Crocidura_tanakae,1
Crocidura_tansaniana,1
Crocidura_tarella,1
Crocidura_tarfayensis,1
Crocidura_telfordi,1
Crocidura_tenuis,1
Crocidura_thalia,1
Crocidura_theresae,1
Crocidura_thomensis,1
Crocidura_turba,1
Crocidura_umbra,1
Crocidura_usambarae,1
Crocidura_viaria,1
Crocidura_virgata,1
Crocidura_voi,1
Crocidura_vorax,1
Crocidura_vosmaeri,1
Crocidura_watasei,1
Crocidura_whitakeri,1
Crocidura_wimmeri,1
Crocidura_wuchihensis,1
Crocidura_xantippe,1
Crocidura_yaldeni,1
Crocidura_yankariensis,1
Crocidura_zaitsevi,1
Crocidura_zarudnyi,1
Crocidura_zimmermanni,1
Crocodilurus_amazonicus,4
Crocodylus_acutus,4
Crocodylus_intermedius,4
Crocodylus_mindorensis,4
Crocodylus_moreletii,4
Crocodylus_novaeguineae,4
Crocodylus_palustris,4
Crocodylus_porosus,4
Crocodylus_rhombifer,4
Crocodylus_siamensis,4
Crocuta_crocuta,4
Crossarchus_alexandri,3
Crossarchus_ansorgei,3
Crossarchus_obscurus,3
Crossarchus_platycephalus,3
Crossleyia_tenebrosa,2
Crossleyia_xanthophrys,2
Crossobamon_eversmanni,1
Crossodactylodes_bokermanni,1
Crossodactylodes_itambe,1
Crossodactylodes_izecksohni,1
Crossodactylodes_pintoi,1
Crossodactylodes_septentrionalis,1
Crossodactylus_caramaschii,2
Crossodactylus_cyclospinus,2
Crossodactylus_dantei,2
Crossodactylus_gaudichaudii,2
Crossodactylus_lutzorum,2
Crossodactylus_schmidti,2
Crossodactylus_timbuhy,2
Crossodactylus_trachystomus,2
Crossodactylus_werneri,2
Crossomys_moncktoni,2
Crossoptilon_auritum,4
Crossoptilon_crossoptilon,4
Crossoptilon_harmani,4
Crossoptilon_mantchuricum,4
Crotalus_adamanteus,4
Crotalus_angelensis,3
Crotalus_aquilus,2
Crotalus_atrox,4
Crotalus_basiliscus,4
Crotalus_caliginis,2
Crotalus_catalinensis,2
Crotalus_cerastes,2
Crotalus_durissus,3
Crotalus_enyo,3
Crotalus_estebanensis,2
Crotalus_horridus,4
Crotalus_intermedius,2
Crotalus_lannomi,2
Crotalus_lepidus,2
Crotalus_lorenzoensis,2
Crotalus_mitchellii,3
Crotalus_molossus,3
Crotalus_muertensis,2
Crotalus_oreganus,3
Crotalus_polystictus,3
Crotalus_pricei,2
Crotalus_pusillus,2
Crotalus_ravus,2
Crotalus_ruber,3
Crotalus_scutulatus,3
Crotalus_simus,3
Crotalus_stejnegeri,2
Crotalus_tancitarensis,2
Crotalus_tigris,2
Crotalus_tortugensis,3
Crotalus_totonacus,4
Crotalus_transversus,2
Crotalus_triseriatus,2
Crotalus_tzabcan,3
Crotalus_viridis,3
Crotalus_willardi,2
Crotaphatrema_bornmuelleri,2
Crotaphatrema_lamottei,2
Crotaphatrema_tchabalmbaboensis,2
Crotaphopeltis_barotseensis,2
Crotaphopeltis_braestrupi,2
Crotaphopeltis_degeni,2
Crotaphopeltis_hippocrepis,2
Crotaphopeltis_hotamboeia,2
Crotaphopeltis_tornieri,2
Crotaphytus_antiquus,2
Crotaphytus_bicinctores,3
Crotaphytus_collaris,3
Crotaphytus_dickersonae,2
Crotaphytus_grismeri,2
Crotaphytus_insularis,2
Crotaphytus_nebrius,2
Crotaphytus_reticulatus,2
Crotaphytus_vestigium,2
Crotophaga_ani,3
Crotophaga_major,4
Crotophaga_sulcirostris,3
Crunomys_celebensis,1
Crunomys_fallax,1
Crunomys_melanius,1
Crunomys_suncoides,1
Cruziohyla_calcarifer,2
Cruziohyla_craspedopus,2
Cruziohyla_sylviae,2
Cryophis_hallbergi,2
Crypsirina_cucullata,3
Crypsirina_temia,3
Cryptactites_peringueyi,1
Cryptillas_victorini,2
Cryptobatrachus_boulengeri,2
Cryptobatrachus_conditus,2
Cryptobatrachus_fuhrmanni,2
Cryptobatrachus_pedroruizi,2
Cryptobatrachus_remotus,2
Cryptobatrachus_ruthveni,2
Cryptoblepharus_adamsi,1
Cryptoblepharus_africanus,1
Cryptoblepharus_ahli,1
Cryptoblepharus_aldabrae,1
Cryptoblepharus_ater,1
Cryptoblepharus_australis,1
Cryptoblepharus_balinensis,1
Cryptoblepharus_bitaeniatus,1
Cryptoblepharus_boutonii,1
Cryptoblepharus_buchananii,1
Cryptoblepharus_burdeni,1
Cryptoblepharus_caudatus,1
Cryptoblepharus_cognatus,1
Cryptoblepharus_cursor,1
Cryptoblepharus_cygnatus,1
Cryptoblepharus_daedalos,1
Cryptoblepharus_eximius,1
Cryptoblepharus_exochus,1
Cryptoblepharus_fuhni,1
Cryptoblepharus_furvus,1
Cryptoblepharus_gloriosus,1
Cryptoblepharus_gurrmul,1
Cryptoblepharus_juno,1
Cryptoblepharus_keiensis,1
Cryptoblepharus_leschenault,1
Cryptoblepharus_litoralis,1
Cryptoblepharus_megastictus,1
Cryptoblepharus_mertensi,1
Cryptoblepharus_metallicus,1
Cryptoblepharus_nigropunctatus,1
Cryptoblepharus_novaeguineae,1
Cryptoblepharus_novocaledonicus,1
Cryptoblepharus_novohebridicus,1
Cryptoblepharus_ochrus,1
Cryptoblepharus_pannosus,1
Cryptoblepharus_plagiocephalus,1
Cryptoblepharus_poecilopleurus,1
Cryptoblepharus_pulcher,1
Cryptoblepharus_quinquetaeniatus,1
Cryptoblepharus_renschi,1
Cryptoblepharus_richardsi,1
Cryptoblepharus_ruber,1
Cryptoblepharus_rutilus,1
Cryptoblepharus_schlegelianus,1
Cryptoblepharus_tytthos,1
Cryptoblepharus_ustulatus,1
Cryptoblepharus_virgatus,1
Cryptoblepharus_voeltzkowi,1
Cryptoblepharus_wulbu,1
Cryptoblepharus_xenikos,1
Cryptoblepharus_yulensis,1
Cryptoblepharus_zoticus,1
Cryptochloris_wintoni,1
Cryptochloris_zyli,1
Cryptoleucopteryx_plumbea,4
Cryptolybia_olivacea,3
Cryptomicroeca_flaviventris,1
Cryptomys_hottentotus,2
Cryptomys_mahali,2
Cryptomys_natalensis,2
Cryptomys_pretoriae,2
Cryptonanus_agricolai,1
Cryptonanus_chacoensis,1
Cryptonanus_guahybae,1
Cryptonanus_unduaviensis,1
Cryptophaps_poecilorrhoa,4
Cryptophis_boschmai,1
Cryptophis_incredibilis,1
Cryptophis_nigrescens,1
Cryptophis_nigrostriatus,1
Cryptophis_pallidiceps,1
Cryptopipo_holochlora,2
Cryptopipo_litae,2
Cryptoprocta_ferox,4
Cryptospiza_jacksoni,1
Cryptospiza_reichenovii,1
Cryptospiza_salvadorii,1
Cryptospiza_shelleyi,1
Cryptosylvicola_randrianasoloi,1
Cryptothylax_greshoffii,1
Cryptothylax_minutus,1
Cryptotis_alticola,1
Cryptotis_aroensis,1
Cryptotis_cavatorculus,1
Cryptotis_celaque,1
Cryptotis_colombiana,1
Cryptotis_dinirensis,1
Cryptotis_endersi,1
Cryptotis_equatoris,1
Cryptotis_goldmani,1
Cryptotis_goodwini,1
Cryptotis_gracilis,1
Cryptotis_hondurensis,1
Cryptotis_lacertosus,1
Cryptotis_magna,1
Cryptotis_mam,1
Cryptotis_mayensis,1
Cryptotis_mccarthyi,1
Cryptotis_medellinia,1
Cryptotis_meridensis,1
Cryptotis_merriami,1
Cryptotis_merus,1
Cryptotis_mexicana,1
Cryptotis_montivaga,1
Cryptotis_nelsoni,1
Cryptotis_niausia,1
Cryptotis_nigrescens,1
Cryptotis_obscura,1
Cryptotis_oreoryctes,1
Cryptotis_orophila,1
Cryptotis_parva,1
Cryptotis_peregrina,1
Cryptotis_perijensis,1
Cryptotis_peruviensis,1
Cryptotis_phillipsii,1
Cryptotis_squamipes,1
Cryptotis_tamensis,1
Cryptotis_thomasi,1
Cryptotis_tropicalis,1
Cryptotis_venezuelensis,1
Cryptotriton_alvarezdeltoroi,1
Cryptotriton_monzoni,1
Cryptotriton_nasalis,1
Cryptotriton_necopinus,1
Cryptotriton_sierraminensis,1
Cryptotriton_veraepacis,1
Cryptotriton_xucaneborum,1
Crypturellus_atrocapillus,4
Crypturellus_bartletti,4
Crypturellus_berlepschi,4
Crypturellus_boucardi,4
Crypturellus_brevirostris,4
Crypturellus_casiquiare,4
Crypturellus_cinereus,4
Crypturellus_cinnamomeus,4
Crypturellus_duidae,4
Crypturellus_erythropus,4
Crypturellus_kerriae,4
Crypturellus_noctivagus,4
Crypturellus_obsoletus,4
Crypturellus_occidentalis,4
Crypturellus_parvirostris,3
Crypturellus_ptaritepui,4
Crypturellus_soui,4
Crypturellus_strigulosus,4
Crypturellus_tataupa,3
Crypturellus_transfasciatus,4
Crypturellus_undulatus,4
Crypturellus_variegatus,4
Ctenoblepharys_adspersa,2
Ctenodactylus_gundi,3
Ctenodactylus_vali,3
Ctenomys_argentinus,2
Ctenomys_azarae,2
Ctenomys_bergi,2
Ctenomys_boliviensis,2
Ctenomys_bonettoi,2
Ctenomys_colburni,2
Ctenomys_conoveri,2
Ctenomys_coyhaiquensis,2
Ctenomys_dorbignyi,2
Ctenomys_dorsalis,2
Ctenomys_emilianus,2
Ctenomys_fodax,2
Ctenomys_frater,2
Ctenomys_fulvus,2
Ctenomys_goodfellowi,2
Ctenomys_haigi,2
Ctenomys_ibicuiensis,2
Ctenomys_knighti,2
Ctenomys_latro,2
Ctenomys_leucodon,2
Ctenomys_lewisi,2
Ctenomys_magellanicus,2
Ctenomys_maulinus,2
Ctenomys_mendocinus,2
Ctenomys_minutus,2
Ctenomys_opimus,2
Ctenomys_osvaldoreigi,2
Ctenomys_pearsoni,2
Ctenomys_peruanus,2
Ctenomys_pilarensis,2
Ctenomys_porteousi,2
Ctenomys_pundti,2
Ctenomys_rionegrensis,2
Ctenomys_roigi,2
Ctenomys_saltarius,2
Ctenomys_sericeus,2
Ctenomys_sociabilis,2
Ctenomys_steinbachi,2
Ctenomys_talarum,2
Ctenomys_torquatus,2
Ctenomys_tuconax,2
Ctenomys_tucumanus,2
Ctenophorus_adelaidensis,1
Ctenophorus_aurita,1
Ctenophorus_butlerorum,1
Ctenophorus_caudicinctus,2
Ctenophorus_chapmani,1
Ctenophorus_clayi,1
Ctenophorus_cristatus,2
Ctenophorus_decresii,1
Ctenophorus_femoralis,1
Ctenophorus_fionni,1
Ctenophorus_fordi,2
Ctenophorus_gibba,1
Ctenophorus_graafi,1
Ctenophorus_infans,1
Ctenophorus_isolepis,1
Ctenophorus_maculatus,1
Ctenophorus_maculosus,2
Ctenophorus_mckenziei,1
Ctenophorus_mirrityana,1
Ctenophorus_nguyarna,1
Ctenophorus_nuchalis,2
Ctenophorus_ornatus,2
Ctenophorus_parviceps,1
Ctenophorus_pictus,1
Ctenophorus_reticulatus,2
Ctenophorus_rubens,1
Ctenophorus_rufescens,1
Ctenophorus_salinarum,1
Ctenophorus_scutulatus,1
Ctenophorus_slateri,1
Ctenophorus_tjantjalka,1
Ctenophorus_vadnappa,1
Ctenophorus_yinnietharra,1
Ctenophryne_aequatorialis,2
Ctenophryne_aterrima,2
Ctenophryne_barbatula,2
Ctenophryne_carpish,2
Ctenophryne_geayi,2
Ctenophryne_minor,2
Ctenosaura_acanthura,3
Ctenosaura_bakeri,3
Ctenosaura_conspicuosa,3
Ctenosaura_flavidorsalis,2
Ctenosaura_hemilopha,3
Ctenosaura_macrolopha,3
Ctenosaura_melanosterna,3
Ctenosaura_nolascensis,2
Ctenosaura_oedirhina,3
Ctenosaura_pectinata,4
Ctenosaura_praeocularis,3
Ctenosaura_quinquecarinata,2
Ctenosaura_similis,4
Ctenotus_agrestis,2
Ctenotus_alacer,2
Ctenotus_alleni,2
Ctenotus_allotropis,2
Ctenotus_angusticeps,2
Ctenotus_aphrodite,2
Ctenotus_arcanus,2
Ctenotus_ariadnae,2
Ctenotus_arnhemensis,2
Ctenotus_astarte,2
Ctenotus_astictus,2
Ctenotus_atlas,2
Ctenotus_australis,2
Ctenotus_borealis,2
Ctenotus_brachyonyx,2
Ctenotus_brevipes,2
Ctenotus_brooksi,2
Ctenotus_burbidgei,2
Ctenotus_calurus,1
Ctenotus_capricorni,2
Ctenotus_catenifer,2
Ctenotus_coggeri,2
Ctenotus_colletti,2
Ctenotus_decaneurus,2
Ctenotus_delli,2
Ctenotus_duricola,2
Ctenotus_dux,2
Ctenotus_ehmanni,2
Ctenotus_essingtonii,2
Ctenotus_euclae,2
Ctenotus_eurydice,2
Ctenotus_eutaenius,2
Ctenotus_fallens,2
Ctenotus_gagudju,2
Ctenotus_gemmula,2
Ctenotus_grandis,2
Ctenotus_greeri,2
Ctenotus_halysis,2
Ctenotus_hanloni,2
Ctenotus_hebetior,2
Ctenotus_helenae,2
Ctenotus_hilli,2
Ctenotus_iapetus,2
Ctenotus_impar,2
Ctenotus_ingrami,2
Ctenotus_inornatus,2
Ctenotus_joanae,2
Ctenotus_kurnbudj,2
Ctenotus_labillardieri,2
Ctenotus_lancelini,2
Ctenotus_lateralis,1
Ctenotus_leae,2
Ctenotus_leonhardii,1
Ctenotus_maryani,2
Ctenotus_mastigura,2
Ctenotus_mesotes,2
Ctenotus_militaris,2
Ctenotus_mimetes,2
Ctenotus_monticola,2
Ctenotus_nasutus,2
Ctenotus_nigrilineatus,2
Ctenotus_nullum,2
Ctenotus_olympicus,2
Ctenotus_ora,2
Ctenotus_orientalis,2
Ctenotus_pallasotus,2
Ctenotus_pallescens,2
Ctenotus_pantherinus,2
Ctenotus_piankai,2
Ctenotus_pulchellus,2
Ctenotus_quattuordecimlineatus,2
Ctenotus_quinkan,2
Ctenotus_quirinus,2
Ctenotus_rawlinsoni,2
Ctenotus_regius,2
Ctenotus_rhabdotus,2
Ctenotus_rimacola,2
Ctenotus_robustus,2
Ctenotus_rosarium,2
Ctenotus_rubicundus,2
Ctenotus_rufescens,2
Ctenotus_rutilans,2
Ctenotus_saxatilis,2
Ctenotus_schevilli,2
Ctenotus_schomburgkii,1
Ctenotus_septenarius,2
Ctenotus_serotinus,2
Ctenotus_serventyi,2
Ctenotus_severus,2
Ctenotus_spaldingi,2
Ctenotus_storri,2
Ctenotus_strauchii,2
Ctenotus_striaticeps,2
Ctenotus_stuarti,2
Ctenotus_superciliaris,2
Ctenotus_taeniatus,1
Ctenotus_taeniolatus,1
Ctenotus_tanamiensis,2
Ctenotus_tantillus,2
Ctenotus_terrareginae,2
Ctenotus_uber,2
Ctenotus_vagus,2
Ctenotus_vertebralis,2
Ctenotus_xenopleura,2
Ctenotus_youngsoni,2
Ctenotus_zastictus,2
Ctenotus_zebrilla,2
Cubatyphlops_anchaurus,1
Cubatyphlops_anousius,1
Cubatyphlops_arator,1
Cubatyphlops_biminiensis,1
Cubatyphlops_caymanensis,1
Cubatyphlops_contorhinus,1
Cubatyphlops_epactius,1
Cubatyphlops_golyathi,1
Cubatyphlops_notorachius,1
Cubatyphlops_paradoxus,1
Cubatyphlops_perimychus,1
Cubatyphlops_satelles,1
Cubophis_brooksi,2
Cubophis_cantherigerus,2
Cubophis_caymanus,2
Cubophis_fuscicauda,2
Cubophis_ruttyi,2
Cubophis_vudii,2
Cuculus_canorus,4
Cuculus_clamosus,3
Cuculus_crassirostris,3
Cuculus_gularis,3
Cuculus_lepidus,3
Cuculus_micropterus,3
Cuculus_poliocephalus,3
Cuculus_rochii,3
Cuculus_saturatus,3
Cuculus_solitarius,3
Culicicapa_ceylonensis,1
Culicicapa_helianthea,1
Culicivora_caudacuta,1
Cuniculus_paca,4
Cuniculus_taczanowskii,4
Cuon_alpinus,4
Cuora_amboinensis,3
Cuora_bourreti,3
Cuora_galbinifrons,3
Cuora_mouhotii,3
Cuora_picturata,3
Cuora_trifasciata,3
Curaeus_curaeus,3
Cursorius_coromandelicus,3
Cursorius_cursor,3
Cursorius_rufus,3
Cursorius_somalensis,3
Cursorius_temminckii,3
Cuscomys_ashaninka,3
Cutia_legalleni,3
Cutia_nipalensis,3
Cyanecula_svecica,2
Cyanerpes_caeruleus,1
Cyanerpes_cyaneus,1
Cyanerpes_lucidus,1
Cyanerpes_nitidus,1
Cyanicterus_cyanicterus,2
Cyanistes_caeruleus,1
Cyanistes_cyanus,1
Cyanistes_teneriffae,1
Cyanochen_cyanoptera,4
Cyanocitta_cristata,3
Cyanocitta_stelleri,3
Cyanocompsa_parellina,2
Cyanocorax_affinis,3
Cyanocorax_beecheii,4
Cyanocorax_cayanus,4
Cyanocorax_chrysops,4
Cyanocorax_coeruleus,4
Cyanocorax_colliei,4
Cyanocorax_cristatellus,4
Cyanocorax_cyanomelas,4
Cyanocorax_cyanopogon,4
Cyanocorax_dickeyi,4
Cyanocorax_formosus,4
Cyanocorax_hafferi,4
Cyanocorax_heilprini,4
Cyanocorax_melanocyaneus,3
Cyanocorax_morio,4
Cyanocorax_mystacalis,4
Cyanocorax_sanblasianus,4
Cyanocorax_violaceus,4
Cyanocorax_yncas,3
Cyanocorax_yucatanicus,3
Cyanoderma_bicolor,1
Cyanoderma_chrysaeum,1
Cyanoderma_erythropterum,1
Cyanoderma_melanothorax,1
Cyanoderma_pyrrhops,1
Cyanoderma_ruficeps,1
Cyanoderma_rufifrons,1
Cyanograucalus_azureus,3
Cyanolanius_comorensis,2
Cyanolanius_madagascarinus,2
Cyanolimnas_cerverai,4
Cyanoliseus_patagonus,4
Cyanoloxia_brissonii,2
Cyanoloxia_cyanoides,2
Cyanoloxia_glaucocaerulea,2
Cyanoloxia_rothschildii,2
Cyanolyca_argentigula,3
Cyanolyca_armillata,3
Cyanolyca_cucullata,3
Cyanolyca_mirabilis,3
Cyanolyca_nanus,3
Cyanolyca_pulchra,3
Cyanolyca_pumilo,3
Cyanolyca_quindiuna,3
Cyanolyca_turcosa,3
Cyanolyca_viridicyanus,3
Cyanomitra_alinae,1
Cyanomitra_bannermani,1
Cyanomitra_cyanolaema,1
Cyanomitra_olivacea,1
Cyanomitra_oritis,1
Cyanomitra_verreauxii,1
Cyanomitra_verticalis,1
Cyanophaia_bicolor,1
Cyanopica_cooki,3
Cyanopica_cyanus,3
Cyanoptila_cumatilis,1
Cyanoptila_cyanomelana,1
Cyanoramphus_auriceps,3
Cyanoramphus_forbesi,3
Cyanoramphus_malherbi,3
Cyanoramphus_novaezelandiae,3
Cyanoramphus_unicolor,4
Cyclanorbis_elegans,4
Cyclanorbis_senegalensis,4
Cyclarhis_gujanensis,2
Cyclarhis_nigrirostris,2
Cyclemys_atripons,3
Cyclemys_dentata,3
Cyclemys_enigmatica,3
Cyclemys_fusca,3
Cyclemys_gemeli,3
Cyclemys_oldhamii,3
Cyclemys_pulchristriata,3
Cyclocorus_lineatus,2
Cyclocorus_nuchalis,2
Cycloderma_aubryi,4
Cycloderma_frenatum,4
Cyclodomorphus_branchialis,3
Cyclodomorphus_casuarinae,3
Cyclodomorphus_celatus,3
Cyclodomorphus_gerrardii,2
Cyclodomorphus_maximus,2
Cyclodomorphus_melanops,2
Cyclodomorphus_michaeli,2
Cyclodomorphus_praealtus,2
Cyclodomorphus_venustus,2
Cyclopes_didactylus,3
Cyclopsitta_amabilis,3
Cyclopsitta_coxeni,3
Cyclopsitta_diophthalma,3
Cyclopsitta_gulielmitertii,3
Cyclopsitta_melanogenia,3
Cyclopsitta_nigrifrons,3
Cycloramphus_acangatan,2
Cycloramphus_asper,2
Cycloramphus_bandeirensis,2
Cycloramphus_bolitoglossus,2
Cycloramphus_boraceiensis,2
Cycloramphus_brasiliensis,2
Cycloramphus_carvalhoi,2
Cycloramphus_dubius,2
Cycloramphus_duseni,2
Cycloramphus_eleutherodactylus,2
Cycloramphus_faustoi,2
Cycloramphus_fuliginosus,2
Cycloramphus_heyeri,2
Cycloramphus_izecksohni,2
Cycloramphus_juimirim,2
Cycloramphus_lithomimeticus,2
Cycloramphus_lutzorum,2
Cycloramphus_migueli,2
Cycloramphus_mirandaribeiroi,2
Cycloramphus_organensis,2
Cycloramphus_parvulus,2
Cycloramphus_rhyakonastes,2
Cyclorana_alboguttata,3
Cyclorana_australis,3
Cyclorana_brevipes,3
Cyclorana_cryptotis,3
Cyclorana_cultripes,3
Cyclorana_longipes,3
Cyclorana_maculosa,3
Cyclorana_maini,3
Cyclorana_manya,3
Cyclorana_novaehollandiae,3
Cyclorana_occidentalis,3
Cyclorana_platycephala,3
Cyclorana_vagitus,3
Cyclorana_verrucosa,3
Cyclotyphlops_deharvengi,1
Cyclura_carinata,4
Cyclura_collei,4
Cyclura_lewisi,4
Cyclura_pinguis,4
Cyclura_stejnegeri,4
Cygnus_atratus,4
Cygnus_buccinator,4
Cygnus_columbianus,4
Cygnus_cygnus,4
Cygnus_melancoryphus,4
Cygnus_olor,4
Cylindrophis_aruensis,2
Cylindrophis_boulengeri,2
Cylindrophis_engkariensis,2
Cylindrophis_isolepis,2
Cylindrophis_lineatus,2
Cylindrophis_maculatus,2
Cylindrophis_melanotus,2
Cylindrophis_opisthorhodus,2
Cylindrophis_osheai,2
Cylindrophis_ruffus,2
Cylindrophis_subocularis,2
Cylindrophis_yamdena,2
Cymbilaimus_lineatus,3
Cymbilaimus_sanctaemariae,3
Cymbirhynchus_affinis,3
Cymbirhynchus_macrorhynchos,3
Cynanthus_doubledayi,1
Cynanthus_latirostris,1
Cynanthus_lawrencei,1
Cynanthus_sordidus,1
Cynictis_penicillata,3
Cynisca_bifrontalis,1
Cynisca_feae,1
Cynisca_gansi,1
Cynisca_haugi,1
Cynisca_kigomensis,1
Cynisca_kraussi,1
Cynisca_leonina,1
Cynisca_leucura,1
Cynisca_liberiensis,1
Cynisca_muelleri,1
Cynisca_nigeriensis,1
Cynisca_oligopholis,1
Cynisca_rouxae,1
Cynisca_schaeferi,1
Cynisca_senegalensis,1
Cynisca_williamsi,1
Cynocephalus_volans,4
Cynogale_bennettii,3
Cynomops_abrasus,2
Cynomops_greenhalli,2
Cynomops_mexicanus,2
Cynomops_milleri,2
Cynomops_paranus,2
Cynomops_planirostris,2
Cynomys_gunnisoni,3
Cynomys_leucurus,3
Cynomys_ludovicianus,3
Cynomys_mexicanus,3
Cynomys_parvidens,3
Cynops_ensicauda,2
Cynops_pyrrhogaster,2
Cynopterus_brachyotis,4
Cynopterus_horsfieldii,4
Cynopterus_luzoniensis,4
Cynopterus_minutus,4
Cynopterus_nusatenggara,4
Cynopterus_sphinx,4
Cynopterus_titthaecheilus,4
Cyornis_banyumas,1
Cyornis_brunneatus,1
Cyornis_caerulatus,1
Cyornis_camarinensis,1
Cyornis_colonus,1
Cyornis_concretus,2
Cyornis_djampeanus,1
Cyornis_glaucicomans,1
Cyornis_hainanus,1
Cyornis_herioti,1
Cyornis_hoevelli,1
Cyornis_hyacinthinus,1
Cyornis_lemprieri,1
Cyornis_magnirostris,2
Cyornis_nicobaricus,2
Cyornis_olivaceus,2
Cyornis_omissus,2
Cyornis_oscillans,1
Cyornis_pallidipes,1
Cyornis_poliogenys,1
Cyornis_rubeculoides,1
Cyornis_ruckii,1
Cyornis_ruficauda,1
Cyornis_rufigastra,2
Cyornis_sanfordi,1
Cyornis_stresemanni,1
Cyornis_sumatrensis,2
Cyornis_superbus,2
Cyornis_tickelliae,1
Cyornis_turcosus,2
Cyornis_umbratilis,2
Cyornis_unicolor,2
Cyphorhinus_arada,2
Cyphorhinus_dichrous,2
Cyphorhinus_phaeocephalus,2
Cyphorhinus_thoracicus,2
Cyphos_macrodactylus,2
Cypseloides_cherriei,3
Cypseloides_cryptus,3
Cypseloides_fumigatus,3
Cypseloides_lemosi,3
Cypseloides_niger,3
Cypseloides_rothschildi,3
Cypseloides_senex,3
Cypseloides_storeri,3
Cypsiurus_balasiensis,1
Cypsiurus_gracilis,1
Cypsiurus_parvus,1
Cypsnagra_hirundinacea,2
Cyrtodactylus_aaroni,1
Cyrtodactylus_adleri,1
Cyrtodactylus_adorus,1
Cyrtodactylus_aequalis,1
Cyrtodactylus_agamensis,1
Cyrtodactylus_agusanensis,1
Cyrtodactylus_albofasciatus,1
Cyrtodactylus_angularis,1
Cyrtodactylus_annandalei,1
Cyrtodactylus_annulatus,1
Cyrtodactylus_arcanus,1
Cyrtodactylus_astrum,1
Cyrtodactylus_aurensis,1
Cyrtodactylus_auribalteatus,1
Cyrtodactylus_australotitiwangsaensis,1
Cyrtodactylus_ayeyarwadyensis,1
Cyrtodactylus_badenensis,1
Cyrtodactylus_baluensis,1
Cyrtodactylus_bansocensis,1
Cyrtodactylus_batik,1
Cyrtodactylus_battalensis,1
Cyrtodactylus_batucolus,1
Cyrtodactylus_bhupathyi,1
Cyrtodactylus_bichnganae,1
Cyrtodactylus_bidoupimontis,1
Cyrtodactylus_bintangrendah,1
Cyrtodactylus_bintangtinggi,1
Cyrtodactylus_biordinis,1
Cyrtodactylus_bobrovi,1
Cyrtodactylus_boreoclivus,1
Cyrtodactylus_brevidactylus,1
Cyrtodactylus_brevipalmatus,1
Cyrtodactylus_buchardi,1
Cyrtodactylus_bugiamapensis,1
Cyrtodactylus_calamei,1
Cyrtodactylus_caovansungi,1
Cyrtodactylus_capreoloides,1
Cyrtodactylus_cattienensis,1
Cyrtodactylus_cavernicolus,1
Cyrtodactylus_cayuensis,1
Cyrtodactylus_chamba,1
Cyrtodactylus_chanhomeae,1
Cyrtodactylus_chauquangensis,1
Cyrtodactylus_chrysopylos,1
Cyrtodactylus_collegalensis,1
Cyrtodactylus_condorensis,1
Cyrtodactylus_consobrinoides,1
Cyrtodactylus_consobrinus,2
Cyrtodactylus_cracens,1
Cyrtodactylus_cryptus,1
Cyrtodactylus_cucdongensis,1
Cyrtodactylus_cucphuongensis,1
Cyrtodactylus_darevskii,1
Cyrtodactylus_darmandvillei,2
Cyrtodactylus_dati,1
Cyrtodactylus_dattanensis,1
Cyrtodactylus_deccanensis,1
Cyrtodactylus_derongo,1
Cyrtodactylus_deveti,1
Cyrtodactylus_doisuthep,1
Cyrtodactylus_dumnuii,1
Cyrtodactylus_durio,1
Cyrtodactylus_edwardtaylori,1
Cyrtodactylus_eisenmanae,1
Cyrtodactylus_elok,1
Cyrtodactylus_epiroticus,1
Cyrtodactylus_erythrops,1
Cyrtodactylus_fasciolatus,1
Cyrtodactylus_feae,1
Cyrtodactylus_fraenatus,1
Cyrtodactylus_fumosus,1
Cyrtodactylus_gansi,1
Cyrtodactylus_gialaiensis,1
Cyrtodactylus_gordongekkoi,1
Cyrtodactylus_grismeri,1
Cyrtodactylus_guakanthanensis,1
Cyrtodactylus_gubaot,1
Cyrtodactylus_gubernatoris,1
Cyrtodactylus_gunungsenyumensis,1
Cyrtodactylus_guwahatiensis,1
Cyrtodactylus_halmahericus,1
Cyrtodactylus_hidupselamanya,1
Cyrtodactylus_hikidai,1
Cyrtodactylus_himalayanus,1
Cyrtodactylus_himalayicus,1
Cyrtodactylus_hinnamnoensis,1
Cyrtodactylus_hitchi,1
Cyrtodactylus_hontreensis,1
Cyrtodactylus_hoskini,1
Cyrtodactylus_huongsonensis,1
Cyrtodactylus_huynhi,1
Cyrtodactylus_ingeri,1
Cyrtodactylus_interdigitalis,1
Cyrtodactylus_intermedius,1
Cyrtodactylus_inthanon,1
Cyrtodactylus_irianjayaensis,1
Cyrtodactylus_irregularis,1
Cyrtodactylus_jaegeri,1
Cyrtodactylus_jaintiaensis,1
Cyrtodactylus_jambangan,1
Cyrtodactylus_jarakensis,1
Cyrtodactylus_jarujini,1
Cyrtodactylus_jelawangensis,1
Cyrtodactylus_jellesmae,1
Cyrtodactylus_jeyporensis,1
Cyrtodactylus_kazirangaensis,1
Cyrtodactylus_khammouanensis,1
Cyrtodactylus_khasiensis,1
Cyrtodactylus_khelangensis,1
Cyrtodactylus_kimberleyensis,1
Cyrtodactylus_kingsadai,1
Cyrtodactylus_klakahensis,1
Cyrtodactylus_klugei,1
Cyrtodactylus_kunyai,1
Cyrtodactylus_laevigatus,1
Cyrtodactylus_langkawiensis,1
Cyrtodactylus_lateralis,1
Cyrtodactylus_lawderanus,1
Cyrtodactylus_leegrismeri,2
Cyrtodactylus_lekaguli,2
Cyrtodactylus_lenggongensis,2
Cyrtodactylus_lenya,2
Cyrtodactylus_lomyenensis,2
Cyrtodactylus_loriae,2
Cyrtodactylus_louisiadensis,2
Cyrtodactylus_macrotuberculatus,2
Cyrtodactylus_majulah,2
Cyrtodactylus_malayanus,2
Cyrtodactylus_mamanwa,2
Cyrtodactylus_mandalayensis,2
Cyrtodactylus_markuscombaii,2
Cyrtodactylus_marmoratus,2
Cyrtodactylus_martini,2
Cyrtodactylus_martinstolli,2
Cyrtodactylus_matsuii,2
Cyrtodactylus_mcdonaldi,2
Cyrtodactylus_medioclivus,2
Cyrtodactylus_medogensis,2
Cyrtodactylus_metropolis,2
Cyrtodactylus_mimikanus,2
Cyrtodactylus_minor,2
Cyrtodactylus_montanus,2
Cyrtodactylus_multiporus,2
Cyrtodactylus_murua,2
Cyrtodactylus_nagalandensis,2
Cyrtodactylus_nebulosus,2
Cyrtodactylus_nepalensis,2
Cyrtodactylus_nigriocularis,2
Cyrtodactylus_novaeguineae,2
Cyrtodactylus_nuaulu,2
Cyrtodactylus_oldhami,2
Cyrtodactylus_otai,2
Cyrtodactylus_pageli,2
Cyrtodactylus_pantiensis,2
Cyrtodactylus_papilionoides,2
Cyrtodactylus_papuensis,2
Cyrtodactylus_payacola,2
Cyrtodactylus_payarhtanensis,2
Cyrtodactylus_peguensis,2
Cyrtodactylus_petani,2
Cyrtodactylus_phetchaburiensis,2
Cyrtodactylus_philippinicus,2
Cyrtodactylus_phongnhakebangensis,2
Cyrtodactylus_phuketensis,2
Cyrtodactylus_phuocbinhensis,2
Cyrtodactylus_phuquocensis,2
Cyrtodactylus_pronarus,2
Cyrtodactylus_psarops,2
Cyrtodactylus_pseudoquadrivirgatus,2
Cyrtodactylus_pubisulcus,2
Cyrtodactylus_puhuensis,2
Cyrtodactylus_pulchellus,2
Cyrtodactylus_quadrivirgatus,2
Cyrtodactylus_ramboda,2
Cyrtodactylus_ranongensis,2
Cyrtodactylus_redimiculus,2
Cyrtodactylus_rishivalleyensis,2
Cyrtodactylus_robustus,2
Cyrtodactylus_roesleri,2
Cyrtodactylus_rosichonarieforum,2
Cyrtodactylus_rubidus,2
Cyrtodactylus_rufford,2
Cyrtodactylus_russelli,2
Cyrtodactylus_sadleiri,2
Cyrtodactylus_saiyok,2
Cyrtodactylus_salomonensis,2
Cyrtodactylus_samroiyot,2
Cyrtodactylus_sanook,2
Cyrtodactylus_semenanjungensis,2
Cyrtodactylus_semiadii,2
Cyrtodactylus_semicinctus,2
Cyrtodactylus_septentrionalis,2
Cyrtodactylus_seribuatensis,2
Cyrtodactylus_sermowaiensis,2
Cyrtodactylus_serratus,2
Cyrtodactylus_sharkari,2
Cyrtodactylus_slowinskii,2
Cyrtodactylus_soba,2
Cyrtodactylus_sommerladi,2
Cyrtodactylus_soni,2
Cyrtodactylus_soudthichaki,2
Cyrtodactylus_speciosus,2
Cyrtodactylus_spelaeus,2
Cyrtodactylus_spinosus,2
Cyrtodactylus_srilekhae,2
Cyrtodactylus_subsolanus,2
Cyrtodactylus_sumonthai,2
Cyrtodactylus_sumuroi,2
Cyrtodactylus_surin,2
Cyrtodactylus_sworderi,2
Cyrtodactylus_tahuna,2
Cyrtodactylus_takouensis,2
Cyrtodactylus_tamaiensis,2
Cyrtodactylus_tambora,2
Cyrtodactylus_tanahjampea,2
Cyrtodactylus_tautbatorum,2
Cyrtodactylus_taynguyenensis,2
Cyrtodactylus_tebuensis,2
Cyrtodactylus_teyniei,2
Cyrtodactylus_thirakhupti,2
Cyrtodactylus_thuongae,2
Cyrtodactylus_tibetanus,2
Cyrtodactylus_tigroides,2
Cyrtodactylus_timur,2
Cyrtodactylus_tiomanensis,2
Cyrtodactylus_triedrus,2
Cyrtodactylus_trilatofasciatus,2
Cyrtodactylus_tripartitus,2
Cyrtodactylus_tripuraensis,2
Cyrtodactylus_tuberculatus,2
Cyrtodactylus_varadgirii,2
Cyrtodactylus_variegatus,2
Cyrtodactylus_vilaphongi,2
Cyrtodactylus_wakeorum,2
Cyrtodactylus_wallacei,2
Cyrtodactylus_wangkulangkulae,2
Cyrtodactylus_wayakonei,2
Cyrtodactylus_wetariensis,2
Cyrtodactylus_yakhuna,2
Cyrtodactylus_yangbayensis,2
Cyrtodactylus_yoshii,2
Cyrtodactylus_zhaoermii,2
Cyrtodactylus_ziegleri,2
Cyrtodactylus_zugi,2
Cyrtonyx_montezumae,4
Cyrtonyx_ocellatus,4
Cyrtonyx_sallei,4
Cyrtopodion_agamuroides,1
Cyrtopodion_aravallense,1
Cyrtopodion_baigii,1
Cyrtopodion_belaense,1
Cyrtopodion_brevipes,1
Cyrtopodion_fortmunroi,1
Cyrtopodion_gastrophole,1
Cyrtopodion_indusoani,1
Cyrtopodion_kachhense,1
Cyrtopodion_kirmanense,1
Cyrtopodion_kohsulaimanai,1
Cyrtopodion_mansarulum,1
Cyrtopodion_montiumsalsorum,1
Cyrtopodion_potoharense,1
Cyrtopodion_rhodocauda,1
Cyrtopodion_rohtasfortai,1
Cyrtopodion_scabrum,1
Cyrtopodion_sistanense,1
Cyrtopodion_watsoni,1
Cyttarops_alecto,2
Daboia_deserti,4
Daboia_mauritanica,4
Daboia_palaestinae,4
Daboia_russelii,4
Daboia_siamensis,4
Dacelo_gaudichaud,4
Dacelo_leachii,4
Dacelo_novaeguineae,4
Dacelo_tyro,4
Dacnis_albiventris,1
Dacnis_berlepschi,1
Dacnis_cayana,1
Dacnis_egregia,1
Dacnis_flaviventer,1
Dacnis_hartlaubi,1
Dacnis_lineata,1
Dacnis_nigripes,1
Dacnis_venusta,1
Dacnis_viguieri,1
Dacnomys_millardi,1
Dactylocnemis_pacificus,2
Dactylomys_boliviensis,2
Dactylomys_dactylinus,2
Dactylomys_peruanus,2
Dactylonax_palpator,3
Dactylopsila_megalura,3
Dactylopsila_tatei,3
Dactylopsila_trivirgata,3
Dactylortyx_thoracicus,4
Dalmatolacerta_oxycephala,2
Dalophia_angolensis,2
Dalophia_ellenbergeri,2
Dalophia_gigantea,2
Dalophia_longicauda,2
Dalophia_luluae,2
Dalophia_pistillum,2
Dalophia_welwitschii,2
Dama_dama,4
Dama_mesopotamica,4
Damaliscus_lunatus,4
Damaliscus_pygargus,4
Daphoenositta_chrysoptera,1
Daphoenositta_miranda,1
Daphoenositta_papuensis,1
Daptrius_ater,4
Darevskia_alpina,2
Darevskia_armeniaca,2
Darevskia_bendimahiensis,2
Darevskia_brauneri,2
Darevskia_caucasica,2
Darevskia_chlorogaster,2
Darevskia_clarkorum,2
Darevskia_daghestanica,2
Darevskia_dahli,2
Darevskia_defilippii,2
Darevskia_derjugini,2
Darevskia_dryada,2
Darevskia_kopetdaghica,2
Darevskia_lindholmi,2
Darevskia_mixta,2
Darevskia_parvula,2
Darevskia_portschinskii,2
Darevskia_praticola,2
Darevskia_raddei,2
Darevskia_rostombekowi,2
Darevskia_rudis,2
Darevskia_sapphirina,2
Darevskia_saxicola,2
Darevskia_steineri,2
Darevskia_unisexualis,2
Darevskia_uzzelli,2
Darevskia_valentini,2
Dasia_griffini,2
Dasia_grisea,2
Dasia_haliana,2
Dasia_johnsinghi,2
Dasia_nicobarensis,2
Dasia_olivacea,2
Dasia_semicincta,2
Dasia_subcaerulea,2
Dasia_vittata,2
Dasia_vyneri,2
Dasycercus_blythi,1
Dasycercus_cristicauda,1
Dasycrotapha_plateni,1
Dasycrotapha_pygmaea,1
Dasycrotapha_speciosa,1
Dasykaluta_rosamondae,2
Dasylophus_superciliosus,3
Dasymys_foxi,1
Dasymys_incomtus,1
Dasymys_montanus,1
Dasymys_nudipes,1
Dasymys_rufulus,1
Dasyornis_brachypterus,3
Dasyornis_broadbenti,3
Dasyornis_longirostris,3
Dasypeltis_abyssina,3
Dasypeltis_atra,3
Dasypeltis_bazi,3
Dasypeltis_confusa,3
Dasypeltis_fasciata,3
Dasypeltis_gansi,3
Dasypeltis_inornata,3
Dasypeltis_latericia,3
Dasypeltis_medici,3
Dasypeltis_palmarum,3
Dasypeltis_parascabra,3
Dasypeltis_sahelensis,3
Dasypeltis_scabra,3
Dasypops_schirchi,2
Dasyprocta_azarae,4
Dasyprocta_coibae,4
Dasyprocta_croconota,4
Dasyprocta_fuliginosa,4
Dasyprocta_guamara,4
Dasyprocta_iacki,4
Dasyprocta_kalinowskii,4
Dasyprocta_leporina,4
Dasyprocta_mexicana,4
Dasyprocta_prymnolopha,4
Dasyprocta_punctata,4
Dasyprocta_ruatanica,4
Dasyprocta_variegata,4
Dasypus_hybridus,3
Dasypus_kappleri,3
Dasypus_novemcinctus,3
Dasypus_pilosus,3
Dasypus_sabanicola,3
Dasypus_septemcinctus,3
Dasypus_yepesi,3
Dasyuroides_byrnei,2
Dasyurus_albopunctatus,2
Dasyurus_geoffroii,2
Dasyurus_hallucatus,2
Dasyurus_maculatus,2
Dasyurus_spartacus,2
Dasyurus_viverrinus,2
Daubentonia_madagascariensis,4
Deconychura_longicauda,2
Deconychura_pallida,2
Deconychura_typica,2
Deinagkistrodon_acutus,3
Delanymys_brooksi,1
Deleornis_axillaris,1
Deleornis_fraseri,1
Delichon_dasypus,2
Delichon_lagopodum,2
Delichon_nipalense,2
Delichon_urbicum,2
Delma_australis,2
Delma_borea,2
Delma_butleri,2
Delma_concinna,2
Delma_desmosa,2
Delma_elegans,2
Delma_fraseri,2
Delma_grayii,2
Delma_hebesa,2
Delma_impar,2
Delma_inornata,2
Delma_labialis,2
Delma_mitella,2
Delma_molleri,2
Delma_nasuta,2
Delma_pax,2
Delma_petersoni,2
Delma_plebeia,2
Delma_tealei,2
Delma_tincta,2
Delma_torquata,2
Delomys_collinus,1
Delomys_dorsalis,1
Delomys_sublineatus,1
Deltamys_kempi,1
Deltarhynchus_flammulatus,2
Demansia_angusticeps,3
Demansia_calodera,3
Demansia_flagellatio,3
Demansia_olivacea,3
Demansia_papuensis,3
Demansia_psammophis,3
Demansia_quaesitor,3
Demansia_reticulata,3
Demansia_rimicola,3
Demansia_rufescens,3
Demansia_shinei,3
Demansia_simplex,3
Demansia_torquata,3
Demansia_vestigiata,3
Dendragama_australis,3
Dendragama_boulengeri,3
Dendragama_dioidema,3
Dendragapus_fuliginosus,4
Dendragapus_obscurus,4
Dendrelaphis_andamanensis,2
Dendrelaphis_anthracina,2
Dendrelaphis_ashoki,2
Dendrelaphis_atra,2
Dendrelaphis_bifrenalis,2
Dendrelaphis_biloreatus,2
Dendrelaphis_calligaster,2
Dendrelaphis_caudolineatus,2
Dendrelaphis_caudolineolatus,2
Dendrelaphis_chairecacos,2
Dendrelaphis_cyanochloris,2
Dendrelaphis_flavescens,2
Dendrelaphis_formosus,2
Dendrelaphis_fuliginosus,2
Dendrelaphis_gastrostictus,2
Dendrelaphis_girii,2
Dendrelaphis_grandoculis,2
Dendrelaphis_grismeri,2
Dendrelaphis_haasi,2
Dendrelaphis_hollinrakei,2
Dendrelaphis_humayuni,2
Dendrelaphis_inornatus,2
Dendrelaphis_keiensis,2
Dendrelaphis_kopsteini,2
Dendrelaphis_levitoni,2
Dendrelaphis_lorentzii,2
Dendrelaphis_luzonensis,2
Dendrelaphis_marenae,2
Dendrelaphis_modestus,2
Dendrelaphis_ngansonensis,2
Dendrelaphis_nigroserratus,2
Dendrelaphis_papuensis,2
Dendrelaphis_philippinensis,2
Dendrelaphis_pictus,2
Dendrelaphis_punctulatus,2
Dendrelaphis_roseni,2
Dendrelaphis_schokari,2
Dendrelaphis_sinharajensis,2
Dendrelaphis_striatus,2
Dendrelaphis_subocularis,2
Dendrelaphis_terrificus,3
Dendrelaphis_tristis,2
Dendrelaphis_underwoodi,2
Dendrelaphis_vogeli,2
Dendrelaphis_walli,2
Dendrexetastes_rufigula,2
Dendroaspis_angusticeps,4
Dendroaspis_jamesoni,4
Dendroaspis_polylepis,4
Dendroaspis_viridis,4
Dendrobates_auratus,1
Dendrobates_leucomelas,1
Dendrobates_nubeculosus,1
Dendrobates_tinctorius,1
Dendrobates_truncatus,1
Dendrocincla_anabatina,2
Dendrocincla_fuliginosa,2
Dendrocincla_homochroa,2
Dendrocincla_merula,2
Dendrocincla_turdina,2
Dendrocincla_tyrannina,2
Dendrocitta_bayleii,2
Dendrocitta_cinerascens,2
Dendrocitta_formosae,2
Dendrocitta_frontalis,2
Dendrocitta_leucogastra,2
Dendrocitta_occipitalis,2
Dendrocitta_vagabunda,2
Dendrocolaptes_certhia,2
Dendrocolaptes_hoffmannsi,2
Dendrocolaptes_picumnus,2
Dendrocolaptes_platyrostris,2
Dendrocolaptes_punctipectus,2
Dendrocolaptes_sanctithomae,2
Dendrocopos_analis,2
Dendrocopos_assimilis,2
Dendrocopos_atratus,2
Dendrocopos_darjellensis,2
Dendrocopos_himalayensis,2
Dendrocopos_hyperythrus,2
Dendrocopos_leucopterus,2
Dendrocopos_leucotos,2
Dendrocopos_macei,2
Dendrocopos_major,2
Dendrocopos_noguchii,2
Dendrocopos_owstoni,2
Dendrocopos_syriacus,2
Dendrocygna_arborea,2
Dendrocygna_arcuata,2
Dendrocygna_autumnalis,2
Dendrocygna_bicolor,2
Dendrocygna_eytoni,2
Dendrocygna_guttata,2
Dendrocygna_javanica,2
Dendrocygna_viduata,2
Dendrogale_melanura,2
Dendrogale_murina,2
Dendrohyrax_arboreus,4
Dendrohyrax_dorsalis,4
Dendrohyrax_validus,4
Dendrolagus_bennettianus,4
Dendrolagus_dorianus,4
Dendrolagus_goodfellowi,4
Dendrolagus_inustus,4
Dendrolagus_lumholtzi,4
Dendrolagus_matschiei,4
Dendrolagus_mayri,4
Dendrolagus_mbaiso,4
Dendrolagus_notatus,4
Dendrolagus_pulcherrimus,4
Dendrolagus_scottae,4
Dendrolagus_spadix,4
Dendrolagus_stellarum,4
Dendrolagus_ursinus,4
Dendrolycus_elapoides,3
Dendromus_insignis,1
Dendromus_kahuziensis,1
Dendromus_kivu,1
Dendromus_lachaisei,1
Dendromus_lovati,1
Dendromus_melanotis,1
Dendromus_mesomelas,1
Dendromus_messorius,1
Dendromus_mystacalis,1
Dendromus_nyikae,1
Dendromus_oreas,1
Dendromus_ruppi,1
Dendromus_vernayi,1
Dendronanthus_indicus,2
Dendroperdix_sephaena,2
Dendrophidion_atlantica,2
Dendrophidion_bivittatus,2
Dendrophidion_boshelli,2
Dendrophidion_brunneum,2
Dendrophidion_clarkii,2
Dendrophidion_dendrophis,2
Dendrophidion_graciliverpa,2
Dendrophidion_nuchale,2
Dendrophidion_paucicarinatum,2
Dendrophidion_percarinatum,2
Dendrophidion_prolixum,2
Dendrophidion_vinitor,2
Dendrophryniscus_berthalutzae,1
Dendrophryniscus_brevipollicatus,1
Dendrophryniscus_carvalhoi,1
Dendrophryniscus_davori,1
Dendrophryniscus_haddadi,1
Dendrophryniscus_imitator,1
Dendrophryniscus_izecksohni,1
Dendrophryniscus_jureia,1
Dendrophryniscus_krausae,1
Dendrophryniscus_lauroi,1
Dendrophryniscus_leucomystax,1
Dendrophryniscus_oreites,1
Dendrophryniscus_organensis,1
Dendrophryniscus_proboscideus,1
Dendrophryniscus_skuki,1
Dendrophryniscus_stawiarskyi,1
Dendropicos_abyssinicus,2
Dendropicos_dorae,2
Dendropicos_elachus,2
Dendropicos_elliotii,2
Dendropicos_fuscescens,2
Dendropicos_gabonensis,2
Dendropicos_goertae,2
Dendropicos_griseocephalus,2
Dendropicos_johnstoni,2
Dendropicos_lugubris,2
Dendropicos_namaquus,2
Dendropicos_obsoletus,2
Dendropicos_poecilolaemus,2
Dendropicos_pyrrhogaster,2
Dendropicos_spodocephalus,2
Dendropicos_stierlingi,2
Dendropicos_xantholophus,2
Dendroplex_kienerii,2
Dendroplex_picus,2
Dendropsophus_acreanus,1
Dendropsophus_amicorum,1
Dendropsophus_anataliasiasi,1
Dendropsophus_anceps,1
Dendropsophus_aperomeus,1
Dendropsophus_araguaya,1
Dendropsophus_arndti,1
Dendropsophus_battersbyi,1
Dendropsophus_berthalutzae,1
Dendropsophus_bifurcus,1
Dendropsophus_bilobatus,1
Dendropsophus_bipunctatus,1
Dendropsophus_bogerti,1
Dendropsophus_bokermanni,1
Dendropsophus_branneri,1
Dendropsophus_brevifrons,1
Dendropsophus_bromeliaceus,1
Dendropsophus_cachimbo,1
Dendropsophus_carnifex,1
Dendropsophus_cerradensis,1
Dendropsophus_coffea,1
Dendropsophus_columbianus,1
Dendropsophus_counani,1
Dendropsophus_cruzi,1
Dendropsophus_decipiens,1
Dendropsophus_delarivai,1
Dendropsophus_dutrai,1
Dendropsophus_ebraccatus,1
Dendropsophus_elegans,1
Dendropsophus_elianeae,1
Dendropsophus_frosti,1
Dendropsophus_garagoensis,1
Dendropsophus_gaucheri,1
Dendropsophus_giesleri,1
Dendropsophus_goughi,1
Dendropsophus_gryllatus,1
Dendropsophus_haddadi,1
Dendropsophus_haraldschultzi,1
Dendropsophus_jimi,1
Dendropsophus_joannae,1
Dendropsophus_juliani,1
Dendropsophus_kamagarini,1
Dendropsophus_koechlini,1
Dendropsophus_kubricki,1
Dendropsophus_leali,1
Dendropsophus_leucophyllatus,1
Dendropsophus_limai,1
Dendropsophus_luddeckei,1
Dendropsophus_luteoocellatus,1
Dendropsophus_manonegra,1
Dendropsophus_mapinguari,1
Dendropsophus_marmoratus,1
Dendropsophus_mathiassoni,1
Dendropsophus_melanargyreus,1
Dendropsophus_meridensis,1
Dendropsophus_meridianus,1
Dendropsophus_microcephalus,1
Dendropsophus_microps,1
Dendropsophus_minimus,1
Dendropsophus_minusculus,1
Dendropsophus_minutus,1
Dendropsophus_miyatai,1
Dendropsophus_molitor,1
Dendropsophus_nahdereri,1
Dendropsophus_nanus,1
Dendropsophus_nekronastes,1
Dendropsophus_norandinus,1
Dendropsophus_novaisi,1
Dendropsophus_oliveirai,1
Dendropsophus_ozzyi,1
Dendropsophus_padreluna,1
Dendropsophus_parviceps,1
Dendropsophus_pauiniensis,1
Dendropsophus_pelidnus,1
Dendropsophus_phlebodes,1
Dendropsophus_praestans,1
Dendropsophus_pseudomeridianus,1
Dendropsophus_reichlei,1
Dendropsophus_reticulatus,1
Dendropsophus_rhea,1
Dendropsophus_rhodopeplus,1
Dendropsophus_riveroi,1
Dendropsophus_robertmertensi,1
Dendropsophus_rossalleni,1
Dendropsophus_rozenmani,1
Dendropsophus_rubicundulus,1
Dendropsophus_ruschii,1
Dendropsophus_salli,1
Dendropsophus_sanborni,1
Dendropsophus_sarayacuensis,1
Dendropsophus_sartori,1
Dendropsophus_schubarti,1
Dendropsophus_seniculus,1
Dendropsophus_shiwiarum,1
Dendropsophus_soaresi,1
Dendropsophus_stingi,1
Dendropsophus_studerae,1
Dendropsophus_subocularis,1
Dendropsophus_tapacurensis,1
Dendropsophus_timbeba,1
Dendropsophus_tintinnabulum,1
Dendropsophus_triangulum,1
Dendropsophus_tritaeniatus,1
Dendropsophus_virolinensis,1
Dendropsophus_vraemi,1
Dendropsophus_walfordi,1
Dendropsophus_werneri,1
Dendropsophus_xapuriensis,1
Dendropsophus_yaracuyanus,1
Dendrortyx_barbatus,4
Dendrortyx_leucophrys,4
Dendrortyx_macroura,4
Dendrotriton_bromeliacius,1
Dendrotriton_chujorum,1
Dendrotriton_cuchumatanus,1
Dendrotriton_kekchiorum,1
Dendrotriton_megarhinus,1
Dendrotriton_rabbi,1
Dendrotriton_sanctibarbarus,1
Dendrotriton_xolocalcae,1
Denisonia_devisi,2
Denisonia_maculata,2
Deomys_ferrugineus,1
Dephomys_defua,1
Dermanura_anderseni,3
Dermanura_azteca,3
Dermanura_bogotensis,3
Dermanura_cinerea,3
Dermanura_glauca,3
Dermanura_gnoma,3
Dermanura_phaeotis,3
Dermanura_rava,3
Dermanura_rosenbergi,3
Dermanura_tolteca,3
Dermanura_watsoni,3
Dermatonotus_muelleri,2
Dermochelys_coriacea,4
Dermophis_costaricense,3
Dermophis_glandulosus,3
Dermophis_gracilior,3
Dermophis_mexicanus,3
Dermophis_oaxacae,3
Dermophis_occidentalis,3
Dermophis_parviceps,3
Deroptyus_accipitrinus,2
Desertum_lugoi,2
Desmalopex_microleucopterus,4
Desmana_moschata,1
Desmodilliscus_braueri,1
Desmodillus_auricularis,1
Desmodus_rotundus,3
Desmognathus_abditus,2
Desmognathus_aeneus,2
Desmognathus_apalachicolae,2
Desmognathus_aureatus,2
Desmognathus_auriculatus,2
Desmognathus_carolinensis,2
Desmognathus_conanti,2
Desmognathus_folkertsi,2
Desmognathus_fuscus,2
Desmognathus_imitator,2
Desmognathus_intermedius,2
Desmognathus_marmoratus,2
Desmognathus_monticola,2
Desmognathus_ochrophaeus,2
Desmognathus_ocoee,2
Desmognathus_orestes,2
Desmognathus_organi,2
Desmognathus_planiceps,2
Desmognathus_quadramaculatus,2
Desmognathus_santeetlah,2
Desmognathus_valentinei,2
Desmognathus_welteri,2
Desmognathus_wrighti,2
Desmomys_harringtoni,1
Desmomys_yaldeni,1
Dessonornis_anomalus,2
Dessonornis_archeri,2
Dessonornis_caffer,2
Dessonornis_humeralis,2
Dessonornis_macclounii,2
Dessonornis_mbuluensis,2
Devioeca_papuana,2
Diadophis_punctatus,2
Diaemus_youngi,2
Diaphorolepis_laevis,2
Diaphorolepis_wagneri,2
Diasporus_amirae,1
Diasporus_anthrax,1
Diasporus_citrinobapheus,1
Diasporus_darienensis,1
Diasporus_diastema,1
Diasporus_gularis,1
Diasporus_hylaeformis,1
Diasporus_igneus,1
Diasporus_majeensis,1
Diasporus_pequeno,1
Diasporus_quidditus,1
Diasporus_sapo,1
Diasporus_tigrillo,1
Diasporus_tinker,1
Diasporus_ventrimaculatus,1
Diasporus_vocator,1
Dibamus_alfredi,1
Dibamus_bogadeki,1
Dibamus_booliati,1
Dibamus_bourreti,1
Dibamus_celebensis,1
Dibamus_dalaiensis,1
Dibamus_deharvengi,1
Dibamus_dezwaani,1
Dibamus_greeri,1
Dibamus_ingeri,1
Dibamus_kondaoensis,1
Dibamus_leucurus,1
Dibamus_manadotuaensis,1
Dibamus_montanus,1
Dibamus_nicobaricum,1
Dibamus_novaeguineae,1
Dibamus_seramensis,1
Dibamus_smithi,1
Dibamus_somsaki,1
Dibamus_taylori,1
Dibamus_tebal,1
Dibamus_tiomanensis,1
Dibamus_vorisi,1
Dibernardia_affinis,2
Dibernardia_bilineata,2
Dibernardia_persimilis,2
Dibernardia_poecilopogon,2
Dicaeum_aeneum,2
Dicaeum_agile,2
Dicaeum_annae,2
Dicaeum_anthonyi,2
Dicaeum_aureolimbatum,2
Dicaeum_australe,2
Dicaeum_beccarii,2
Dicaeum_bicolor,2
Dicaeum_cambodianum,2
Dicaeum_celebicum,2
Dicaeum_chrysorrheum,2
Dicaeum_concolor,2
Dicaeum_cruentatum,2
Dicaeum_erythrorhynchos,2
Dicaeum_erythrothorax,2
Dicaeum_everetti,2
Dicaeum_eximium,2
Dicaeum_geelvinkianum,2
Dicaeum_haematostictum,2
Dicaeum_hanieli,2
Dicaeum_hirundinaceum,2
Dicaeum_hypoleucum,2
Dicaeum_ignicolle,2
Dicaeum_igniferum,2
Dicaeum_ignipectus,2
Dicaeum_kampalili,2
Dicaeum_keiense,2
Dicaeum_luzoniense,2
Dicaeum_maugei,2
Dicaeum_melanozanthum,2
Dicaeum_minullum,2
Dicaeum_monticolum,2
Dicaeum_nehrkorni,2
Dicaeum_nigrilore,2
Dicaeum_nitidum,2
Dicaeum_pectorale,2
Dicaeum_proprium,2
Dicaeum_pygmaeum,2
Dicaeum_quadricolor,2
Dicaeum_retrocinctum,2
Dicaeum_sanguinolentum,2
Dicaeum_schistaceiceps,2
Dicaeum_trigonostigma,2
Dicaeum_tristrami,2
Dicaeum_trochileum,2
Dicaeum_vincens,2
Dicaeum_vulneratum,2
Dicaeum_wilhelminae,2
Dicamptodon_aterrimus,4
Dicamptodon_copei,4
Dicamptodon_ensatus,4
Dicamptodon_tenebrosus,4
Dicerorhinus_sumatrensis,4
Diceros_bicornis,4
Dichrozona_cincta,2
Diclidurus_albus,3
Diclidurus_ingens,3
Diclidurus_isabella,3
Diclidurus_scutatus,3
Dicrodon_guttulatum,3
Dicrodon_heterolepis,3
Dicrodon_holmbergi,3
Dicrostonyx_groenlandicus,1
Dicrostonyx_hudsonius,1
Dicrostonyx_nelsoni,1
Dicrostonyx_nunatakensis,1
Dicrostonyx_richardsoni,1
Dicrostonyx_torquatus,1
Dicrostonyx_vinogradovi,1
Dicrurus_adsimilis,2
Dicrurus_aeneus,2
Dicrurus_aldabranus,2
Dicrurus_andamanensis,2
Dicrurus_annectens,2
Dicrurus_atripennis,2
Dicrurus_balicassius,2
Dicrurus_bracteatus,2
Dicrurus_caerulescens,2
Dicrurus_densus,2
Dicrurus_forficatus,2
Dicrurus_fuscipennis,2
Dicrurus_hottentottus,2
Dicrurus_leucophaeus,2
Dicrurus_lophorinus,2
Dicrurus_ludwigii,2
Dicrurus_macrocercus,2
Dicrurus_megarhynchus,2
Dicrurus_menagei,2
Dicrurus_modestus,2
Dicrurus_montanus,2
Dicrurus_paradiseus,2
Dicrurus_remifer,2
Dicrurus_striatus,2
Dicrurus_sumatranus,2
Dicrurus_waldenii,2
Didelphis_albiventris,3
Didelphis_aurita,3
Didelphis_imperfecta,3
Didelphis_marsupialis,3
Didelphis_pernigra,3
Didelphis_virginiana,3
Didynamipus_sjostedti,1
Dierogekko_baaba,1
Diglossa_albilatera,2
Diglossa_baritula,2
Diglossa_brunneiventris,2
Diglossa_caerulescens,2
Diglossa_carbonaria,2
Diglossa_cyanea,2
Diglossa_duidae,2
Diglossa_glauca,2
Diglossa_gloriosa,2
Diglossa_gloriosissima,2
Diglossa_humeralis,2
Diglossa_indigotica,2
Diglossa_lafresnayii,2
Diglossa_major,2
Diglossa_mystacalis,2
Diglossa_plumbea,2
Diglossa_sittoides,2
Diglossa_venezuelensis,2
Dinarolacerta_montenegrina,2
Dinarolacerta_mosorensis,2
Dinaromys_bogdanovi,1
Dinemellia_dinemelli,2
Dinomys_branickii,4
Dinopium_benghalense,2
Dinopium_everetti,2
Dinopium_javanense,2
Dinopium_psarodes,2
Dinopium_rafflesii,2
Dinopium_shorii,2
Diomedea_antipodensis,2
Diomedea_epomophora,2
Diomedea_exulans,2
Diomedea_sanfordi,2
Diomys_crumpi,1
Diopsittaca_cumanensis,2
Diopsittaca_nobilis,2
Diphylla_ecaudata,3
Diplodactylus_ameyi,1
Diplodactylus_barraganae,1
Diplodactylus_bilybara,1
Diplodactylus_calcicolus,1
Diplodactylus_capensis,1
Diplodactylus_conspicillatus,1
Diplodactylus_custos,1
Diplodactylus_fulleri,1
Diplodactylus_furcosus,1
Diplodactylus_galaxias,1
Diplodactylus_galeatus,1
Diplodactylus_granariensis,1
Diplodactylus_hillii,1
Diplodactylus_kenneallyi,1
Diplodactylus_klugei,1
Diplodactylus_laevis,1
Diplodactylus_lateroides,1
Diplodactylus_mitchelli,1
Diplodactylus_nebulosus,1
Diplodactylus_ornatus,1
Diplodactylus_platyurus,1
Diplodactylus_polyophthalmus,1
Diplodactylus_pulcher,1
Diplodactylus_savagei,1
Diplodactylus_tessellatus,1
Diplodactylus_vittatus,1
Diplodactylus_wiru,1
Diploderma_batangense,2
Diploderma_brevicauda,2
Diploderma_brevipes,2
Diploderma_chapaense,2
Diploderma_dymondi,2
Diploderma_fasciatum,2
Diploderma_flaviceps,2
Diploderma_grahami,2
Diploderma_hamptoni,2
Diploderma_iadinum,2
Diploderma_laeviventre,2
Diploderma_luei,2
Diploderma_makii,2
Diploderma_micangshanensis,2
Diploderma_ngoclinensis,2
Diploderma_polygonatum,2
Diploderma_slowinskii,2
Diploderma_splendidum,2
Diploderma_swinhonis,2
Diploderma_varcoae,2
Diploderma_vela,2
Diploderma_yulongense,2
Diploderma_yunnanense,2
Diploderma_zhaoermii,2
Diplogale_hosei,3
Diploglossus_delasagra,3
Diploglossus_fasciatus,3
Diploglossus_garridoi,3
Diploglossus_lessonae,3
Diploglossus_millepunctatus,3
Diploglossus_monotropis,3
Diploglossus_montisserrati,3
Diploglossus_nigropunctatus,3
Diploglossus_pleii,3
Diplolaemus_bibronii,3
Diplolaemus_darwinii,3
Diplolaemus_leopardinus,3
Diplolaemus_sexcinctus,3
Diplomesodon_pulchellum,2
Diplometopon_zarudnyi,2
Diplomys_caniceps,2
Diplomys_labilis,2
Diplothrix_legata,1
Dipodomys_agilis,2
Dipodomys_californicus,2
Dipodomys_compactus,2
Dipodomys_deserti,2
Dipodomys_elator,2
Dipodomys_gravipes,2
Dipodomys_heermanni,2
Dipodomys_ingens,2
Dipodomys_merriami,2
Dipodomys_microps,2
Dipodomys_nelsoni,2
Dipodomys_nitratoides,2
Dipodomys_ordii,2
Dipodomys_ornatus,2
Dipodomys_panamintinus,2
Dipodomys_phillipsii,2
Dipodomys_simulans,2
Dipodomys_spectabilis,2
Dipodomys_stephensi,2
Dipodomys_venustus,2
Diporiphora_adductus,2
Diporiphora_albilabris,2
Diporiphora_ameliae,2
Diporiphora_amphiboluroides,2
Diporiphora_arnhemica,2
Diporiphora_australis,2
Diporiphora_bennettii,2
Diporiphora_bilineata,2
Diporiphora_convergens,2
Diporiphora_lalliae,2
Diporiphora_linga,2
Diporiphora_magna,2
Diporiphora_nobbi,2
Diporiphora_paraconvergens,2
Diporiphora_phaeospinosa,2
Diporiphora_pindan,2
Diporiphora_reginae,2
Diporiphora_superba,2
Diporiphora_valens,2
Diporiphora_vescus,2
Diporiphora_winneckei,2
Dipsadoboa_aulica,2
Dipsadoboa_brevirostris,2
Dipsadoboa_duchesnii,2
Dipsadoboa_flavida,2
Dipsadoboa_montisilva,2
Dipsadoboa_shrevei,2
Dipsadoboa_underwoodi,2
Dipsadoboa_unicolor,2
Dipsadoboa_viridis,2
Dipsadoboa_weileri,2
Dipsadoboa_werneri,2
Dipsas_albifrons,2
Dipsas_alternans,2
Dipsas_andiana,2
Dipsas_articulata,2
Dipsas_baliomelas,2
Dipsas_bicolor,2
Dipsas_brevifacies,2
Dipsas_bucephala,2
Dipsas_catesbyi,2
Dipsas_chaparensis,2
Dipsas_copei,2
Dipsas_elegans,2
Dipsas_ellipsifera,2
Dipsas_gaigeae,2
Dipsas_gracilis,2
Dipsas_indica,2
Dipsas_jamespetersi,2
Dipsas_lavillai,2
Dipsas_mikanii,2
Dipsas_neuwiedi,2
Dipsas_nicholsi,2
Dipsas_oligozonata,2
Dipsas_oneilli,2
Dipsas_oreas,2
Dipsas_pakaraima,2
Dipsas_pavonina,2
Dipsas_peruana,2
Dipsas_pratti,2
Dipsas_sanctijoannis,2
Dipsas_sazimai,2
Dipsas_schunkii,2
Dipsas_temporalis,2
Dipsas_tenuissima,1
Dipsas_trinitatis,2
Dipsas_turgida,2
Dipsas_vaga,2
Dipsas_vagrans,2
Dipsas_variegata,2
Dipsas_ventrimaculata,2
Dipsas_vermiculata,2
Dipsas_viguieri,2
Dipsas_williamsi,2
Dipsina_multimaculata,2
Dipsosaurus_dorsalis,3
Dipus_sagitta,1
Dischidodactylus_colonnelloi,1
Dischidodactylus_duidensis,1
Discoglossus_galganoi,2
Discoglossus_montalentii,2
Discoglossus_pictus,2
Discoglossus_sardus,2
Discoglossus_scovazzi,2
Discosura_conversii,1
Discosura_langsdorffi,1
Discosura_letitiae,1
Discosura_longicaudus,1
Discosura_popelairii,1
Dispholidus_typus,3
Distoechurus_pennatus,1
Ditaxodon_taeniatus,2
Ditypophis_vivax,2
Diuca_diuca,2
Dives_dives,2
Dives_warczewiczi,2
Dixonius_aaronbaueri,1
Dixonius_hangseesom,1
Dixonius_kaweesaki,1
Dixonius_melanostictus,1
Dixonius_minhlei,1
Dixonius_siamensis,1
Dixonius_taoi,1
Dixonius_vietnamensis,1
Dobsonia_anderseni,4
Dobsonia_beauforti,4
Dobsonia_chapmani,4
Dobsonia_crenulata,4
Dobsonia_emersa,4
Dobsonia_exoleta,4
Dobsonia_inermis,4
Dobsonia_minor,4
Dobsonia_moluccensis,4
Dobsonia_pannietensis,4
Dobsonia_peronii,4
Dobsonia_praedatrix,4
Dobsonia_viridis,4
Dogania_subplana,4
Dolichonyx_oryzivorus,2
Dolichophis_andreanus,3
Dolichophis_caspius,4
Dolichophis_jugularis,3
Dolichophis_schmidti,3
Dolichotis_patagonum,4
Dolichotis_salinicola,4
Doliornis_remseni,2
Doliornis_sclateri,2
Dologale_dybowskii,3
Donacobius_atricapilla,2
Donacospiza_albifrons,2
Dopasia_buettikoferi,3
Dopasia_gracilis,3
Dopasia_hainanensis,3
Dopasia_harti,3
Dopasia_ludovici,3
Dopasia_sokolovi,3
Dopasia_wegneri,3
Dorcatragus_megalotis,4
Dorcopsis_atrata,4
Dorcopsis_hageni,4
Dorcopsis_luctuosa,4
Dorcopsis_muelleri,4
Dorcopsulus_macleayi,4
Dorcopsulus_vanheurni,4
Doricha_eliza,1
Doricha_enicura,1
Doryfera_johannae,1
Doryfera_ludovicae,1
Dracaena_guianensis,4
Dracaena_paraguayensis,4
Draco_beccarii,2
Draco_biaro,2
Draco_bimaculatus,2
Draco_blanfordii,2
Draco_boschmai,2
Draco_caerulhians,2
Draco_cornutus,2
Draco_cristatellus,2
Draco_cyanopterus,2
Draco_dussumieri,2
Draco_fimbriatus,2
Draco_formosus,2
Draco_guentheri,2
Draco_haematopogon,2
Draco_hennigi,2
Draco_indochinensis,2
Draco_iskandari,2
Draco_jareckii,2
Draco_lineatus,2
Draco_maculatus,2
Draco_maximus,2
Draco_melanopogon,2
Draco_mindanensis,2
Draco_modiglianii,2
Draco_norvillii,2
Draco_obscurus,2
Draco_ornatus,2
Draco_palawanensis,2
Draco_punctatus,2
Draco_quadrasi,2
Draco_quinquefasciatus,2
Draco_reticulatus,2
Draco_rhytisma,2
Draco_spilonotus,2
Draco_spilopterus,2
Draco_sumatranus,2
Draco_supriatnai,2
Draco_taeniopterus,2
Draco_timorensis,2
Draco_volans,2
Draco_walkeri,2
Dravidogecko_anamallensis,1
Dravidoseps_goaensis,1
Dravidoseps_pruthi,1
Dremomys_everetti,3
Dremomys_gularis,3
Dremomys_lokriah,3
Dremomys_pernyi,3
Dremomys_pyrrhomerus,3
Dremomys_rufigenis,3
Drepanis_coccinea,2
Drepanoides_anomalus,2
Drepanoptila_holosericea,2
Drepanorhynchus_reichenowi,2
Drepanornis_albertisi,2
Drepanornis_bruijnii,2
Dreptes_thomensis,2
Dromaius_novaehollandiae,2
Dromiciops_gliroides,1
Dromicodryas_bernieri,3
Dromicodryas_quadrilineatus,3
Dromococcyx_pavoninus,2
Dromococcyx_phasianellus,2
Dryaderces_inframaculata,1
Dryaderces_pearsoni,1
Dryadobates_olfersioides,2
Dryadonycteris_capixaba,2
Dryadosaura_nordestina,1
Drymarchon_caudomaculatus,4
Drymarchon_corais,4
Drymarchon_couperi,4
Drymarchon_margaritae,4
Drymarchon_melanurus,4
Drymobius_chloroticus,2
Drymobius_margaritiferus,3
Drymobius_melanotropis,2
Drymobius_rhombifer,3
Drymocichla_incana,1
Drymodes_beccarii,2
Drymodes_brunneopygia,2
Drymodes_superciliaris,2
Drymoluber_apurimacensis,3
Drymoluber_brazili,3
Drymoluber_dichrous,3
Drymophila_caudata,2
Drymophila_devillei,2
Drymophila_ferruginea,2
Drymophila_genei,2
Drymophila_hellmayri,2
Drymophila_klagesi,2
Drymophila_malura,2
Drymophila_ochropyga,2
Drymophila_rubricollis,2
Drymophila_squamata,2
Drymophila_striaticeps,2
Drymoreomys_albimaculatus,1
Drymornis_bridgesii,2
Drymotoxeres_pucheranii,2
Dryobates_cathpharius,2
Dryobates_minor,2
Dryobates_nuttallii,2
Dryobates_pernyii,2
Dryobates_pubescens,2
Dryobates_scalaris,2
Dryocopus_hodgei,2
Dryocopus_javensis,2
Dryocopus_martius,2
Dryolimnas_cuvieri,2
Dryomys_laniger,1
Dryomys_niethammeri,1
Dryomys_nitedula,1
Dryophiops_philippina,2
Dryophiops_rubescens,2
Dryophylax_almae,2
Dryophylax_ceibae,2
Dryophylax_chaquensis,2
Dryophylax_chimanta,2
Dryophylax_corocoroensis,2
Dryophylax_dixoni,2
Dryophylax_duida,2
Dryophylax_gambotensis,2
Dryophylax_hypoconia,2
Dryophylax_marahuaquensis,2
Dryophylax_paraguanae,2
Dryophylax_ramonriveroi,2
Dryophylax_yavi,2
Dryophytes_andersonii,2
Dryophytes_arboricola,2
Dryophytes_arenicolor,2
Dryophytes_avivoca,2
Dryophytes_chrysoscelis,2
Dryophytes_cinereus,2
Dryophytes_euphorbiaceus,2
Dryophytes_eximius,2
Dryophytes_femoralis,2
Dryophytes_flaviventris,2
Dryophytes_gratiosus,2
Dryophytes_immaculatus,2
Dryophytes_japonicus,2
Dryophytes_plicatus,2
Dryophytes_squirellus,2
Dryophytes_suweonensis,2
Dryophytes_versicolor,2
Dryophytes_walkeri,2
Dryophytes_wrightorum,2
Dryoscopus_angolensis,2
Dryoscopus_cubla,2
Dryoscopus_gambensis,2
Dryoscopus_pringlii,2
Dryoscopus_sabini,2
Dryoscopus_senegalensis,2
Dryotriorchis_spectabilis,4
Drysdalia_coronoides,1
Drysdalia_mastersii,1
Drysdalia_rhodogaster,1
Duberria_lutrix,1
Duberria_shirana,1
Duberria_variegata,2
Dubusia_carrikeri,2
Dubusia_castaneoventris,2
Dubusia_stictocephala,2
Dubusia_taeniata,2
Ducula_aenea,2
Ducula_badia,2
Ducula_bakeri,2
Ducula_basilica,2
Ducula_bicolor,2
Ducula_brenchleyi,2
Ducula_carola,2
Ducula_chalconota,2
Ducula_cineracea,2
Ducula_concinna,2
Ducula_cuprea,2
Ducula_finschii,2
Ducula_forsteni,2
Ducula_geelvinkiana,2
Ducula_goliath,2
Ducula_lacernulata,2
Ducula_latrans,2
Ducula_luctuosa,2
Ducula_melanochroa,2
Ducula_mindorensis,2
Ducula_mullerii,2
Ducula_myristicivora,2
Ducula_neglecta,2
Ducula_obiensis,2
Ducula_oceanica,2
Ducula_oenothorax,2
Ducula_pacifica,2
Ducula_perspicillata,2
Ducula_pickeringii,2
Ducula_pinon,2
Ducula_pistrinaria,2
Ducula_poliocephala,2
Ducula_radiata,2
Ducula_rosacea,2
Ducula_rubricera,2
Ducula_rufigaster,2
Ducula_salvadorii,2
Ducula_spilorrhoa,2
Ducula_subflavescens,2
Ducula_zoeae,2
Duellmanohyla_chamulae,1
Duellmanohyla_ignicolor,1
Duellmanohyla_legleri,1
Duellmanohyla_lythrodes,1
Duellmanohyla_rufioculis,1
Duellmanohyla_salvadorensis,1
Duellmanohyla_salvavida,1
Duellmanohyla_schmidtorum,1
Duellmanohyla_soralia,1
Duellmanohyla_uranochroa,1
Dulus_dominicus,2
Dumetella_carolinensis,2
Dumetia_hyperythra,2
Duttaphrynus_beddomii,3
Duttaphrynus_brevirostris,3
Duttaphrynus_chandai,3
Duttaphrynus_crocus,3
Duttaphrynus_himalayanus,3
Duttaphrynus_kiphirensis,3
Duttaphrynus_kotagamai,3
Duttaphrynus_mamitensis,3
Duttaphrynus_manipurensis,3
Duttaphrynus_melanostictus,3
Duttaphrynus_microtympanum,3
Duttaphrynus_mizoramensis,3
Duttaphrynus_nagalandensis,3
Duttaphrynus_noellerti,3
Duttaphrynus_parietalis,3
Duttaphrynus_scaber,3
Duttaphrynus_scorteccii,3
Duttaphrynus_silentvalleyensis,3
Duttaphrynus_stuarti,3
Duttaphrynus_sumatranus,3
Duttaphrynus_totol,3
Duttaphrynus_valhallae,3
Duttaphrynus_wokhaensis,3
Dyacopterus_brooksi,4
Dyacopterus_rickarti,4
Dyacopterus_spadiceus,4
Dyaphorophyia_ansorgei,2
Dyaphorophyia_blissetti,2
Dyaphorophyia_castanea,2
Dyaphorophyia_chalybea,2
Dyaphorophyia_concreta,2
Dyaphorophyia_hormophora,2
Dyaphorophyia_jamesoni,2
Dyaphorophyia_tonsa,2
Dymecodon_pilirostris,1
Dyscophus_antongilii,4
Dyscophus_guineti,4
Dyscophus_insularis,4
Dysithamnus_leucostictus,2
Dysithamnus_mentalis,2
Dysithamnus_occidentalis,2
Dysithamnus_plumbeus,2
Dysithamnus_puncticeps,2
Dysithamnus_stictothorax,2
Dysithamnus_striaticeps,2
Dysithamnus_xanthopterus,2
Ebenavia_inunguis,1
Ebenavia_maintimainty,1
Ebenavia_tuelinae,1
Echimys_chrysurus,2
Echimys_saturnus,2
Echimys_vieirai,2
Echinanthera_cephalomaculata,1
Echinanthera_cephalostriata,1
Echinanthera_cyanopleura,1
Echinanthera_melanostigma,1
Echinanthera_undulata,1
Echinops_telfairi,3
Echinosaura_brachycephala,1
Echinosaura_horrida,1
Echinosaura_keyi,1
Echinosaura_orcesi,1
Echinosaura_palmeri,1
Echinosaura_panamensis,1
Echinosorex_gymnura,3
Echinotriton_andersoni,2
Echinotriton_chinhaiensis,2
Echiopsis_curta,2
Echiothrix_centrosa,1
Echiothrix_leucura,1
Echis_borkini,2
Echis_carinatus,3
Echis_coloratus,2
Echis_hughesi,2
Echis_jogeri,2
Echis_khosatzkii,2
Echis_leucogaster,3
Echis_ocellatus,3
Echis_omanensis,2
Echis_pyramidum,3
Echis_romani,2
Echymipera_clara,3
Echymipera_echinista,3
Echymipera_kalubu,3
Echymipera_rufescens,3
Eclectus_cornelia,2
Eclectus_polychloros,2
Eclectus_riedeli,2
Eclectus_roratus,2
Ecnomiohyla_bailarina,2
Ecnomiohyla_fimbrimembra,2
Ecnomiohyla_miliaria,2
Ecnomiohyla_minera,2
Ecnomiohyla_phantasmagoria,2
Ecnomiohyla_salvaje,2
Ecnomiohyla_sukia,2
Ecnomiohyla_thysanota,2
Ecnomiohyla_valancifer,2
Ecnomiohyla_veraguensis,2
Ecpleopus_gaudichaudii,1
Ectophylla_alba,1
Ectopoglossus_absconditus,2
Ectopoglossus_astralogaster,2
Ectopoglossus_confusus,2
Ectopoglossus_isthminus,2
Ectopoglossus_lacrimosus,2
Ectopoglossus_saxatilis,2
Edalorhina_nasuta,2
Edalorhina_perezi,2
Edolisoma_anale,2
Edolisoma_ceramense,2
Edolisoma_coerulescens,2
Edolisoma_dispar,2
Edolisoma_dohertyi,2
Edolisoma_grayi,2
Edolisoma_holopolium,2
Edolisoma_incertum,2
Edolisoma_melas,2
Edolisoma_meyerii,2
Edolisoma_mindanense,2
Edolisoma_monacha,2
Edolisoma_montanum,2
Edolisoma_morio,2
Edolisoma_obiense,2
Edolisoma_ostentum,2
Edolisoma_parvulum,2
Edolisoma_pygmaeum,2
Edolisoma_remotum,2
Edolisoma_rostratum,2
Edolisoma_salomonis,2
Edolisoma_schisticeps,2
Edolisoma_sula,2
Edolisoma_tenuirostre,2
Egernia_cunninghami,3
Egernia_cygnitos,3
Egernia_depressa,3
Egernia_douglasi,3
Egernia_eos,3
Egernia_epsisolus,3
Egernia_formosa,3
Egernia_hosmeri,3
Egernia_kingii,4
Egernia_mcpheei,3
Egernia_napoleonis,3
Egernia_pilbarensis,3
Egernia_richardi,3
Egernia_roomi,3
Egernia_rugosa,3
Egernia_saxatilis,3
Egernia_stokesii,4
Egernia_striolata,3
Egretta_ardesiaca,4
Egretta_caerulea,4
Egretta_eulophotes,4
Egretta_garzetta,4
Egretta_gularis,4
Egretta_novaehollandiae,4
Egretta_picata,4
Egretta_rufescens,4
Egretta_sacra,4
Egretta_thula,4
Egretta_tricolor,4
Egretta_vinaceigula,4
Eidolon_dupreanum,4
Eidolon_helvum,4
Eira_barbara,3
Eirenis_africanus,1
Eirenis_aurolineatus,1
Eirenis_barani,1
Eirenis_collaris,1
Eirenis_coronella,1
Eirenis_coronelloides,1
Eirenis_decemlineatus,1
Eirenis_eiselti,1
Eirenis_levantinus,1
Eirenis_lineomaculatus,1
Eirenis_medus,1
Eirenis_modestus,1
Eirenis_persicus,1
Eirenis_punctatolineatus,1
Eirenis_rechingeri,1
Eirenis_rothii,1
Eirenis_thospitis,1
Elachistocleis_bicolor,1
Elachistocleis_bumbameuboi,1
Elachistocleis_carvalhoi,1
Elachistocleis_cesarii,1
Elachistocleis_corumbaensis,1
Elachistocleis_erythrogaster,1
Elachistocleis_haroi,1
Elachistocleis_helianneae,1
Elachistocleis_magna,1
Elachistocleis_matogrosso,1
Elachistocleis_muiraquitan,1
Elachistocleis_nigrogularis,1
Elachistocleis_ovalis,1
Elachistocleis_panamensis,1
Elachistocleis_pearsei,1
Elachistocleis_piauiensis,1
Elachistocleis_skotogaster,1
Elachistocleis_surinamensis,1
Elachistocleis_surumu,1
Elachura_formosa,2
Elaenia_albiceps,2
Elaenia_brachyptera,2
Elaenia_cherriei,2
Elaenia_chiriquensis,2
Elaenia_cristata,2
Elaenia_dayi,2
Elaenia_fallax,2
Elaenia_flavogaster,2
Elaenia_frantzii,2
Elaenia_gigas,2
Elaenia_martinica,2
Elaenia_mesoleuca,2
Elaenia_obscura,2
Elaenia_olivina,2
Elaenia_pallatangae,2
Elaenia_parvirostris,2
Elaenia_pelzelni,2
Elaenia_ridleyana,2
Elaenia_ruficeps,2
Elaenia_sordida,2
Elaenia_spectabilis,2
Elaenia_strepera,2
Elanoides_forficatus,4
Elanus_axillaris,4
Elanus_caeruleus,4
Elanus_leucurus,4
Elanus_scriptus,4
Elaphe_anomala,3
Elaphe_bimaculata,3
Elaphe_cantoris,3
Elaphe_carinata,4
Elaphe_climacophora,3
Elaphe_davidi,3
Elaphe_dione,3
Elaphe_druzei,3
Elaphe_hodgsonii,3
Elaphe_moellendorffi,3
Elaphe_quadrivirgata,3
Elaphe_quatuorlineata,3
Elaphe_sauromates,3
Elaphe_schrenckii,3
Elaphe_taeniura,4
Elaphe_urartica,3
Elaphe_xiphodonta,3
Elaphe_zoigeensis,3
Elaphodus_cephalophus,4
Elaphrornis_palliseri,2
Elaphurus_davidianus,4
Elapognathus_coronatus,2
Elapognathus_minor,1
Elapoidis_fusca,2
Elapomorphus_quinquelineatus,2
Elapomorphus_wuchereri,2
Elapotinus_picteti,2
Elapsoidea_boulengeri,2
Elapsoidea_broadleyi,2
Elapsoidea_chelazzii,2
Elapsoidea_guentherii,2
Elapsoidea_laticincta,2
Elapsoidea_loveridgei,2
Elapsoidea_nigra,2
Elapsoidea_semiannulata,2
Elapsoidea_sundevallii,2
Elapsoidea_trapei,2
Elasmodactylus_tetensis,1
Elasmodactylus_tuberculosus,1
Electron_carinatum,2
Electron_platyrhynchum,2
Eleoscytalopus_indigoticus,2
Eleoscytalopus_psychopompus,2
Eleothreptus_anomalus,2
Eleothreptus_candicans,2
Elephantulus_brachyrhynchus,2
Elephantulus_edwardii,2
Elephantulus_fuscipes,2
Elephantulus_fuscus,2
Elephantulus_intufi,2
Elephantulus_myurus,2
Elephantulus_pilicaudus,2
Elephantulus_revoilii,2
Elephantulus_rozeti,2
Elephantulus_rufescens,2
Elephantulus_rupestris,2
Elephas_maximus,4
Eleutherodactylus_abbotti,1
Eleutherodactylus_acmonis,1
Eleutherodactylus_adelus,1
Eleutherodactylus_albipes,1
Eleutherodactylus_albolabris,1
Eleutherodactylus_alcoae,1
Eleutherodactylus_alticola,1
Eleutherodactylus_amadeus,1
Eleutherodactylus_amplinympha,1
Eleutherodactylus_andrewsi,1
Eleutherodactylus_angustidigitorum,1
Eleutherodactylus_antillensis,1
Eleutherodactylus_aporostegus,1
Eleutherodactylus_apostates,1
Eleutherodactylus_armstrongi,1
Eleutherodactylus_atkinsi,1
Eleutherodactylus_audanti,1
Eleutherodactylus_auriculatoides,1
Eleutherodactylus_auriculatus,1
Eleutherodactylus_bakeri,1
Eleutherodactylus_barlagnei,1
Eleutherodactylus_bartonsmithi,1
Eleutherodactylus_beguei,1
Eleutherodactylus_blairhedgesi,1
Eleutherodactylus_bothroboans,1
Eleutherodactylus_bresslerae,1
Eleutherodactylus_brevirostris,1
Eleutherodactylus_brittoni,1
Eleutherodactylus_campi,1
Eleutherodactylus_caribe,1
Eleutherodactylus_casparii,1
Eleutherodactylus_cattus,1
Eleutherodactylus_cavernicola,1
Eleutherodactylus_chlorophenax,1
Eleutherodactylus_cochranae,1
Eleutherodactylus_colimotl,1
Eleutherodactylus_cooki,1
Eleutherodactylus_coqui,1
Eleutherodactylus_corona,1
Eleutherodactylus_counouspeus,1
Eleutherodactylus_cubanus,1
Eleutherodactylus_cundalli,1
Eleutherodactylus_cuneatus,1
Eleutherodactylus_cystignathoides,1
Eleutherodactylus_dennisi,1
Eleutherodactylus_dilatus,1
Eleutherodactylus_dimidiatus,1
Eleutherodactylus_diplasius,1
Eleutherodactylus_dolomedes,1
Eleutherodactylus_eileenae,1
Eleutherodactylus_emiliae,1
Eleutherodactylus_erendirae,1
Eleutherodactylus_erythroproctus,1
Eleutherodactylus_etheridgei,1
Eleutherodactylus_eunaster,1
Eleutherodactylus_feichtingeri,1
Eleutherodactylus_flavescens,1
Eleutherodactylus_floresvillelai,1
Eleutherodactylus_fowleri,1
Eleutherodactylus_furcyensis,1
Eleutherodactylus_fuscus,1
Eleutherodactylus_geitonos,1
Eleutherodactylus_glamyrus,1
Eleutherodactylus_glandulifer,1
Eleutherodactylus_glaphycompus,1
Eleutherodactylus_glaucoreius,1
Eleutherodactylus_goini,1
Eleutherodactylus_gossei,1
Eleutherodactylus_grabhami,1
Eleutherodactylus_grahami,1
Eleutherodactylus_grandis,1
Eleutherodactylus_greyi,1
Eleutherodactylus_griphus,1
Eleutherodactylus_grunwaldi,1
Eleutherodactylus_gryllus,1
Eleutherodactylus_guanahacabibes,1
Eleutherodactylus_guantanamera,1
Eleutherodactylus_gundlachi,1
Eleutherodactylus_guttilatus,1
Eleutherodactylus_haitianus,1
Eleutherodactylus_hedricki,1
Eleutherodactylus_heminota,1
Eleutherodactylus_hypostenor,1
Eleutherodactylus_iberia,1
Eleutherodactylus_inoptatus,1
Eleutherodactylus_intermedius,1
Eleutherodactylus_interorbitalis,1
Eleutherodactylus_ionthus,1
Eleutherodactylus_jaliscoensis,1
Eleutherodactylus_jamaicensis,1
Eleutherodactylus_jaumei,1
Eleutherodactylus_johnstonei,1
Eleutherodactylus_juanariveroi,1
Eleutherodactylus_jugans,1
Eleutherodactylus_junori,1
Eleutherodactylus_klinikowskii,1
Eleutherodactylus_lamprotes,1
Eleutherodactylus_leberi,1
Eleutherodactylus_lentus,1
Eleutherodactylus_leoncei,1
Eleutherodactylus_leprus,1
Eleutherodactylus_ligiae,1
Eleutherodactylus_limbatus,1
Eleutherodactylus_locustus,1
Eleutherodactylus_longipes,1
Eleutherodactylus_luteolus,1
Eleutherodactylus_maestrensis,1
Eleutherodactylus_manantlanensis,1
Eleutherodactylus_mariposa,1
Eleutherodactylus_marnockii,1
Eleutherodactylus_martinicensis,1
Eleutherodactylus_maurus,1
Eleutherodactylus_melacara,1
Eleutherodactylus_melatrigonum,1
Eleutherodactylus_michaelschmidi,1
Eleutherodactylus_minutus,1
Eleutherodactylus_modestus,1
Eleutherodactylus_monensis,1
Eleutherodactylus_montanus,1
Eleutherodactylus_neiba,1
Eleutherodactylus_nietoi,1
Eleutherodactylus_nitidus,1
Eleutherodactylus_nortoni,1
Eleutherodactylus_notidodes,1
Eleutherodactylus_nubicola,1
Eleutherodactylus_olibrus,1
Eleutherodactylus_orarius,1
Eleutherodactylus_orientalis,1
Eleutherodactylus_oxyrhyncus,1
Eleutherodactylus_pallidus,1
Eleutherodactylus_pantoni,1
Eleutherodactylus_parabates,1
Eleutherodactylus_paralius,1
Eleutherodactylus_parapelates,1
Eleutherodactylus_patriciae,1
Eleutherodactylus_paulsoni,1
Eleutherodactylus_pentasyringos,1
Eleutherodactylus_pezopetrus,1
Eleutherodactylus_pictissimus,1
Eleutherodactylus_pinarensis,1
Eleutherodactylus_pinchoni,1
Eleutherodactylus_pipilans,1
Eleutherodactylus_pituinus,1
Eleutherodactylus_planirostris,1
Eleutherodactylus_poolei,1
Eleutherodactylus_portoricensis,1
Eleutherodactylus_principalis,1
Eleutherodactylus_probolaeus,1
Eleutherodactylus_rhodesi,1
Eleutherodactylus_richmondi,1
Eleutherodactylus_ricordii,1
Eleutherodactylus_riparius,1
Eleutherodactylus_rivularis,1
Eleutherodactylus_rogersi,1
Eleutherodactylus_ronaldi,1
Eleutherodactylus_rubrimaculatus,1
Eleutherodactylus_rufescens,1
Eleutherodactylus_rufifemoralis,1
Eleutherodactylus_ruthae,1
Eleutherodactylus_saxatilis,1
Eleutherodactylus_schwartzi,1
Eleutherodactylus_sciagraphus,1
Eleutherodactylus_semipalmatus,1
Eleutherodactylus_simulans,1
Eleutherodactylus_sisyphodemus,1
Eleutherodactylus_sommeri,1
Eleutherodactylus_staurometopon,1
Eleutherodactylus_symingtoni,1
Eleutherodactylus_syristes,1
Eleutherodactylus_teretistes,1
Eleutherodactylus_tetajulia,1
Eleutherodactylus_thomasi,1
Eleutherodactylus_thorectes,1
Eleutherodactylus_toa,1
Eleutherodactylus_tonyi,1
Eleutherodactylus_turquinensis,1
Eleutherodactylus_tychathrous,1
Eleutherodactylus_unicolor,1
Eleutherodactylus_varians,1
Eleutherodactylus_varleyi,1
Eleutherodactylus_ventrilineatus,1
Eleutherodactylus_verrucipes,1
Eleutherodactylus_verruculatus,1
Eleutherodactylus_warreni,1
Eleutherodactylus_weinlandi,1
Eleutherodactylus_wetmorei,1
Eleutherodactylus_wightmanae,1
Eleutherodactylus_wixarika,1
Eleutherodactylus_zeus,1
Eleutherodactylus_zugi,1
Elgaria_cedrosensis,2
Elgaria_coerulea,2
Elgaria_kingii,2
Elgaria_multicarinata,2
Elgaria_nana,2
Elgaria_panamintina,2
Elgaria_paucicarinata,2
Elgaria_velazquezi,2
Eligmodontia_moreni,1
Eligmodontia_morgani,1
Eligmodontia_puerulus,1
Eligmodontia_typus,1
Eliomys_melanurus,1
Eliomys_munbyanus,1
Eliomys_quercinus,1
Eliurus_antsingy,1
Eliurus_carletoni,1
Eliurus_danieli,1
Eliurus_ellermani,1
Eliurus_grandidieri,1
Eliurus_majori,1
Eliurus_minor,1
Eliurus_myoxinus,1
Eliurus_penicillatus,1
Eliurus_petteri,1
Eliurus_tanala,1
Eliurus_webbi,1
Ellobius_fuscocapillus,1
Ellobius_lutescens,1
Ellobius_talpinus,1
Ellobius_tancrei,1
Elminia_albicauda,2
Elminia_albiventris,2
Elminia_albonotata,2
Elminia_longicauda,2
Elminia_nigromitrata,2
Elseya_rhodini,4
Elseyornis_melanops,2
Elvira_chionura,2
Elvira_cupreiceps,2
Emarginata_schlegelii,2
Emarginata_sinuata,2
Emarginata_tractrac,2
Emballonura_alecto,2
Emballonura_beccarii,2
Emballonura_dianae,2
Emballonura_furax,2
Emballonura_monticola,2
Emballonura_raffrayana,2
Emballonura_semicaudata,2
Emballonura_serii,2
Emberiza_affinis,2
Emberiza_aureola,2
Emberiza_bruniceps,2
Emberiza_buchanani,2
Emberiza_cabanisi,2
Emberiza_caesia,2
Emberiza_calandra,2
Emberiza_capensis,2
Emberiza_chrysophrys,2
Emberiza_cia,2
Emberiza_cineracea,2
Emberiza_cioides,2
Emberiza_cirlus,2
Emberiza_citrinella,2
Emberiza_elegans,2
Emberiza_flaviventris,2
Emberiza_fucata,2
Emberiza_godlewskii,2
Emberiza_goslingi,2
Emberiza_hortulana,2
Emberiza_impetuani,2
Emberiza_jankowskii,2
Emberiza_koslowi,2
Emberiza_lathami,2
Emberiza_leucocephalos,2
Emberiza_melanocephala,2
Emberiza_pallasi,2
Emberiza_personata,2
Emberiza_poliopleura,2
Emberiza_pusilla,2
Emberiza_rustica,2
Emberiza_rutila,2
Emberiza_sahari,2
Emberiza_schoeniclus,2
Emberiza_siemsseni,2
Emberiza_socotrana,2
Emberiza_spodocephala,2
Emberiza_stewarti,2
Emberiza_striolata,2
Emberiza_sulphurata,2
Emberiza_tahapisi,2
Emberiza_tristrami,2
Emberiza_variabilis,2
Emberiza_yessoensis,2
Emberizoides_duidae,2
Emberizoides_herbicola,2
Emberizoides_ypiranganus,2
Embernagra_longicauda,2
Embernagra_platensis,2
Emblema_pictum,1
Eminia_lepida,1
Emmochliophis_fugleri,1
Emmochliophis_miops,1
Emoia_adspersa,1
Emoia_aenea,1
Emoia_ahli,1
Emoia_aneityumensis,1
Emoia_arnoensis,1
Emoia_atrocostata,1
Emoia_aurulenta,1
Emoia_battersbyi,1
Emoia_baudini,1
Emoia_bismarckensis,1
Emoia_boettgeri,1
Emoia_bogerti,1
Emoia_brongersmai,1
Emoia_caeruleocauda,1
Emoia_callisticta,1
Emoia_campbelli,1
Emoia_coggeri,1
Emoia_concolor,1
Emoia_cyanogaster,1
Emoia_cyanura,1
Emoia_cyclops,1
Emoia_digul,1
Emoia_erronan,1
Emoia_flavigularis,1
Emoia_guttata,1
Emoia_impar,1
Emoia_irianensis,1
Emoia_isolata,1
Emoia_jakati,1
Emoia_jamur,1
Emoia_kitcheneri,1
Emoia_klossi,1
Emoia_kordoana,1
Emoia_kuekenthali,1
Emoia_laobaoensis,1
Emoia_lawesii,1
Emoia_longicauda,2
Emoia_loveridgei,1
Emoia_loyaltiensis,1
Emoia_maculata,1
Emoia_maxima,2
Emoia_mivarti,1
Emoia_mokosariniveikau,1
Emoia_montana,1
Emoia_nigra,1
Emoia_nigromarginata,1
Emoia_obscura,1
Emoia_oribata,1
Emoia_pallidiceps,1
Emoia_paniai,1
Emoia_parkeri,1
Emoia_physicae,1
Emoia_physicina,1
Emoia_ponapea,1
Emoia_popei,1
Emoia_pseudocyanura,1
Emoia_pseudopallidiceps,1
Emoia_reimschiisseli,1
Emoia_rennellensis,1
Emoia_ruficauda,1
Emoia_rufilabialis,1
Emoia_samoensis,1
Emoia_sanfordi,1
Emoia_schmidti,1
Emoia_similis,1
Emoia_slevini,1
Emoia_sorex,1
Emoia_submetallica,1
Emoia_taumakoensis,1
Emoia_tetrataenia,1
Emoia_tongana,1
Emoia_tropidolepis,1
Emoia_trossula,1
Emoia_tuitarere,1
Emoia_verecunda,1
Empidonax_affinis,2
Empidonax_albigularis,2
Empidonax_alnorum,2
Empidonax_atriceps,2
Empidonax_difficilis,2
Empidonax_flavescens,2
Empidonax_flaviventris,2
Empidonax_fulvifrons,2
Empidonax_hammondii,2
Empidonax_minimus,2
Empidonax_oberholseri,2
Empidonax_occidentalis,2
Empidonax_traillii,2
Empidonax_virescens,2
Empidonax_wrightii,2
Empidonomus_varius,2
Emydoidea_blandingii,4
Emys_trinacris,4
Enchisthenes_hartii,3
Engystomops_coloradorum,2
Engystomops_freibergi,2
Engystomops_guayaco,2
Engystomops_montubio,2
Engystomops_petersi,2
Engystomops_pustulatus,2
Engystomops_pustulosus,2
Engystomops_puyango,2
Engystomops_randi,2
Enhydris_chanardi,3
Enhydris_enhydris,3
Enhydris_innominata,3
Enhydris_jagorii,3
Enhydris_longicauda,4
Enicognathus_ferrugineus,2
Enicognathus_leptorhynchus,2
Enicurus_immaculatus,2
Enicurus_leschenaulti,2
Enicurus_maculatus,2
Enicurus_ruficapillus,2
Enicurus_schistaceus,2
Enicurus_scouleri,2
Enicurus_velatus,2
Enodes_erythrophris,2
Ensatina_eschscholtzii,2
Ensifera_ensifera,1
Entomodestes_coracinus,2
Entomodestes_leucotis,2
Entomyzon_albipennis,2
Entomyzon_cyanotis,2
Enuliophis_sclateri,2
Enulius_bifoveatus,2
Enulius_flavitorques,2
Enulius_oligostichus,2
Enulius_roatanensis,2
Enyalioides_altotambo,3
Enyalioides_annularis,3
Enyalioides_azulae,3
Enyalioides_binzayedi,3
Enyalioides_cofanorum,3
Enyalioides_groi,3
Enyalioides_heterolepis,3
Enyalioides_laticeps,4
Enyalioides_microlepis,2
Enyalioides_oshaughnessyi,3
Enyalioides_palpebralis,3
Enyalioides_peruvianus,3
Enyalioides_praestabilis,3
Enyalioides_rubrigularis,3
Enyalioides_rudolfarndti,3
Enyalioides_touzeti,3
Enyalius_bibronii,2
Enyalius_bilineatus,3
Enyalius_brasiliensis,2
Enyalius_catenatus,2
Enyalius_erythroceneus,2
Enyalius_iheringii,2
Enyalius_leechii,2
Enyalius_perditus,2
Enyalius_pictus,3
Eoglaucomys_fimbriatus,2
Eolagurus_luteus,1
Eolagurus_przewalskii,1
Eolophus_roseicapilla,2
Eonycteris_major,4
Eonycteris_robusta,4
Eonycteris_spelaea,4
Eophona_migratoria,2
Eophona_personata,2
Eopsaltria_australis,2
Eopsaltria_griseogularis,2
Eos_bornea,2
Eos_cyanogenia,2
Eos_histrio,2
Eos_reticulata,2
Eos_semilarvata,2
Eos_squamata,2
Eospalax_fontanierii,2
Eospalax_rothschildi,2
Eospalax_smithii,2
Eothenomys_cachinus,1
Eothenomys_chinensis,1
Eothenomys_custos,1
Eothenomys_melanogaster,1
Eothenomys_miletus,1
Eothenomys_olitor,1
Eothenomys_proditor,1
Eothenomys_wardi,1
Eozapus_setchuanus,1
Epacrophis_boulengeri,1
Epacrophis_drewesi,1
Epacrophis_reticulatus,1
Ephippiorhynchus_asiaticus,2
Ephippiorhynchus_senegalensis,2
Ephippiospingus_dorsalis,2
Ephippiospingus_erythronotus,2
Epibator_greeri,2
Epibator_nigrofasciolatus,2
Epicrates_alvarezi,3
Epicrates_assisi,3
Epicrates_cenchria,4
Epicrates_crassus,3
Epicrates_maurus,4
Epicrionops_bicolor,2
Epicrionops_columbianus,2
Epicrionops_marmoratus,2
Epicrionops_parkeri,2
Epicrionops_peruvianus,2
Epicrionops_petersi,2
Epictia_albifrons,1
Epictia_albipuncta,1
Epictia_alfredschmidti,1
Epictia_ater,1
Epictia_australis,1
Epictia_borapeliotes,1
Epictia_clinorostris,1
Epictia_columbi,1
Epictia_diaplocia,1
Epictia_goudotii,1
Epictia_guayaquilensis,1
Epictia_magnamaculata,1
Epictia_melanura,1
Epictia_munoai,1
Epictia_peruviana,1
Epictia_rufidorsa,1
Epictia_striatula,1
Epictia_subcrotilla,1
Epictia_teaguei,1
Epictia_tesselata,1
Epictia_tricolor,1
Epictia_vellardi,1
Epidalea_calamita,3
Epimachus_fastosus,2
Epimachus_meyeri,2
Epinecrophylla_amazonica,2
Epinecrophylla_erythrura,2
Epinecrophylla_fulviventris,2
Epinecrophylla_gutturalis,2
Epinecrophylla_haematonota,2
Epinecrophylla_hoffmannsi,2
Epinecrophylla_leucophthalma,2
Epinecrophylla_ornata,2
Epinecrophylla_spodionota,2
Epipedobates_anthonyi,1
Epipedobates_boulengeri,1
Epipedobates_darwinwallacei,1
Epipedobates_espinosai,1
Epipedobates_machalilla,1
Epipedobates_narinensis,1
Epipedobates_tricolor,1
Episoriculus_caudatus,1
Episoriculus_fumidus,1
Episoriculus_leucops,1
Episoriculus_macrurus,1
Epixerus_ebii,2
Epomophorus_angolensis,4
Epomophorus_anselli,4
Epomophorus_crypturus,4
Epomophorus_gambianus,4
Epomophorus_grandis,4
Epomophorus_labiatus,4
Epomophorus_minimus,4
Epomophorus_minor,4
Epomophorus_wahlbergi,4
Epomops_buettikoferi,4
Epomops_dobsonii,4
Epomops_franqueti,4
Eptesicus_bobrinskoi,2
Eptesicus_bottae,2
Eptesicus_brasiliensis,2
Eptesicus_chiriquinus,2
Eptesicus_diminutus,2
Eptesicus_floweri,2
Eptesicus_furinalis,2
Eptesicus_fuscus,2
Eptesicus_gobiensis,2
Eptesicus_guadeloupensis,2
Eptesicus_hottentotus,2
Eptesicus_innoxius,2
Eptesicus_isabellinus,2
Eptesicus_japonensis,2
Eptesicus_lobatus,2
Eptesicus_nilssonii,2
Eptesicus_pachyomus,2
Eptesicus_pachyotis,2
Eptesicus_serotinus,2
Eptesicus_taddeii,2
Eptesicus_tatei,2
Epthianura_albifrons,1
Epthianura_aurifrons,1
Epthianura_crocea,1
Epthianura_tricolor,1
Equus_africanus,4
Equus_ferus,4
Equus_grevyi,4
Equus_hemionus,4
Equus_kiang,4
Equus_quagga,4
Equus_zebra,4
Eremalauda_dunni,2
Eremalauda_eremodites,2
Eremias_acutirostris,2
Eremias_afghanistanica,2
Eremias_andersoni,2
Eremias_argus,2
Eremias_arguta,2
Eremias_aria,2
Eremias_brenchleyi,2
Eremias_buechneri,2
Eremias_cholistanica,2
Eremias_fasciata,2
Eremias_grammica,2
Eremias_intermedia,2
Eremias_kavirensis,2
Eremias_kokshaaliensis,2
Eremias_lalezharica,2
Eremias_lineolata,2
Eremias_montanus,2
Eremias_multiocellata,2
Eremias_nigrocellata,2
Eremias_nikolskii,2
Eremias_persica,2
Eremias_pleskei,2
Eremias_przewalskii,2
Eremias_quadrifrons,2
Eremias_regeli,2
Eremias_scripta,2
Eremias_strauchi,2
Eremias_stummeri,2
Eremias_suphani,2
Eremias_szczerbaki,2
Eremias_velox,3
Eremias_vermiculata,2
Eremias_yarkandensis,2
Eremiascincus_antoniorum,2
Eremiascincus_brongersmai,2
Eremiascincus_butlerorum,2
Eremiascincus_douglasi,2
Eremiascincus_emigrans,2
Eremiascincus_fasciolatus,3
Eremiascincus_intermedius,2
Eremiascincus_isolepis,2
Eremiascincus_musivus,2
Eremiascincus_pallidus,2
Eremiascincus_pardalis,2
Eremiascincus_phantasmus,2
Eremiascincus_richardsonii,3
Eremiascincus_rubiginosus,2
Eremiascincus_timorensis,2
Eremitalpa_granti,1
Eremodipus_lichtensteini,1
Eremomela_atricollis,1
Eremomela_badiceps,1
Eremomela_canescens,1
Eremomela_flavicrissalis,1
Eremomela_gregalis,1
Eremomela_icteropygialis,1
Eremomela_pusilla,1
Eremomela_scotops,1
Eremomela_turneri,1
Eremomela_usticollis,1
Eremophila_alpestris,2
Eremophila_bilopha,2
Eremopterix_australis,2
Eremopterix_griseus,2
Eremopterix_hova,2
Eremopterix_leucopareia,2
Eremopterix_leucotis,2
Eremopterix_nigriceps,2
Eremopterix_signatus,2
Eremopterix_verticalis,2
Eremoryzomys_polius,1
Erethizon_dorsatum,4
Eretmochelys_imbricata,4
Ericabatrachus_baleensis,2
Eridiphas_marcosensis,2
Erinaceus_amurensis,3
Erinaceus_concolor,3
Erinaceus_europaeus,3
Erinaceus_roumanicus,3
Eriocnemis_aline,1
Eriocnemis_cupreoventris,1
Eriocnemis_derbyi,1
Eriocnemis_glaucopoides,1
Eriocnemis_godini,1
Eriocnemis_isabellae,1
Eriocnemis_luciani,1
Eriocnemis_mirabilis,1
Eriocnemis_mosquera,1
Eriocnemis_nigrivestis,1
Eriocnemis_sapphiropygia,1
Eriocnemis_vestita,1
Eristicophis_macmahoni,4
Erithacus_rubecula,2
Eropeplus_canus,1
Eroticoscincus_graciloides,1
Erpeton_tentaculatum,3
Erpornis_zantholeuca,1
Erythrocebus_baumstarki,4
Erythrocebus_patas,4
Erythrocercus_holochlorus,1
Erythrocercus_livingstonei,1
Erythrocercus_mccallii,1
Erythrogenys_erythrocnemis,3
Erythrogenys_erythrogenys,3
Erythrogenys_gravivox,3
Erythrogenys_hypoleucos,3
Erythrogenys_mcclellandi,3
Erythrogenys_swinhoei,3
Erythrogonys_cinctus,3
Erythrolamprus_aesculapii,2
Erythrolamprus_albertguentheri,2
Erythrolamprus_almadensis,2
Erythrolamprus_andinus,2
Erythrolamprus_atraventer,2
Erythrolamprus_bizona,2
Erythrolamprus_breviceps,1
Erythrolamprus_carajasensis,2
Erythrolamprus_ceii,2
Erythrolamprus_cobella,2
Erythrolamprus_dorsocorallinus,2
Erythrolamprus_epinephelus,3
Erythrolamprus_festae,2
Erythrolamprus_frenatus,3
Erythrolamprus_guentheri,3
Erythrolamprus_ingeri,2
Erythrolamprus_jaegeri,2
Erythrolamprus_janaleeae,2
Erythrolamprus_juliae,2
Erythrolamprus_maryellenae,2
Erythrolamprus_melanotus,2
Erythrolamprus_mertensi,2
Erythrolamprus_miliaris,3
Erythrolamprus_mimus,2
Erythrolamprus_mossoroensis,2
Erythrolamprus_ocellatus,2
Erythrolamprus_oligolepis,2
Erythrolamprus_ornatus,2
Erythrolamprus_poecilogyrus,2
Erythrolamprus_pseudocorallus,2
Erythrolamprus_pyburni,2
Erythrolamprus_pygmaeus,2
Erythrolamprus_reginae,2
Erythrolamprus_sagittifer,2
Erythrolamprus_semiaureus,2
Erythrolamprus_subocularis,2
Erythrolamprus_taeniogaster,2
Erythrolamprus_taeniurus,2
Erythrolamprus_torrenicola,2
Erythrolamprus_trebbaui,2
Erythrolamprus_triscalis,2
Erythrolamprus_typhlus,2
Erythrolamprus_viridis,2
Erythrolamprus_vitti,2
Erythrolamprus_williamsi,2
Erythrolamprus_zweifeli,2
Erythropitta_arquata,3
Erythropitta_caeruleitorques,3
Erythropitta_celebensis,3
Erythropitta_dohertyi,3
Erythropitta_erythrogaster,3
Erythropitta_gazellae,3
Erythropitta_granatina,3
Erythropitta_inspeculata,3
Erythropitta_kochi,3
Erythropitta_macklotii,3
Erythropitta_meeki,3
Erythropitta_novaehibernicae,3
Erythropitta_palliceps,3
Erythropitta_rubrinucha,3
Erythropitta_rufiventris,3
Erythropitta_splendida,3
Erythropitta_ussheri,3
Erythropitta_venusta,3
Erythrotriorchis_buergersi,4
Erythrotriorchis_radiatus,4
Erythrura_coloria,1
Erythrura_cyaneovirens,1
Erythrura_hyperythra,1
Erythrura_kleinschmidti,1
Erythrura_papuana,1
Erythrura_pealii,1
Erythrura_prasina,1
Erythrura_psittacea,1
Erythrura_trichroa,1
Erythrura_tricolor,1
Erythrura_viridifacies,1
Eryx_borrii,3
Eryx_colubrinus,3
Eryx_conicus,4
Eryx_elegans,3
Eryx_jaculus,3
Eryx_jayakari,3
Eryx_johnii,4
Eryx_miliaris,3
Eryx_muelleri,3
Eryx_somalicus,3
Eryx_tataricus,3
Eryx_whitakeri,3
Esacus_recurvirostris,4
Espadarana_andina,1
Espadarana_audax,1
Espadarana_callistomma,1
Espadarana_durrellorum,1
Espadarana_prosoblepon,1
Estrilda_astrild,1
Estrilda_atricapilla,1
Estrilda_charmosyna,1
Estrilda_coerulescens,1
Estrilda_erythronotos,1
Estrilda_kandti,1
Estrilda_melpoda,1
Estrilda_nigriloris,1
Estrilda_nonnula,1
Estrilda_paludicola,1
Estrilda_perreini,1
Estrilda_poliopareia,1
Estrilda_rhodopyga,1
Estrilda_rufibarba,1
Estrilda_thomensis,1
Estrilda_troglodytes,1
Etheridgeum_pulchrum,1
Eublepharis_angramainyu,3
Eublepharis_fuscus,3
Eublepharis_hardwickii,3
Eublepharis_macularius,3
Eublepharis_satpuraensis,3
Eublepharis_turcmenicus,3
Eubucco_aurantiicollis,3
Eubucco_bourcierii,2
Eubucco_glaucogularis,3
Eubucco_richardsoni,3
Eubucco_steerii,3
Eubucco_tucinkae,3
Eubucco_versicolor,3
Euchoreutes_naso,1
Euchrepomis_callinota,1
Euchrepomis_humeralis,1
Euchrepomis_sharpei,1
Euchrepomis_spodioptila,1
Eucometis_penicillata,2
Euderma_maculatum,2
Eudiscoderma_thongareeae,3
Eudiscopus_denticulus,1
Eudocimus_albus,4
Eudocimus_ruber,4
Eudorcas_albonotata,4
Eudorcas_rufifrons,4
Eudorcas_thomsonii,4
Eudorcas_tilonura,4
Eudromia_elegans,4
Eudromia_formosa,4
Eudromias_morinellus,3
Eudynamys_orientalis,4
Eudynamys_scolopaceus,4
Eudyptes_pachyrhynchus,4
Eugenes_fulgens,1
Eugerygone_rubra,1
Eugongylus_albofasciolatus,2
Eugongylus_mentovarius,2
Eugongylus_rufescens,2
Eugongylus_sulaensis,2
Eugongylus_unilineatus,2
Eugralla_paradoxa,2
Eulabeornis_castaneoventris,4
Eulacestoma_nigropectus,3
Eulampis_holosericeus,1
Eulampis_jugularis,1
Eulamprus_heatwolei,2
Eulamprus_kosciuskoi,2
Eulamprus_leuraensis,2
Eulamprus_quoyii,2
Eulamprus_tympanum,2
Eulemur_albifrons,4
Eulemur_cinereiceps,4
Eulemur_collaris,4
Eulemur_coronatus,4
Eulemur_flavifrons,4
Eulemur_fulvus,4
Eulemur_macaco,4
Eulemur_mongoz,4
Eulemur_rubriventer,4
Eulemur_rufifrons,4
Eulemur_rufus,4
Eulemur_sanfordi,4
Euleptes_europaea,1
Eulidia_yarrellii,1
Eulipoa_wallacei,4
Eumeces_algeriensis,2
Eumeces_blythianus,2
Eumeces_cholistanensis,3
Eumeces_indothalensis,3
Eumeces_schneiderii,3
Eumecia_anchietae,2
Eumomota_superciliosa,3
Eumops_auripendulus,4
Eumops_bonariensis,4
Eumops_dabbenei,4
Eumops_delticus,4
Eumops_ferox,4
Eumops_glaucinus,4
Eumops_hansae,4
Eumops_maurus,4
Eumops_nanus,4
Eumops_patagonicus,4
Eumops_perotis,4
Eumops_trumbulli,4
Eumops_underwoodi,4
Eumops_wilsoni,4
Eumyias_additus,1
Eumyias_albicaudatus,1
Eumyias_indigo,1
Eumyias_panayensis,1
Eumyias_ruficrissa,1
Eumyias_sordidus,1
Eumyias_thalassinus,1
Eunectes_beniensis,4
Eunectes_deschauenseei,4
Eunectes_murinus,4
Eunectes_notaeus,4
Euneomys_chinchilloides,1
Euneomys_fossor,1
Euneomys_mordax,1
Euneomys_petersoni,1
Euneornis_campestris,2
Eunymphicus_cornutus,2
Eunymphicus_uvaeensis,2
Euodice_cantans,1
Euodice_malabarica,1
Euoticus_elegantulus,2
Euoticus_pallidus,2
Euparkerella_brasiliensis,1
Euparkerella_cochranae,1
Euparkerella_cryptica,1
Euparkerella_robusta,1
Euparkerella_tridactyla,1
Eupetaurus_cinereus,2
Eupetes_macrocerus,2
Eupetomena_macroura,1
Euphagus_carolinus,2
Euphagus_cyanocephalus,2
Eupherusa_cyanophrys,1
Eupherusa_eximia,1
Eupherusa_nigriventris,1
Eupherusa_poliocerca,1
Euphlyctis_adolfi,3
Euphlyctis_aloysii,3
Euphlyctis_cyanophlyctis,3
Euphlyctis_hexadactyla,4
Euphlyctis_karaavali,3
Euphlyctis_kerala,3
Euphonia_affinis,1
Euphonia_anneae,1
Euphonia_cayennensis,1
Euphonia_chalybea,2
Euphonia_chlorotica,1
Euphonia_chrysopasta,1
Euphonia_concinna,1
Euphonia_cyanocephala,1
Euphonia_elegantissima,1
Euphonia_finschi,1
Euphonia_flavifrons,1
Euphonia_fulvicrissa,1
Euphonia_gouldi,1
Euphonia_hirundinacea,1
Euphonia_imitans,1
Euphonia_jamaica,1
Euphonia_laniirostris,1
Euphonia_luteicapilla,1
Euphonia_mesochrysa,1
Euphonia_minuta,1
Euphonia_musica,1
Euphonia_pectoralis,1
Euphonia_plumbea,1
Euphonia_rufiventris,1
Euphonia_saturata,1
Euphonia_sclateri,1
Euphonia_trinitatis,1
Euphonia_violacea,1
Euphonia_xanthogaster,1
Euphractus_sexcinctus,3
Euplectes_afer,2
Euplectes_albonotatus,2
Euplectes_ardens,2
Euplectes_aureus,2
Euplectes_axillaris,2
Euplectes_capensis,2
Euplectes_diadematus,2
Euplectes_franciscanus,2
Euplectes_gierowii,2
Euplectes_hartlaubi,2
Euplectes_hordeaceus,2
Euplectes_jacksoni,3
Euplectes_laticauda,2
Euplectes_macroura,2
Euplectes_nigroventris,2
Euplectes_orix,2
Euplectes_progne,3
Euplectes_psammacromius,2
Eupleres_goudotii,2
Eupleres_major,2
Eupodotis_caerulescens,4
Eupodotis_senegalensis,4
Euprepiophis_conspicillata,3
Euprepiophis_mandarinus,3
Euprepiophis_perlacea,3
Euproctus_montanus,2
Euproctus_platycephalus,2
Eupsittula_astec,3
Eupsittula_aurea,3
Eupsittula_cactorum,3
Eupsittula_canicularis,3
Eupsittula_nana,3
Eupsittula_pertinax,3
Eupsophus_altor,2
Eupsophus_calcaratus,2
Eupsophus_contulmoensis,2
Eupsophus_emiliopugini,2
Eupsophus_insularis,2
Eupsophus_migueli,2
Eupsophus_nahuelbutensis,2
Eupsophus_roseus,2
Eupsophus_septentrionalis,2
Eupsophus_vertebralis,2
Euptilotis_neoxenus,3
Euptilotus_eutilotus,2
Eurillas_ansorgei,2
Eurillas_curvirostris,2
Eurillas_gracilis,2
Eurillas_latirostris,2
Eurillas_virens,2
Eurocephalus_anguitimens,3
Eurocephalus_ruppelli,3
Eurochelidon_sirintarae,1
Eurolophosaurus_amathites,2
Eurolophosaurus_divaricatus,2
Eurolophosaurus_nanuzae,2
Euroscaptor_grandis,1
Euroscaptor_klossi,1
Euroscaptor_longirostris,1
Euroscaptor_micrura,1
Euroscaptor_mizura,1
Euroscaptor_parvidens,1
Euroscaptor_subanura,1
Eurostopodus_archboldi,3
Eurostopodus_argus,3
Eurostopodus_diabolicus,3
Eurostopodus_exul,3
Eurostopodus_mystacalis,3
Eurostopodus_nigripennis,3
Eurostopodus_papuensis,3
Eurycea_aquatica,1
Eurycea_arenicola,1
Eurycea_bislineata,1
Eurycea_braggi,1
Eurycea_chamberlaini,1
Eurycea_cirrigera,1
Eurycea_guttolineata,2
Eurycea_hillisi,1
Eurycea_junaluska,1
Eurycea_longicauda,2
Eurycea_lucifuga,2
Eurycea_multiplicata,1
Eurycea_nerea,1
Eurycea_paludicola,1
Eurycea_quadridigitata,1
Eurycea_spelaea,2
Eurycea_wallacei,1
Eurycea_wilderae,1
Euryceros_prevostii,3
Eurydactylodes_agricolae,1
Eurydactylodes_symmetricus,1
Eurydactylodes_vieillardi,1
Eurylaimus_harterti,3
Eurylaimus_javanicus,3
Eurylaimus_ochromalus,3
Eurylepis_poonaensis,2
Eurylepis_taeniolata,2
Euryoryzomys_emmonsae,1
Euryoryzomys_lamia,1
Euryoryzomys_legatus,1
Euryoryzomys_macconnelli,1
Euryoryzomys_nitidus,1
Euryoryzomys_russatus,1
Euryptila_subcinnamomea,1
Eurypyga_helias,4
Eurystomus_azureus,3
Eurystomus_glaucurus,3
Eurystomus_gularis,3
Eurystomus_orientalis,3
Euryzygomatomys_spinosus,2
Euscarthmus_fulviceps,1
Euscarthmus_meloryphus,1
Euscarthmus_rufomarginatus,1
Euschistospiza_cinereovinacea,1
Euschistospiza_dybowskii,1
Euspondylus_acutirostris,1
Euspondylus_auyanensis,1
Euspondylus_caideni,1
Euspondylus_guentheri,1
Euspondylus_maculatus,1
Euspondylus_monsfumus,1
Euspondylus_nellycarrillae,1
Euspondylus_simonsii,1
Eutamias_sibiricus,2
Eutoxeres_aquila,1
Eutoxeres_condamini,1
Eutrichomyias_rowleyi,2
Eutriorchis_astur,4
Eutropis_alcalai,2
Eutropis_allapallensis,2
Eutropis_andamanensis,2
Eutropis_ashwamedhi,2
Eutropis_austini,2
Eutropis_beddomei,2
Eutropis_bibronii,2
Eutropis_bontocensis,2
Eutropis_borealis,2
Eutropis_caraga,2
Eutropis_carinata,2
Eutropis_chapaensis,2
Eutropis_clivicola,2
Eutropis_cumingi,2
Eutropis_cuprea,2
Eutropis_darevskii,2
Eutropis_dissimilis,2
Eutropis_englei,2
Eutropis_floweri,2
Eutropis_gansi,2
Eutropis_greeri,2
Eutropis_gubataas,2
Eutropis_indeprensa,2
Eutropis_innotata,2
Eutropis_islamaliit,2
Eutropis_lapulapu,2
Eutropis_longicaudata,2
Eutropis_macrophthalma,2
Eutropis_macularia,2
Eutropis_madaraszi,2
Eutropis_multicarinata,2
Eutropis_multifasciata,2
Eutropis_nagarjunensis,2
Eutropis_quadratilobus,2
Eutropis_quadricarinata,2
Eutropis_rudis,2
Eutropis_rugifera,2
Eutropis_sahulinghangganan,2
Eutropis_sibalom,2
Eutropis_tammanna,2
Eutropis_trivittata,2
Eutropis_tytleri,2
Excidobates_captivus,1
Excidobates_condor,1
Excidobates_mysteriosus,1
Exerodonta_abdivita,2
Exerodonta_bivocata,2
Exerodonta_chimalapa,2
Exerodonta_melanomma,2
Exerodonta_perkinsi,2
Exerodonta_smaragdina,2
Exerodonta_sumichrasti,2
Exerodonta_xera,2
Exila_nigropalmata,1
Exiliboa_placata,2
Exilisciurus_concinnus,2
Exilisciurus_exilis,2
Exilisciurus_whiteheadi,2
Falcipennis_canadensis,4
Falcipennis_falcipennis,4
Falcipennis_franklinii,4
Falco_alopex,4
Falco_amurensis,4
Falco_ardosiaceus,4
Falco_berigora,4
Falco_biarmicus,4
Falco_cenchroides,4
Falco_cherrug,4
Falco_chicquera,4
Falco_columbarius,4
Falco_concolor,4
Falco_cuvierii,4
Falco_deiroleucus,4
Falco_dickinsoni,4
Falco_eleonorae,4
Falco_fasciinucha,4
Falco_femoralis,4
Falco_hypoleucos,4
Falco_jugger,4
Falco_longipennis,4
Falco_mexicanus,4
Falco_moluccensis,4
Falco_naumanni,4
Falco_newtoni,4
Falco_novaeseelandiae,4
Falco_peregrinus,4
Falco_punctatus,4
Falco_ruficollis,4
Falco_rufigularis,4
Falco_rupicoloides,4
Falco_rusticolus,4
Falco_severus,4
Falco_sparverius,3
Falco_subbuteo,4
Falco_subniger,4
Falco_tinnunculus,4
Falco_vespertinus,4
Falco_zoniventris,4
Falculea_palliata,3
Falcunculus_frontatus,2
Falcunculus_leucogaster,2
Falcunculus_whitei,2
Falsistrellus_mackenziei,3
Falsistrellus_petersi,3
Falsistrellus_tasmaniensis,3
Feihyla_fuhua,1
Feihyla_inexpectata,1
Feihyla_kajau,1
Feihyla_palpebralis,1
Feihyla_samkosensis,1
Feihyla_vittiger,1
Fejervarya_cancrivora,3
Fejervarya_iskandari,2
Fejervarya_jhilmilensis,2
Fejervarya_kawamurai,2
Fejervarya_kupitzi,2
Fejervarya_limnocharis,2
Fejervarya_moodiei,2
Fejervarya_multistriata,2
Fejervarya_orissaensis,2
Fejervarya_sakishimensis,2
Fejervarya_triora,2
Fejervarya_verruculosa,2
Fejervarya_vittigera,2
Felis_bieti,4
Felis_chaus,4
Felis_margarita,4
Felis_nigripes,4
Felis_silvestris,4
Felovia_vae,3
Ferania_sieboldii,3
Ferminia_cerverai,2
Feroculus_feroculus,1
Feylinia_boulengeri,2
Feylinia_currori,2
Feylinia_elegans,2
Feylinia_grandisquamis,2
Feylinia_macrolepis,2
Feylinia_polylepis,2
Ficedula_albicilla,1
Ficedula_albicollis,1
Ficedula_basilanica,1
Ficedula_bonthaina,1
Ficedula_buruensis,1
Ficedula_crypta,1
Ficedula_disposita,1
Ficedula_dumetoria,1
Ficedula_elisae,1
Ficedula_erithacus,1
Ficedula_harterti,1
Ficedula_henrici,1
Ficedula_hodgsoni,1
Ficedula_hyperythra,1
Ficedula_hypoleuca,1
Ficedula_luzoniensis,1
Ficedula_mugimaki,1
Ficedula_narcissina,1
Ficedula_nigrorufa,1
Ficedula_owstoni,1
Ficedula_parva,1
Ficedula_platenae,1
Ficedula_riedeli,1
Ficedula_ruficauda,1
Ficedula_rufigula,1
Ficedula_sapphira,1
Ficedula_semitorquata,1
Ficedula_strophiata,1
Ficedula_subrubra,1
Ficedula_superciliaris,1
Ficedula_timorensis,1
Ficedula_tricolor,1
Ficedula_westermanni,1
Ficedula_zanthopygia,1
Ficimia_hardyi,1
Ficimia_olivacea,1
Ficimia_publia,1
Ficimia_ramirezi,1
Ficimia_ruspator,1
Ficimia_streckeri,1
Ficimia_variegata,1
Fimbrios_klossi,2
Fimbrios_smithi,2
Firouzophrynus_dhufarensis,2
Firouzophrynus_hololius,2
Firouzophrynus_olivaceus,2
Firouzophrynus_peninsularis,2
Firouzophrynus_stomaticus,2
Flectonotus_fitzgeraldi,1
Flectonotus_pygmaeus,1
Flexiseps_alluaudi,1
Flexiseps_andranovahensis,1
Flexiseps_ardouini,1
Flexiseps_crenni,1
Flexiseps_decaryi,1
Flexiseps_elongatus,1
Flexiseps_johannae,1
Flexiseps_mandokava,1
Flexiseps_melanurus,1
Flexiseps_meva,1
Flexiseps_ornaticeps,1
Flexiseps_stylus,1
Flexiseps_tanysoma,1
Flexiseps_tsaratananensis,1
Florisuga_fusca,1
Florisuga_mellivora,1
Fluvicola_albiventer,1
Fluvicola_nengeta,1
Fluvicola_pica,1
Fojia_bumui,2
Formicarius_analis,3
Formicarius_colma,3
Formicarius_moniliger,3
Formicarius_nigricapillus,3
Formicarius_rufifrons,3
Formicarius_rufipectus,3
Formicivora_acutirostris,2
Formicivora_erythronotos,2
Formicivora_grantsaui,2
Formicivora_grisea,2
Formicivora_iheringi,2
Formicivora_intermedia,2
Formicivora_melanogaster,2
Formicivora_paludicola,2
Formicivora_rufa,2
Formicivora_serrana,2
Forpus_coelestis,2
Forpus_conspicillatus,2
Forpus_cyanopygius,2
Forpus_modestus,2
Forpus_passerinus,2
Forpus_spengeli,2
Forpus_xanthops,2
Forpus_xanthopterygius,2
Fossa_fossana,2
Foudia_aldabrana,2
Foudia_consobrina,2
Foudia_eminentissima,2
Foudia_madagascariensis,2
Foudia_omissa,2
Foudia_rubra,2
Foulehaio_carunculatus,3
Foulehaio_procerior,3
Foulehaio_taviunensis,3
Fowlea_asperrima,2
Fowlea_flavipunctata,2
Fowlea_melanozostus,3
Fowlea_piscator,3
Fowlea_sanctijohannis,3
Fowlea_tytleri,3
Fowlea_yunnanensis,3
Francolinus_francolinus,4
Francolinus_gularis,4
Francolinus_pictus,4
Francolinus_pintadeanus,4
Francolinus_pondicerianus,4
Fraseria_caerulescens,2
Fraseria_cinerascens,2
Fraseria_griseigularis,2
Fraseria_lendu,2
Fraseria_ocreata,2
Fraseria_olivascens,2
Fraseria_plumbea,2
Fraseria_tessmanni,2
Fratercula_arctica,4
Fratercula_cirrhata,4
Fratercula_corniculata,4
Frederickena_unduliger,3
Frederickena_viridis,3
Fregata_ariel,4
Fregata_magnificens,4
Fregata_minor,4
Fregetta_maoriana,3
Fringilla_coelebs,2
Fringilla_montifringilla,2
Fringilla_polatzeki,2
Fringilla_teydea,2
Fritziana_fissilis,2
Fritziana_goeldii,2
Fritziana_izecksohni,2
Fritziana_mitus,2
Fritziana_ohausi,2
Fritziana_tonimi,2
Fritziana_ulei,2
Frostius_erythrophthalmus,2
Frostius_pernambucensis,2
Fukomys_anselli,2
Fukomys_bocagei,2
Fukomys_damarensis,2
Fukomys_darlingi,2
Fukomys_foxi,2
Fukomys_ilariae,2
Fukomys_kafuensis,2
Fukomys_mechowi,4
Fukomys_ochraceocinereus,2
Fukomys_vandewoestijneae,2
Fukomys_zechi,2
Fulica_alai,4
Fulica_americana,4
Fulica_ardesiaca,4
Fulica_armillata,4
Fulica_atra,4
Fulica_cornuta,4
Fulica_cristata,4
Fulica_gigantea,4
Fulica_leucoptera,4
Fulica_rufifrons,4
Fulvetta_cinereiceps,2
Fulvetta_danisi,2
Fulvetta_formosana,2
Fulvetta_ludlowi,2
Fulvetta_manipurensis,2
Fulvetta_ruficapilla,2
Fulvetta_striaticollis,2
Fulvetta_vinipectus,2
Funambulus_layardi,2
Funambulus_obscurus,2
Funambulus_palmarum,2
Funambulus_pennantii,2
Funambulus_sublineatus,2
Funambulus_tristriatus,2
Funisciurus_anerythrus,2
Funisciurus_bayonii,2
Funisciurus_carruthersi,2
Funisciurus_congicus,2
Funisciurus_duchaillui,2
Funisciurus_isabella,2
Funisciurus_lemniscatus,2
Funisciurus_leucogenys,2
Funisciurus_pyrropus,2
Funisciurus_substriatus,2
Furcifer_angeli,3
Furcifer_antimena,3
Furcifer_balteatus,3
Furcifer_belalandaensis,3
Furcifer_bifidus,3
Furcifer_campani,3
Furcifer_cephalolepis,3
Furcifer_labordi,3
Furcifer_lateralis,3
Furcifer_major,3
Furcifer_minor,3
Furcifer_nicosiai,3
Furcifer_oustaleti,4
Furcifer_pardalis,3
Furcifer_petteri,3
Furcifer_polleni,3
Furcifer_rhinoceratus,3
Furcifer_timoni,3
Furcifer_tuzetae,3
Furcifer_verrucosus,3
Furcifer_viridis,3
Furcifer_willsii,3
Furina_barnardi,2
Furina_diadema,2
Furina_dunmalli,2
Furina_ornata,2
Furina_tristis,2
Furipterus_horrens,1
Furnarius_cinnamomeus,2
Furnarius_cristatus,2
Furnarius_figulus,2
Furnarius_leucopus,2
Furnarius_longirostris,2
Furnarius_minor,2
Furnarius_rufus,3
Furnarius_torridus,2
Gactornis_enarratus,3
Galago_gallarum,2
Galago_matschiei,2
Galago_moholi,2
Galago_senegalensis,2
Galagoides_demidoff,2
Galagoides_kumbirensis,2
Galagoides_thomasi,2
Galbalcyrhynchus_leucotis,3
Galbalcyrhynchus_purusianus,3
Galbula_albirostris,2
Galbula_chalcocephala,2
Galbula_chalcothorax,2
Galbula_cyanescens,2
Galbula_cyanicollis,2
Galbula_dea,3
Galbula_galbula,2
Galbula_leucogastra,2
Galbula_pastazae,2
Galbula_ruficauda,2
Galbula_tombacea,2
Galea_comes,3
Galea_flavidens,3
Galea_leucoblephara,3
Galea_musteloides,3
Galea_spixii,3
Galemys_pyrenaicus,1
Galenomys_garleppi,1
Galeopterus_variegatus,4
Galerida_cristata,3
Galerida_deva,3
Galerida_magnirostris,3
Galerida_malabarica,3
Galerida_modesta,3
Galerida_theklae,3
Galictis_cuja,3
Galictis_vittata,3
Galidia_elegans,2
Galidictis_fasciata,2
Galidictis_grandidieri,2
Gallicolumba_crinigera,3
Gallicolumba_keayi,3
Gallicolumba_luzonica,3
Gallicolumba_menagei,3
Gallicolumba_platenae,3
Gallicolumba_rufigula,3
Gallicolumba_tristigmata,3
Gallicrex_cinerea,4
Gallinago_andina,3
Gallinago_delicata,3
Gallinago_gallinago,3
Gallinago_hardwickii,3
Gallinago_imperialis,4
Gallinago_jamesoni,3
Gallinago_macrodactyla,3
Gallinago_media,3
Gallinago_megala,3
Gallinago_nemoricola,3
Gallinago_nigripennis,3
Gallinago_nobilis,3
Gallinago_paraguaiae,3
Gallinago_solitaria,3
Gallinago_stenura,3
Gallinago_stricklandii,3
Gallinago_undulata,4
Gallinula_chloropus,4
Gallinula_galeata,4
Gallinula_tenebrosa,4
Gallirallus_australis,4
Gallirallus_calayanensis,4
Gallirallus_lafresnayanus,4
Gallirex_johnstoni,4
Gallirex_porphyreolophus,4
Galloperdix_bicalcarata,4
Galloperdix_lunulata,4
Galloperdix_spadicea,4
Gallotia_atlantica,2
Gallotia_bravoana,3
Gallotia_caesaris,3
Gallotia_galloti,3
Gallotia_intermedia,4
Gallotia_simonyi,3
Gallotia_stehlini,4
Gallus_gallus,4
Gallus_lafayettii,4
Gallus_sonneratii,4
Gallus_varius,4
Galvarinus_attenuatus,2
Galvarinus_chilensis,2
Galvarinus_tarmensis,2
Gambelia_copeii,3
Gambelia_sila,3
Gambelia_wislizenii,3
Gampsonyx_swainsonii,3
Gampsorhynchus_rufulus,3
Gampsorhynchus_torquatus,3
Gardnerycteris_crenulatum,2
Gardnerycteris_koepckeae,2
Garritornis_isidorei,4
Garrodia_nereis,2
Garrulax_albogularis,3
Garrulax_annamensis,3
Garrulax_berthemyi,3
Garrulax_bicolor,3
Garrulax_bieti,3
Garrulax_caerulatus,3
Garrulax_calvus,3
Garrulax_canorus,3
Garrulax_castanotis,3
Garrulax_chinensis,3
Garrulax_cineraceus,3
Garrulax_cinereiceps,3
Garrulax_cinereifrons,3
Garrulax_courtoisi,3
Garrulax_davidi,3
Garrulax_delesserti,3
Garrulax_ferrarius,3
Garrulax_galbanus,3
Garrulax_gularis,3
Garrulax_konkakinhensis,3
Garrulax_koslowi,3
Garrulax_lanceolatus,3
Garrulax_leucolophus,3
Garrulax_lugubris,3
Garrulax_lunulatus,3
Garrulax_maesi,3
Garrulax_maximus,4
Garrulax_merulinus,3
Garrulax_milleti,3
Garrulax_mitratus,3
Garrulax_monachus,3
Garrulax_monileger,3
Garrulax_nuchalis,3
Garrulax_ocellatus,4
Garrulax_palliatus,3
Garrulax_pectoralis,3
Garrulax_perspicillatus,3
Garrulax_poecilorhynchus,3
Garrulax_ruficeps,3
Garrulax_ruficollis,3
Garrulax_rufifrons,3
Garrulax_rufogularis,3
Garrulax_sannio,3
Garrulax_strepitans,3
Garrulax_sukatschewi,3
Garrulax_taewanus,3
Garrulax_treacheri,3
Garrulax_vassali,3
Garrulax_waddelli,3
Garrulax_woodi,3
Garrulus_bispecularis,4
Garrulus_glandarius,4
Garrulus_lanceolatus,4
Garrulus_leucotis,4
Garrulus_lidthi,4
Garthia_gaudichaudii,1
Garthius_chaseni,2
Gastropholis_echinata,3
Gastropholis_prasina,3
Gastropholis_tropidopholis,3
Gastropholis_vittata,3
Gastrophryne_carolinensis,1
Gastrophryne_elegans,1
Gastrophryne_mazatlanensis,1
Gastrophryne_olivacea,1
Gastrophrynoides_borneensis,1
Gastrophrynoides_immaculatus,1
Gastrotheca_abdita,3
Gastrotheca_aguaruna,3
Gastrotheca_albolineata,3
Gastrotheca_andaquiensis,3
Gastrotheca_antoniiochoai,3
Gastrotheca_aratia,3
Gastrotheca_argenteovirens,3
Gastrotheca_atympana,3
Gastrotheca_aureomaculata,3
Gastrotheca_bufona,3
Gastrotheca_carinaceps,3
Gastrotheca_christiani,3
Gastrotheca_chrysosticta,3
Gastrotheca_cornuta,4
Gastrotheca_cuencana,3
Gastrotheca_dendronastes,3
Gastrotheca_dunni,3
Gastrotheca_dysprosita,3
Gastrotheca_ernestoi,3
Gastrotheca_espeletia,3
Gastrotheca_excubitor,3
Gastrotheca_fissipes,3
Gastrotheca_flamma,3
Gastrotheca_fulvorufa,3
Gastrotheca_galeata,3
Gastrotheca_gracilis,2
Gastrotheca_griswoldi,3
Gastrotheca_guentheri,3
Gastrotheca_helenae,3
Gastrotheca_lateonota,3
Gastrotheca_lauzuricae,3
Gastrotheca_litonedis,3
Gastrotheca_lojana,3
Gastrotheca_longipes,3
Gastrotheca_marsupiata,3
Gastrotheca_megacephala,3
Gastrotheca_microdiscus,2
Gastrotheca_monticola,3
Gastrotheca_nebulanastes,3
Gastrotheca_nicefori,3
Gastrotheca_ochoai,3
Gastrotheca_oresbios,3
Gastrotheca_orophylax,3
Gastrotheca_ossilaginis,3
Gastrotheca_ovifera,4
Gastrotheca_pacchamama,3
Gastrotheca_pachachacae,3
Gastrotheca_peruana,3
Gastrotheca_phalarosa,3
Gastrotheca_phelloderma,3
Gastrotheca_piperata,3
Gastrotheca_plumbea,3
Gastrotheca_prasina,3
Gastrotheca_pseustes,3
Gastrotheca_psychrophila,3
Gastrotheca_pulchra,3
Gastrotheca_rebeccae,3
Gastrotheca_recava,3
Gastrotheca_riobambae,3
Gastrotheca_ruizi,3
Gastrotheca_spectabilis,3
Gastrotheca_splendens,3
Gastrotheca_stictopleura,3
Gastrotheca_testudinea,3
Gastrotheca_trachyceps,3
Gastrotheca_turnerorum,3
Gastrotheca_walkeri,3
Gastrotheca_weinlandii,3
Gastrotheca_williamsoni,3
Gastrotheca_yacuri,3
Gastrotheca_zeugocystis,3
Gavia_adamsii,4
Gavia_arctica,4
Gavia_immer,4
Gavia_pacifica,4
Gavia_stellata,4
Gavialis_gangeticus,4
Gavicalis_fasciogularis,2
Gavicalis_versicolor,2
Gavicalis_virescens,2
Gazella_arabica,4
Gazella_bennettii,4
Gazella_cuvieri,4
Gazella_dorcas,4
Gazella_gazella,4
Gazella_leptoceros,4
Gazella_marica,4
Gazella_spekei,4
Gazella_subgutturosa,4
Geagras_redimitus,2
Gecinulus_grantia,3
Gecinulus_viridis,3
Geckolepis_maculata,2
Geckolepis_polylepis,2
Geckolepis_typica,2
Gegeneophis_carnosus,2
Gegeneophis_danieli,2
Gegeneophis_goaensis,2
Gegeneophis_krishni,2
Gegeneophis_madhavai,2
Gegeneophis_mhadeiensis,2
Gegeneophis_orientalis,2
Gegeneophis_pareshi,2
Gegeneophis_primus,2
Gegeneophis_ramaswamii,2
Gegeneophis_seshachari,2
Gegeneophis_tejaswini,2
Gehyra_angusticaudata,1
Gehyra_australis,1
Gehyra_baliola,1
Gehyra_barea,1
Gehyra_borroloola,1
Gehyra_brevipalmata,1
Gehyra_catenata,1
Gehyra_dubia,1
Gehyra_einasleighensis,1
Gehyra_fehlmanni,1
Gehyra_georgpotthasti,1
Gehyra_girloorloo,1
Gehyra_insulensis,1
Gehyra_interstitialis,1
Gehyra_kimberleyi,1
Gehyra_koira,1
Gehyra_lacerata,1
Gehyra_lampei,1
Gehyra_lazelli,1
Gehyra_leopoldi,1
Gehyra_marginata,1
Gehyra_membranacruralis,1
Gehyra_minuta,1
Gehyra_montium,1
Gehyra_moritzi,1
Gehyra_multiporosa,1
Gehyra_mutilata,1
Gehyra_nana,1
Gehyra_occidentalis,1
Gehyra_oceanica,1
Gehyra_pamela,1
Gehyra_papuana,1
Gehyra_pilbara,1
Gehyra_pulingka,1
Gehyra_punctata,1
Gehyra_purpurascens,1
Gehyra_robusta,1
Gehyra_serraticauda,1
Gehyra_spheniscus,1
Gehyra_variegata,1
Gehyra_versicolor,1
Gehyra_vorax,1
Gehyra_xenopus,1
Gekko_aaronbaueri,2
Gekko_adleri,2
Gekko_athymus,2
Gekko_auriverrucosus,2
Gekko_badenii,2
Gekko_bannaense,2
Gekko_boehmei,2
Gekko_bonkowskii,2
Gekko_brooksii,2
Gekko_browni,2
Gekko_canaensis,2
Gekko_canhi,2
Gekko_carusadensis,2
Gekko_chinensis,2
Gekko_coi,2
Gekko_crombota,2
Gekko_ernstkelleri,2
Gekko_gecko,2
Gekko_gigante,2
Gekko_grossmanni,2
Gekko_guishanicus,2
Gekko_gulat,2
Gekko_hokouensis,2
Gekko_horsfieldii,2
Gekko_intermedium,2
Gekko_iskandari,2
Gekko_japonicus,2
Gekko_kaengkrachanense,2
Gekko_kikuchii,2
Gekko_kuhli,2
Gekko_kwangsiensis,2
Gekko_lauhachindai,2
Gekko_liboensis,2
Gekko_lionotum,2
Gekko_melli,2
Gekko_mindorensis,2
Gekko_monarchus,2
Gekko_nadenensis,2
Gekko_nicobarensis,2
Gekko_nutaphandi,2
Gekko_palawanensis,2
Gekko_palmatus,2
Gekko_petricolus,2
Gekko_porosus,2
Gekko_reevesii,2
Gekko_rhacophorus,2
Gekko_romblon,2
Gekko_rossi,2
Gekko_russelltraini,2
Gekko_scabridus,2
Gekko_scientiadventura,2
Gekko_sengchanthavongi,2
Gekko_shibatai,2
Gekko_siamensis,2
Gekko_similignum,2
Gekko_smithii,2
Gekko_sorok,2
Gekko_subpalmatus,2
Gekko_swinhonis,2
Gekko_taibaiensis,2
Gekko_takouensis,2
Gekko_tawaensis,2
Gekko_thakhekensis,2
Gekko_trinotaterra,2
Gekko_truongi,2
Gekko_verreauxi,2
Gekko_vertebralis,2
Gekko_vietnamensis,2
Gekko_vittatus,2
Gekko_wenxianensis,2
Gekko_yakuensis,2
Gelanesaurus_cochranae,1
Gelanesaurus_flavogularis,1
Gelochelidon_macrotarsa,4
Gelochelidon_nilotica,4
Genetta_abyssinica,3
Genetta_angolensis,3
Genetta_bourloni,3
Genetta_cristata,3
Genetta_genetta,3
Genetta_johnstoni,3
Genetta_maculata,3
Genetta_pardina,3
Genetta_piscivora,3
Genetta_poensis,3
Genetta_servalina,3
Genetta_thierryi,3
Genetta_tigrina,3
Genetta_victoriae,3
Gennaeodryas_placens,2
Geobatrachus_walkeri,2
Geobiastes_squamiger,4
Geocalamus_acutus,1
Geocalamus_modestus,1
Geocapromys_brownii,4
Geocapromys_ingrahami,4
Geocerthia_serrana,2
Geochelone_elegans,4
Geoclemys_hamiltonii,4
Geococcyx_californianus,4
Geococcyx_velox,4
Geocolaptes_olivaceus,3
Geocrinia_laevis,2
Geocrinia_leai,2
Geocrinia_victoriana,2
Geoemyda_spengleri,3
Geoffroyus_geoffroyi,4
Geoffroyus_heteroclitus,4
Geoffroyus_hyacinthinus,4
Geoffroyus_simplex,4
Geogale_aurita,1
Geokichla_camaronensis,3
Geokichla_cinerea,3
Geokichla_citrina,3
Geokichla_crossleyi,3
Geokichla_dohertyi,3
Geokichla_dumasi,3
Geokichla_erythronota,3
Geokichla_gurneyi,3
Geokichla_guttata,3
Geokichla_interpres,3
Geokichla_joiceyi,3
Geokichla_leucolaema,3
Geokichla_mendeni,3
Geokichla_oberlaenderi,3
Geokichla_peronii,3
Geokichla_piaggiae,3
Geokichla_princei,3
Geokichla_schistacea,3
Geokichla_sibirica,3
Geokichla_spiloptera,3
Geokichla_wardii,3
Geomalia_heinrichi,3
Geomyersia_coggeri,1
Geomyersia_glabra,1
Geomys_arenarius,2
Geomys_attwateri,2
Geomys_breviceps,2
Geomys_bursarius,2
Geomys_knoxjonesi,2
Geomys_personatus,2
Geomys_pinetis,2
Geomys_texensis,2
Geomys_tropicalis,2
Geopelia_cuneata,3
Geopelia_humeralis,3
Geopelia_maugeus,3
Geopelia_placida,3
Geopelia_striata,3
Geophaps_plumifera,4
Geophaps_scripta,4
Geophaps_smithii,4
Geophis_annuliferus,2
Geophis_anocularis,1
Geophis_bellus,1
Geophis_betaniensis,1
Geophis_bicolor,1
Geophis_blanchardi,1
Geophis_brachycephalus,1
Geophis_cancellatus,1
Geophis_carinosus,1
Geophis_chalybeus,1
Geophis_championi,1
Geophis_damiani,1
Geophis_downsi,1
Geophis_dubius,1
Geophis_duellmani,1
Geophis_dugesii,1
Geophis_dunni,1
Geophis_fulvoguttatus,1
Geophis_godmani,1
Geophis_hoffmanni,1
Geophis_immaculatus,1
Geophis_incomptus,1
Geophis_juarezi,1
Geophis_juliai,1
Geophis_laticinctus,1
Geophis_laticollaris,1
Geophis_latifrontalis,1
Geophis_maculiferus,1
Geophis_mutitorques,1
Geophis_nasalis,1
Geophis_nephodrymus,1
Geophis_nigroalbus,1
Geophis_nigrocinctus,1
Geophis_omiltemanus,1
Geophis_petersii,1
Geophis_pyburni,1
Geophis_rhodogaster,1
Geophis_russatus,1
Geophis_ruthveni,1
Geophis_sallaei,1
Geophis_sanniolus,2
Geophis_sartorii,2
Geophis_semidoliatus,1
Geophis_sieboldi,1
Geophis_talamancae,1
Geophis_tarascae,1
Geophis_tectus,1
Geophis_zeledoni,1
Georychus_capensis,2
Geoscincus_haraldmeieri,1
Geositta_antarctica,2
Geositta_crassirostris,2
Geositta_cunicularia,2
Geositta_isabellina,2
Geositta_maritima,2
Geositta_peruviana,2
Geositta_poeciloptera,2
Geositta_punensis,2
Geositta_rufipennis,2
Geositta_saxicolina,2
Geositta_tenuirostris,2
Geospiza_acutirostris,1
Geospiza_conirostris,1
Geospiza_difficilis,1
Geospiza_fortis,1
Geospiza_fuliginosa,1
Geospiza_heliobates,1
Geospiza_magnirostris,2
Geospiza_pallida,1
Geospiza_parvula,1
Geospiza_pauper,1
Geospiza_propinqua,1
Geospiza_psittacula,1
Geospiza_scandens,1
Geospiza_septentrionalis,1
Geospizopsis_plebejus,2
Geospizopsis_unicolor,2
Geothlypis_aequinoctialis,1
Geothlypis_auricularis,1
Geothlypis_bairdi,1
Geothlypis_beldingi,1
Geothlypis_chiriquensis,1
Geothlypis_flavovelata,1
Geothlypis_formosa,1
Geothlypis_nelsoni,1
Geothlypis_philadelphia,1
Geothlypis_poliocephala,1
Geothlypis_rostrata,1
Geothlypis_semiflava,1
Geothlypis_speciosa,1
Geothlypis_tolmiei,1
Geothlypis_trichas,1
Geotrygon_caniceps,2
Geotrygon_chrysia,2
Geotrygon_leucometopia,2
Geotrygon_montana,2
Geotrygon_mystacea,2
Geotrygon_purpurata,2
Geotrygon_saphirina,2
Geotrygon_versicolor,2
Geotrygon_violacea,2
Geotrypetes_angeli,3
Geotrypetes_pseudoangeli,3
Geotrypetes_seraphini,3
Geoxus_annectens,1
Geoxus_valdivianus,1
Gephyromantis_ambohitra,2
Gephyromantis_asper,2
Gephyromantis_atsingy,2
Gephyromantis_azzurrae,2
Gephyromantis_blanci,2
Gephyromantis_boulengeri,2
Gephyromantis_cornutus,2
Gephyromantis_corvus,2
Gephyromantis_decaryi,2
Gephyromantis_eiselti,2
Gephyromantis_enki,2
Gephyromantis_granulatus,2
Gephyromantis_hintelmannae,2
Gephyromantis_horridus,2
Gephyromantis_klemmeri,2
Gephyromantis_leucocephalus,2
Gephyromantis_leucomaculatus,2
Gephyromantis_luteus,2
Gephyromantis_mafy,2
Gephyromantis_malagasius,2
Gephyromantis_moseri,2
Gephyromantis_plicifer,2
Gephyromantis_pseudoasper,2
Gephyromantis_ranjomavo,2
Gephyromantis_redimitus,2
Gephyromantis_rivicola,2
Gephyromantis_runewsweeki,2
Gephyromantis_salegy,2
Gephyromantis_schilfi,2
Gephyromantis_sculpturatus,2
Gephyromantis_silvanus,2
Gephyromantis_spiniferus,2
Gephyromantis_striatus,2
Gephyromantis_tahotra,2
Gephyromantis_tandroka,2
Gephyromantis_thelenae,2
Gephyromantis_tschenki,2
Gephyromantis_ventrimaculatus,2
Gephyromantis_verrucosus,2
Gephyromantis_webbi,2
Gephyromantis_zavona,2
Geranoaetus_albicaudatus,4
Geranoaetus_melanoleucus,4
Geranoaetus_polyosoma,4
Geranospiza_caerulescens,4
Gerarda_prevostiana,2
Gerbilliscus_afra,1
Gerbilliscus_boehmi,1
Gerbilliscus_brantsii,1
Gerbilliscus_gambiana,1
Gerbilliscus_guineae,1
Gerbilliscus_inclusus,1
Gerbilliscus_kempi,1
Gerbilliscus_leucogaster,1
Gerbilliscus_nigricaudus,1
Gerbilliscus_phillipsi,1
Gerbilliscus_robustus,1
Gerbilliscus_validus,1
Gerbillurus_paeba,1
Gerbillurus_setzeri,1
Gerbillurus_tytonis,1
Gerbillurus_vallinus,1
Gerbillus_amoenus,1
Gerbillus_andersoni,1
Gerbillus_aquilus,1
Gerbillus_bottai,1
Gerbillus_campestris,1
Gerbillus_cheesmani,1
Gerbillus_cosensis,1
Gerbillus_dasyurus,1
Gerbillus_dunni,1
Gerbillus_famulus,1
Gerbillus_floweri,1
Gerbillus_gerbillus,1
Gerbillus_gleadowi,1
Gerbillus_harwoodi,1
Gerbillus_henleyi,1
Gerbillus_hoogstraali,1
Gerbillus_juliani,1
Gerbillus_latastei,1
Gerbillus_lowei,1
Gerbillus_mackillingini,1
Gerbillus_maghrebi,1
Gerbillus_mesopotamiae,1
Gerbillus_nancillus,1
Gerbillus_nanus,1
Gerbillus_nigeriae,1
Gerbillus_occiduus,1
Gerbillus_percivali,1
Gerbillus_perpallidus,1
Gerbillus_poecilops,1
Gerbillus_principulus,1
Gerbillus_pulvinatus,1
Gerbillus_pusillus,1
Gerbillus_pyramidum,1
Gerbillus_rosalinda,1
Gerbillus_rupicola,1
Gerbillus_simoni,1
Gerbillus_somalicus,1
Gerbillus_stigmonyx,1
Gerbillus_tarabuli,1
Gerbillus_watersi,1
Geronticus_calvus,4
Geronticus_eremita,4
Gerrhonotus_infernalis,3
Gerrhonotus_liocephalus,3
Gerrhonotus_ophiurus,3
Gerrhonotus_parvus,3
Gerrhonotus_rhombifer,3
Gerrhopilus_andamanensis,1
Gerrhopilus_ater,1
Gerrhopilus_beddomii,1
Gerrhopilus_bisubocularis,1
Gerrhopilus_ceylonicus,1
Gerrhopilus_depressiceps,1
Gerrhopilus_floweri,1
Gerrhopilus_fredparkeri,1
Gerrhopilus_hades,1
Gerrhopilus_hedraeus,1
Gerrhopilus_inornatus,1
Gerrhopilus_mcdowelli,1
Gerrhopilus_mirus,1
Gerrhopilus_oligolepis,1
Gerrhopilus_thurstoni,1
Gerrhopilus_tindalli,1
Gerrhosaurus_auritus,3
Gerrhosaurus_bulsi,3
Gerrhosaurus_flavigularis,3
Gerrhosaurus_intermedius,3
Gerrhosaurus_multilineatus,3
Gerrhosaurus_nigrolineatus,3
Gerrhosaurus_skoogi,3
Gerrhosaurus_typicus,3
Gerygone_albofrontata,1
Gerygone_chloronota,1
Gerygone_chrysogaster,1
Gerygone_citrina,1
Gerygone_dorsalis,1
Gerygone_flavolateralis,1
Gerygone_fusca,1
Gerygone_hypoxantha,1
Gerygone_igata,1
Gerygone_inornata,1
Gerygone_levigaster,1
Gerygone_magnirostris,1
Gerygone_mouki,1
Gerygone_olivacea,1
Gerygone_palpebrosa,1
Gerygone_ruficollis,1
Gerygone_sulphurea,1
Gerygone_tenebrosa,1
Ghatixalus_asterops,1
Ghatixalus_magnus,1
Ghatixalus_variabilis,1
Ghatophryne_ornata,2
Ghatophryne_rubigina,2
Giraffa_camelopardalis,4
Glandirana_emeljanovi,3
Glandirana_minima,3
Glandirana_rugosa,3
Glandirana_susurra,3
Glandirana_tientaiensis,3
Glaphyromorphus_arnhemicus,2
Glaphyromorphus_clandestinus,2
Glaphyromorphus_cracens,2
Glaphyromorphus_crassicaudus,2
Glaphyromorphus_darwiniensis,2
Glaphyromorphus_fuscicaudis,2
Glaphyromorphus_mjobergi,2
Glaphyromorphus_nigricaudis,2
Glaphyromorphus_nyanchupinta,2
Glaphyromorphus_othelarrni,2
Glaphyromorphus_pumilus,2
Glaphyromorphus_punctulatus,2
Glareola_cinerea,3
Glareola_lactea,3
Glareola_maldivarum,3
Glareola_nordmanni,3
Glareola_nuchalis,3
Glareola_ocularis,3
Glareola_pratincola,3
Glaucidium_albertinum,3
Glaucidium_bolivianum,3
Glaucidium_brasilianum,3
Glaucidium_brodiei,3
Glaucidium_californicum,3
Glaucidium_capense,3
Glaucidium_castaneum,3
Glaucidium_castanopterum,3
Glaucidium_castanotum,3
Glaucidium_cobanense,3
Glaucidium_costaricanum,3
Glaucidium_cuculoides,3
Glaucidium_gnoma,3
Glaucidium_griseiceps,3
Glaucidium_hardyi,3
Glaucidium_hoskinsii,3
Glaucidium_jardinii,3
Glaucidium_minutissimum,3
Glaucidium_mooreorum,3
Glaucidium_nana,3
Glaucidium_nubicola,3
Glaucidium_palmarum,3
Glaucidium_parkeri,3
Glaucidium_passerinum,3
Glaucidium_perlatum,3
Glaucidium_peruanum,3
Glaucidium_radiatum,3
Glaucidium_sanchezi,3
Glaucidium_siju,3
Glaucidium_sjostedti,3
Glaucidium_tephronotum,3
Glaucidium_tucumanum,3
Glaucis_aeneus,1
Glaucis_dohrnii,1
Glaucis_hirsutus,1
Glaucomastix_abaetensis,2
Glaucomastix_cyanura,2
Glaucomastix_littoralis,2
Glaucomastix_venetacauda,2
Glaucomys_sabrinus,2
Glaucomys_volans,2
Glauconycteris_alboguttata,2
Glauconycteris_argentata,2
Glauconycteris_beatrix,2
Glauconycteris_curryae,2
Glauconycteris_egeria,2
Glauconycteris_gleni,2
Glauconycteris_humeralis,2
Glauconycteris_machadoi,2
Glauconycteris_poensis,2
Glauconycteris_superba,2
Glauconycteris_variegata,2
Gliciphila_melanops,2
Gliciphila_notabilis,2
Gliciphila_undulata,2
Glironia_venusta,2
Glirulus_japonicus,1
Glis_glis,3
Glischropus_bucephalus,1
Glischropus_javanus,1
Glischropus_tylopus,1
Glossophaga_commissarisi,2
Glossophaga_leachii,2
Glossophaga_longirostris,2
Glossophaga_morenoi,2
Glossophaga_soricina,2
Glossopsitta_concinna,3
Glossopsitta_porphyrocephala,3
Glossopsitta_pusilla,2
Gloydius_blomhoffii,3
Gloydius_brevicauda,3
Gloydius_halys,3
Gloydius_himalayanus,3
Gloydius_intermedius,3
Gloydius_monticola,3
Gloydius_rickmersi,3
Gloydius_shedaoensis,3
Gloydius_strauchi,3
Gloydius_tsushimaensis,3
Gloydius_ussuriensis,3
Glycichaera_fallax,1
Glyphoglossus_brooksii,2
Glyphoglossus_capsus,2
Glyphoglossus_flavus,2
Glyphoglossus_guttulatus,2
Glyphoglossus_minutus,2
Glyphoglossus_molossus,2
Glyphoglossus_smithi,2
Glyphoglossus_volzi,2
Glyphoglossus_yunnanensis,2
Glyphonycteris_behnii,2
Glyphonycteris_daviesi,2
Glyphonycteris_sylvestris,2
Glyphorynchus_spirurus,1
Glyphotes_simus,2
Gnorimopsar_chopi,3
Gnypetoscincus_queenslandiae,2
Goethalsia_bella,1
Goggia_braacki,1
Goggia_essexi,1
Goggia_gemmula,1
Goggia_hewitti,1
Goggia_hexapora,1
Goggia_incognita,1
Goggia_lineata,1
Goggia_matzikamaensis,1
Goggia_microlepidota,1
Goggia_rupicola,1
Goldmania_violiceps,1
Golunda_ellioti,2
Gomesophis_brasiliensis,2
Gonatodes_albogularis,1
Gonatodes_alexandermendesi,1
Gonatodes_annularis,1
Gonatodes_antillensis,1
Gonatodes_astralis,1
Gonatodes_atricucullaris,1
Gonatodes_caudiscutatus,1
Gonatodes_ceciliae,1
Gonatodes_concinnatus,1
Gonatodes_daudini,1
Gonatodes_eladioi,1
Gonatodes_falconensis,1
Gonatodes_hasemani,1
Gonatodes_humeralis,1
Gonatodes_infernalis,1
Gonatodes_lichenosus,1
Gonatodes_ligiae,1
Gonatodes_nascimentoi,1
Gonatodes_naufragus,1
Gonatodes_ocellatus,1
Gonatodes_petersi,1
Gonatodes_purpurogularis,1
Gonatodes_riveroi,1
Gonatodes_rozei,1
Gonatodes_seigliei,1
Gonatodes_superciliaris,1
Gonatodes_taniae,1
Gonatodes_tapajonicus,1
Gonatodes_timidus,1
Gonatodes_vittatus,1
Gongylomorphus_bojerii,2
Gongylomorphus_fontenayi,2
Gongylosoma_baliodeira,2
Gongylosoma_calamaria,2
Gongylosoma_frenata,2
Gongylosoma_longicaudus,2
Gongylosoma_mukutense,2
Gongylosoma_nicobariensis,2
Gongylosoma_scriptum,2
Gonionotophis_brussauxi,3
Gonionotophis_grantii,3
Gonionotophis_klingi,3
Goniurosaurus_araneus,3
Goniurosaurus_bawanglingensis,3
Goniurosaurus_catbaensis,3
Goniurosaurus_hainanensis,3
Goniurosaurus_huuliensis,3
Goniurosaurus_kuroiwae,3
Goniurosaurus_liboensis,3
Goniurosaurus_lichtenfelderi,3
Goniurosaurus_luii,3
Goniurosaurus_orientalis,3
Goniurosaurus_splendens,3
Goniurosaurus_toyamai,3
Goniurosaurus_yamashinae,3
Goniurosaurus_zhelongi,3
Goniurosaurus_zhoui,3
Gonocephalus_abbotti,3
Gonocephalus_bellii,3
Gonocephalus_beyschlagi,3
Gonocephalus_bornensis,3
Gonocephalus_chamaeleontinus,3
Gonocephalus_doriae,3
Gonocephalus_grandis,3
Gonocephalus_interruptus,3
Gonocephalus_klossi,3
Gonocephalus_kuhlii,3
Gonocephalus_lacunosus,3
Gonocephalus_liogaster,3
Gonocephalus_megalepis,3
Gonocephalus_mjobergi,3
Gonocephalus_semperi,3
Gonocephalus_sophiae,3
Gonyosoma_boulengeri,3
Gonyosoma_frenatum,3
Gonyosoma_hainanense,3
Gonyosoma_jansenii,3
Gonyosoma_margaritatum,3
Gonyosoma_oxycephalum,3
Gonyosoma_prasinum,3
Goodfellowia_miranda,3
Gopherus_agassizii,4
Gopherus_evgoodei,4
Gopherus_flavomarginatus,4
Gopherus_morafkai,4
Gorilla_beringei,4
Gorilla_gorilla,4
Gorsachius_goisagi,4
Gorsachius_magnificus,4
Gorsachius_melanolophus,4
Goura_cristata,4
Goura_scheepmakeri,4
Goura_sclaterii,4
Goura_victoria,4
Gowidon_longirostris,2
Gracililima_nyassae,2
Gracilimus_radix,1
Gracilinanus_aceramarcae,1
Gracilinanus_agilis,1
Gracilinanus_dryas,1
Gracilinanus_emiliae,1
Gracilinanus_marica,1
Gracilinanus_microtarsus,1
Graciliscincus_shonae,1
Gracixalus_ananjevae,1
Gracixalus_carinensis,1
Gracixalus_gracilipes,1
Gracixalus_guangdongensis,1
Gracixalus_jinggangensis,1
Gracixalus_jinxiuensis,1
Gracixalus_lumarius,1
Gracixalus_medogensis,1
Gracixalus_nonggangensis,1
Gracixalus_quangi,1
Gracixalus_quyeti,1
Gracixalus_sapaensis,1
Gracixalus_seesom,1
Gracixalus_supercornutus,1
Gracixalus_tianlinensis,1
Gracixalus_yunnanensis,1
Gracula_indica,4
Gracula_ptilogenys,4
Gracula_religiosa,4
Gracula_robusta,4
Gracula_venerata,4
Gracupica_contra,4
Gracupica_jalla,4
Gracupica_nigricollis,4
Grafisia_torquata,3
Grallaria_albigula,3
Grallaria_alleni,3
Grallaria_alticola,3
Grallaria_andicolus,3
Grallaria_atuensis,3
Grallaria_bangsi,3
Grallaria_blakei,3
Grallaria_capitalis,3
Grallaria_carrikeri,3
Grallaria_chthonia,3
Grallaria_dignissima,3
Grallaria_eludens,3
Grallaria_erythroleuca,3
Grallaria_erythrotis,3
Grallaria_excelsa,4
Grallaria_fenwickorum,3
Grallaria_flavotincta,3
Grallaria_gigantea,4
Grallaria_griseonucha,3
Grallaria_guatimalensis,3
Grallaria_haplonota,3
Grallaria_hypoleuca,3
Grallaria_kaestneri,3
Grallaria_milleri,3
Grallaria_nuchalis,3
Grallaria_przewalskii,3
Grallaria_quitensis,3
Grallaria_ridgelyi,3
Grallaria_ruficapilla,3
Grallaria_rufocinerea,3
Grallaria_rufula,3
Grallaria_saltuensis,3
Grallaria_squamigera,4
Grallaria_varia,3
Grallaria_watkinsi,3
Grallaricula_cucullata,2
Grallaricula_cumanensis,2
Grallaricula_ferrugineipectus,2
Grallaricula_flavirostris,2
Grallaricula_leymebambae,2
Grallaricula_lineifrons,2
Grallaricula_loricata,2
Grallaricula_nana,2
Grallaricula_ochraceifrons,2
Grallaricula_peruviana,2
Grallina_bruijnii,3
Grallina_cyanoleuca,3
Graminicola_bengalensis,2
Graminicola_striatus,2
Grammatoptila_striata,3
Grammomys_aridulus,2
Grammomys_buntingi,2
Grammomys_caniceps,2
Grammomys_cometes,2
Grammomys_dolichurus,2
Grammomys_dryas,2
Grammomys_gigas,2
Grammomys_ibeanus,2
Grammomys_kuru,2
Grammomys_macmillani,2
Grammomys_minnae,2
Grammomys_selousi,2
Granatellus_francescae,1
Granatellus_paraensis,1
Granatellus_pelzelni,1
Granatellus_sallaei,1
Granatellus_venustus,1
Granatina_granatina,1
Granatina_ianthinogaster,1
Grandala_coelicolor,3
Grandidierina_fierinensis,1
Grandidierina_lineata,1
Grandidierina_petiti,1
Grandidierina_rubrocaudata,1
Grantiella_picta,2
Graomys_chacoensis,2
Graomys_domorum,2
Graomys_edithae,2
Graomys_griseoflavus,2
Graphiurus_angolensis,2
Graphiurus_christyi,2
Graphiurus_crassicaudatus,2
Graphiurus_johnstoni,2
Graphiurus_kelleni,2
Graphiurus_lorraineus,2
Graphiurus_microtis,2
Graphiurus_monardi,2
Graphiurus_murinus,2
Graphiurus_nagtglasii,2
Graphiurus_ocularis,2
Graphiurus_platyops,2
Graphiurus_rupicola,2
Graphiurus_surdus,2
Graphiurus_walterverheyeni,2
Graptemys_barbouri,4
Graptemys_ernsti,4
Graptemys_gibbonsi,4
Graptemys_pearlensis,4
Graptemys_pulchra,4
Graueria_vittata,2
Graydidascalus_brachyurus,2
Grayia_caesar,3
Grayia_ornata,3
Grayia_smithii,3
Grayia_tholloni,3
Griseotyrannus_aurantioatrocristatus,3
Grus_americana,4
Grus_grus,4
Grus_japonensis,4
Grus_monacha,4
Grus_nigricollis,4
Grypotyphlops_acutus,2
Guadalcanaria_inexpectata,2
Guaruba_guarouba,4
Gubernatrix_cristata,3
Gubernetes_yetapa,3
Guibemantis_albolineatus,2
Guibemantis_annulatus,2
Guibemantis_bicalcaratus,2
Guibemantis_depressiceps,2
Guibemantis_diphonus,2
Guibemantis_flavobrunneus,2
Guibemantis_kathrinae,2
Guibemantis_liber,2
Guibemantis_methueni,2
Guibemantis_pulcher,2
Guibemantis_punctatus,2
Guibemantis_tasifotsy,2
Guibemantis_timidus,2
Guibemantis_tornieri,2
Guibemantis_wattersoni,2
Guira_guira,4
Gulo_gulo,4
Guttera_edouardi,4
Guttera_plumifera,4
Guttera_pucherani,4
Guttera_verreauxi,4
Guyramemua_affinis,1
Gyalopion_canum,2
Gyalopion_quadrangulare,2
Gyiophis_vorisi,2
Gyldenstolpia_fronto,2
Gymnobelideus_leadbeateri,3
Gymnobucco_bonapartei,3
Gymnobucco_calvus,3
Gymnobucco_cinereiceps,3
Gymnobucco_peli,3
Gymnobucco_sladeni,3
Gymnobucco_vernayi,3
Gymnocichla_nudiceps,2
Gymnocrex_plumbeiventris,4
Gymnocrex_rosenbergii,4
Gymnocrex_talaudensis,4
Gymnodactylus_amarali,1
Gymnodactylus_darwinii,1
Gymnodactylus_geckoides,1
Gymnodactylus_guttulatus,1
Gymnodactylus_vanzolinii,1
Gymnoderus_foetidus,4
Gymnogyps_californianus,4
Gymnomystax_mexicanus,3
Gymnomyza_aubryana,4
Gymnomyza_brunneirostris,4
Gymnomyza_viridis,4
Gymnophaps_albertisii,4
Gymnophaps_mada,4
Gymnophaps_solomonensis,4
Gymnophaps_stalkeri,4
Gymnophthalmus_cryptus,1
Gymnophthalmus_leucomystax,1
Gymnophthalmus_lineatus,1
Gymnophthalmus_pleii,1
Gymnophthalmus_speciosus,1
Gymnophthalmus_underwoodi,1
Gymnophthalmus_vanzoi,1
Gymnopis_multiplicata,3
Gymnopis_syntrema,3
Gymnopithys_bicolor,2
Gymnopithys_leucaspis,2
Gymnopithys_rufigula,2
Gymnorhina_tibicen,4
Gymnorhinus_cyanocephalus,3
Gymnoris_dentata,2
Gymnoris_pyrgita,2
Gymnoris_superciliaris,2
Gymnoris_xanthocollis,2
Gymnuromys_roberti,3
Gypaetus_barbatus,4
Gypohierax_angolensis,4
Gyps_africanus,4
Gyps_bengalensis,4
Gyps_coprotheres,4
Gyps_fulvus,4
Gyps_himalayensis,4
Gyps_indicus,4
Gyps_rueppelli,4
Gyps_tenuirostris,4
Gyrinophilus_palleucus,3
Gyrinophilus_porphyriticus,3
Gyrinophilus_subterraneus,3
Haackgreerius_miopus,1
Habia_atrimaxillaris,3
Habia_carmioli,3
Habia_cristata,3
Habia_frenata,3
Habia_fuscicauda,3
Habia_gutturalis,3
Habia_olivacea,3
Habia_rubica,3
Habia_stolzmanni,3
Habromys_chinanteco,2
Habromys_delicatulus,2
Habromys_ixtlani,2
Habromys_lepturus,2
Habromys_lophurus,2
Habromys_schmidlyi,2
Habromys_simulatus,2
Habrophallos_collaris,1
Habroptila_wallacii,4
Haddadus_aramunha,1
Haddadus_binotatus,1
Haddadus_plicifer,1
Hadromophryne_natalensis,2
Hadromys_humei,3
Haematoderus_militaris,4
Haematopus_finschi,4
Haematopus_leucopodus,4
Haematopus_ostralegus,4
Haematortyx_sanguiniceps,4
Haemodracon_riebeckii,2
Haemodracon_trachyrhinus,2
Haemorhous_cassinii,2
Haemorhous_mexicanus,2
Haemorhous_purpureus,2
Haeromys_margarettae,1
Haeromys_minahassae,1
Haeromys_pusillus,1
Hafferia_fortis,3
Hafferia_immaculata,3
Hafferia_zeledoni,3
Haitiophis_anomalus,3
Hakaria_simonyi,1
Halcyon_albiventris,3
Halcyon_badia,3
Halcyon_chelicuti,3
Halcyon_coromanda,3
Halcyon_cyanoventris,3
Halcyon_gularis,3
Halcyon_leucocephala,3
Halcyon_malimbica,3
Halcyon_pileata,3
Halcyon_senegalensis,3
Halcyon_senegaloides,3
Halcyon_smyrnensis,3
Haliaeetus_albicilla,4
Haliaeetus_leucocephalus,4
Haliaeetus_leucogaster,4
Haliaeetus_leucoryphus,4
Haliaeetus_pelagicus,4
Haliaeetus_sanfordi,4
Haliaeetus_vocifer,4
Haliaeetus_vociferoides,4
Haliastur_indus,4
Haliastur_sphenurus,4
Halmaheramys_bokimekot,2
Halobaena_caerulea,4
Hamirostra_melanosternon,4
Hamptophryne_alios,2
Hamptophryne_boliviana,2
Handleyomys_alfaroi,2
Handleyomys_chapmani,2
Handleyomys_fuscatus,2
Handleyomys_intectus,2
Handleyomys_melanotis,2
Handleyomys_rhabdops,2
Handleyomys_rostratus,2
Handleyomys_saturatior,2
Hapalemur_alaotrensis,4
Hapalemur_aureus,4
Hapalemur_griseus,4
Hapalemur_meridionalis,4
Hapalemur_occidentalis,4
Hapalocrex_flaviventer,2
Hapalomys_delacouri,2
Hapalomys_longicaudatus,2
Hapalopsittaca_amazonina,4
Hapalopsittaca_fuertesi,4
Hapalopsittaca_melanotis,4
Hapalopsittaca_pyrrhops,4
Hapaloptila_castanea,3
Haplonycteris_fischeri,2
Haplophaedia_assimilis,1
Haplophaedia_aureliae,1
Haplophaedia_lugens,1
Haplospiza_unicolor,1
Hapsidophrys_lineata,3
Hapsidophrys_principis,3
Hapsidophrys_smaragdina,3
Hardella_thurjii,4
Harpactes_ardens,3
Harpactes_diardii,3
Harpactes_duvaucelii,3
Harpactes_erythrocephalus,3
Harpactes_fasciatus,3
Harpactes_kasumba,3
Harpactes_oreskios,3
Harpactes_orrhophaeus,3
Harpactes_wardi,3
Harpactes_whiteheadi,3
Harpagus_bidentatus,4
Harpagus_diodon,4
Harpesaurus_beccarii,2
Harpesaurus_borneensis,2
Harpesaurus_brooksi,2
Harpesaurus_ensicauda,2
Harpia_harpyja,4
Harpiocephalus_harpia,3
Harpiola_grisea,2
Harpiola_isodon,2
Harpyionycteris_celebensis,4
Harpyionycteris_whiteheadi,4
Harpyopsis_novaeguineae,4
Harrisoniascincus_zia,2
Hartertula_flavoviridis,2
Hartlaubius_auratus,3
Hebius_andreae,2
Hebius_annamensis,2
Hebius_arquus,2
Hebius_atemporalis,2
Hebius_bitaeniatus,2
Hebius_boulengeri,2
Hebius_celebicus,2
Hebius_chapaensis,2
Hebius_clerki,2
Hebius_concelarus,2
Hebius_craspedogaster,2
Hebius_deschauenseei,2
Hebius_frenatus,2
Hebius_groundwateri,2
Hebius_inas,2
Hebius_ishigakiensis,2
Hebius_johannis,2
Hebius_khasiensis,2
Hebius_lacrima,2
Hebius_leucomystax,2
Hebius_metusia,2
Hebius_miyajimae,2
Hebius_modestus,2
Hebius_nicobariensis,2
Hebius_octolineatus,2
Hebius_optatus,2
Hebius_parallelus,2
Hebius_popei,2
Hebius_pryeri,2
Hebius_sanguineus,2
Hebius_sangzhiensis,2
Hebius_sarasinorum,2
Hebius_sarawacensis,2
Hebius_sauteri,2
Hebius_septemlineatus,2
Hebius_taronensis,2
Hebius_venningi,2
Hebius_vibakari,2
Hebius_viperinus,2
Hebius_weixiensis,2
Hebius_yanbianensis,2
Hedydipna_collaris,1
Hedydipna_metallica,1
Hedydipna_pallidigaster,1
Hedydipna_platura,1
Heimyscus_fumosus,1
Heinrichia_calligyna,2
Heinrichia_simplex,2
Helarctos_malayanus,4
Heleia_crassirostris,2
Heleia_dohertyi,2
Heleia_goodfellowi,2
Heleia_javanica,2
Heleia_muelleri,2
Heleia_pinaiae,2
Heleia_squamiceps,2
Heleia_squamifrons,2
Heleia_superciliaris,2
Heleia_wallacei,2
Heleioporus_albopunctatus,3
Heleioporus_australiacus,3
Heleioporus_barycragus,3
Heleioporus_eyrei,3
Heleioporus_inornatus,3
Heleioporus_psammophilus,3
Heleophryne_depressa,3
Heleophryne_hewitti,3
Heleophryne_orientalis,3
Heleophryne_purcelli,3
Heleophryne_regis,3
Heleophryne_rosei,3
Heliactin_bilophus,1
Heliangelus_amethysticollis,1
Heliangelus_clarisse,1
Heliangelus_exortis,1
Heliangelus_mavors,1
Heliangelus_micraster,1
Heliangelus_regalis,1
Heliangelus_spencei,1
Heliangelus_strophianus,1
Heliangelus_viola,1
Helicolestes_hamatus,4
Helicops_angulatus,2
Helicops_apiaka,2
Helicops_carinicaudus,2
Helicops_danieli,2
Helicops_gomesi,2
Helicops_hagmanni,2
Helicops_infrataeniatus,2
Helicops_leopardinus,2
Helicops_modestus,2
Helicops_pastazae,2
Helicops_petersi,2
Helicops_polylepis,2
Helicops_scalaris,2
Helicops_tapajonicus,2
Helicops_trivittatus,2
Helicops_yacu,2
Heliobletus_contaminatus,2
Heliobolus_lugubris,2
Heliobolus_neumanni,2
Heliobolus_nitidus,2
Heliobolus_spekii,2
Heliodoxa_aurescens,1
Heliodoxa_branickii,1
Heliodoxa_gularis,1
Heliodoxa_imperatrix,1
Heliodoxa_jacula,1
Heliodoxa_leadbeateri,1
Heliodoxa_rubinoides,1
Heliodoxa_schreibersii,1
Heliodoxa_whitelyana,1
Heliodoxa_xanthogonys,1
Heliomaster_constantii,1
Heliomaster_furcifer,1
Heliomaster_longirostris,1
Heliomaster_squamosus,1
Heliopais_personatus,4
Heliophobius_argenteocinereus,3
Heliornis_fulica,3
Heliosciurus_gambianus,3
Heliosciurus_mutabilis,3
Heliosciurus_punctatus,3
Heliosciurus_rufobrachium,3
Heliosciurus_ruwenzorii,3
Heliosciurus_undulatus,3
Heliothryx_auritus,1
Heliothryx_barroti,1
Hellenolacerta_graeca,2
Hellmayrea_gularis,2
Helminthophis_flavoterminatus,1
Helminthophis_frontalis,1
Helminthophis_praeocularis,1
Helmitheros_vermivorum,1
Heloderma_alvarezi,3
Heloderma_exasperatum,3
Heloderma_horridum,3
Heloderma_suspectum,3
Helogale_hirtula,3
Helogale_parvula,3
Helophis_schoutedeni,2
Hemachatus_haemachatus,2
Hemerophis_socotrae,2
Hemiaspis_damelii,2
Hemiaspis_signata,2
Hemibelideus_lemuroides,4
Hemibungarus_calligaster,2
Hemibungarus_gemianulis,2
Hemibungarus_mcclungi,2
Hemicentetes_nigriceps,2
Hemicentetes_semispinosus,2
Hemicircus_canente,2
Hemicircus_concretus,2
Hemicircus_sordidus,2
Hemicordylus_capensis,2
Hemicordylus_nebulosus,2
Hemidactylium_scutatum,1
Hemidactylus_aaronbaueri,2
Hemidactylus_agrius,2
Hemidactylus_albituberculatus,2
Hemidactylus_albivertebralis,2
Hemidactylus_albofasciatus,2
Hemidactylus_albopunctatus,2
Hemidactylus_angulatus,2
Hemidactylus_ansorgii,2
Hemidactylus_aporus,2
Hemidactylus_aquilonius,2
Hemidactylus_arnoldi,2
Hemidactylus_barbierii,2
Hemidactylus_barodanus,2
Hemidactylus_bavazzanoi,2
Hemidactylus_bayonii,2
Hemidactylus_beninensis,2
Hemidactylus_biokoensis,2
Hemidactylus_boavistensis,2
Hemidactylus_bouvieri,2
Hemidactylus_bowringii,2
Hemidactylus_brasilianus,2
Hemidactylus_brookii,2
Hemidactylus_chikhaldaraensis,2
Hemidactylus_chipkali,2
Hemidactylus_citernii,2
Hemidactylus_coalescens,2
Hemidactylus_craspedotus,2
Hemidactylus_curlei,2
Hemidactylus_depressus,2
Hemidactylus_dracaenacolus,2
Hemidactylus_echinus,2
Hemidactylus_eniangii,2
Hemidactylus_fasciatus,2
Hemidactylus_flaviviridis,2
Hemidactylus_forbesii,2
Hemidactylus_foudaii,2
Hemidactylus_fragilis,2
Hemidactylus_frenatus,2
Hemidactylus_funaiolii,2
Hemidactylus_garnotii,2
Hemidactylus_giganteus,2
Hemidactylus_gleadowi,2
Hemidactylus_gracilis,2
Hemidactylus_granchii,2
Hemidactylus_graniticolus,2
Hemidactylus_granti,2
Hemidactylus_greeffii,2
Hemidactylus_gubanensis,2
Hemidactylus_gujaratensis,2
Hemidactylus_hajarensis,2
Hemidactylus_hemchandrai,2
Hemidactylus_homoeolepis,2
Hemidactylus_huluul,2
Hemidactylus_hunae,2
Hemidactylus_imbricatus,2
Hemidactylus_inexpectatus,2
Hemidactylus_inintellectus,2
Hemidactylus_isolepis,2
Hemidactylus_ituriensis,2
Hemidactylus_jubensis,2
Hemidactylus_kamdemtohami,2
Hemidactylus_kangerensis,2
Hemidactylus_karenorum,2
Hemidactylus_klauberi,2
Hemidactylus_kolliensis,2
Hemidactylus_kundaensis,2
Hemidactylus_kushmorensis,2
Hemidactylus_laevis,2
Hemidactylus_lamaensis,2
Hemidactylus_laticaudatus,2
Hemidactylus_lemurinus,2
Hemidactylus_leschenaultii,2
Hemidactylus_longicephalus,2
Hemidactylus_lopezjuradoi,2
Hemidactylus_luqueorum,2
Hemidactylus_mabouia,2
Hemidactylus_macropholis,2
Hemidactylus_maculatus,2
Hemidactylus_makolowodei,2
Hemidactylus_malcolmsmithi,2
Hemidactylus_masirahensis,2
Hemidactylus_matschiei,2
Hemidactylus_megalops,2
Hemidactylus_mercatorius,2
Hemidactylus_mindiae,2
Hemidactylus_modestus,2
Hemidactylus_muriceus,2
Hemidactylus_newtoni,2
Hemidactylus_ophiolepis,2
Hemidactylus_ophiolepoides,2
Hemidactylus_oxyrhinus,2
Hemidactylus_paaragowli,2
Hemidactylus_palaichthus,2
Hemidactylus_parvimaculatus,2
Hemidactylus_paucituberculatus,2
Hemidactylus_persicus,2
Hemidactylus_pieresii,2
Hemidactylus_platycephalus,2
Hemidactylus_platyurus,2
Hemidactylus_prashadi,2
Hemidactylus_principensis,2
Hemidactylus_pseudomuriceus,2
Hemidactylus_puccionii,2
Hemidactylus_pumilio,2
Hemidactylus_reticulatus,2
Hemidactylus_richardsonii,2
Hemidactylus_robustus,2
Hemidactylus_ruspolii,2
Hemidactylus_sahgali,2
Hemidactylus_sankariensis,2
Hemidactylus_sataraensis,2
Hemidactylus_scabriceps,2
Hemidactylus_sinaitus,2
Hemidactylus_siva,2
Hemidactylus_smithi,2
Hemidactylus_somalicus,2
Hemidactylus_squamulatus,2
Hemidactylus_stejnegeri,2
Hemidactylus_sushilduttai,2
Hemidactylus_tanganicus,2
Hemidactylus_tasmani,2
Hemidactylus_taylori,2
Hemidactylus_tenkatei,2
Hemidactylus_thayene,2
Hemidactylus_treutleri,2
Hemidactylus_triedrus,2
Hemidactylus_tropidolepis,2
Hemidactylus_turcicus,2
Hemidactylus_vanam,2
Hemidactylus_varadgirii,2
Hemidactylus_vietnamensis,2
Hemidactylus_vijayraghavani,2
Hemidactylus_whitakeri,2
Hemidactylus_yajurvedi,2
Hemidactylus_yerburii,2
Hemiechinus_auritus,3
Hemiechinus_collaris,3
Hemiergis_decresiensis,2
Hemiergis_gracilipes,2
Hemiergis_initialis,2
Hemiergis_millewae,2
Hemiergis_peronii,2
Hemiergis_quadrilineatus,2
Hemiergis_talbingoensis,2
Hemigalus_derbyanus,4
Hemignathus_affinis,2
Hemignathus_hanapepe,2
Hemignathus_wilsoni,2
Hemimacronyx_chloris,2
Hemiphaga_chathamensis,4
Hemiphaga_novaeseelandiae,4
Hemiphractus_bubalus,3
Hemiphractus_elioti,3
Hemiphractus_fasciatus,3
Hemiphractus_helioi,3
Hemiphractus_johnsoni,3
Hemiphractus_kaylockae,3
Hemiphractus_panamensis,3
Hemiphractus_proboscideus,3
Hemiphractus_scutatus,3
Hemiphyllodactylus_arakuensis,2
Hemiphyllodactylus_aurantiacus,2
Hemiphyllodactylus_banaensis,2
Hemiphyllodactylus_bintik,2
Hemiphyllodactylus_changningensis,2
Hemiphyllodactylus_chiangmaiensis,2
Hemiphyllodactylus_cicak,2
Hemiphyllodactylus_engganoensis,2
Hemiphyllodactylus_ganoklonis,2
Hemiphyllodactylus_harterti,2
Hemiphyllodactylus_hongkongensis,2
Hemiphyllodactylus_huishuiensis,2
Hemiphyllodactylus_insularis,2
Hemiphyllodactylus_jnana,2
Hemiphyllodactylus_kiziriani,2
Hemiphyllodactylus_kolliensis,2
Hemiphyllodactylus_larutensis,2
Hemiphyllodactylus_margarethae,2
Hemiphyllodactylus_tehtarik,2
Hemiphyllodactylus_titiwangsaensis,2
Hemiphyllodactylus_typus,2
Hemiphyllodactylus_yunnanensis,2
Hemiphyllodactylus_zugi,2
Hemiprocne_comata,2
Hemiprocne_coronata,2
Hemiprocne_longipennis,3
Hemiprocne_mystacea,3
Hemipus_hirundinaceus,1
Hemipus_picatus,1
Hemirhagerrhis_hildebrandtii,2
Hemirhagerrhis_kelleri,2
Hemirhagerrhis_nototaenia,2
Hemirhagerrhis_viperina,2
Hemisus_barotseensis,2
Hemisus_brachydactylus,2
Hemisus_guineensis,2
Hemisus_guttatus,2
Hemisus_marmoratus,2
Hemisus_microscaphus,2
Hemisus_olivaceus,2
Hemisus_perreti,2
Hemisus_wittei,2
Hemitesia_neumanni,1
Hemitesia_pallidipes,1
Hemitheconyx_caudicinctus,2
Hemitheconyx_taylori,2
Hemithraupis_flavicollis,1
Hemithraupis_guira,1
Hemithraupis_ruficapilla,1
Hemitragus_jemlahicus,4
Hemitriccus_cinnamomeipectus,1
Hemitriccus_diops,1
Hemitriccus_flammulatus,1
Hemitriccus_furcatus,1
Hemitriccus_granadensis,1
Hemitriccus_griseipectus,1
Hemitriccus_inornatus,1
Hemitriccus_iohannis,1
Hemitriccus_josephinae,1
Hemitriccus_kaempferi,1
Hemitriccus_margaritaceiventer,1
Hemitriccus_minimus,1
Hemitriccus_minor,1
Hemitriccus_mirandae,1
Hemitriccus_nidipendulus,1
Hemitriccus_obsoletus,1
Hemitriccus_orbitatus,1
Hemitriccus_rufigularis,1
Hemitriccus_spodiops,1
Hemitriccus_striaticollis,1
Hemitriccus_zosterops,1
Hemixos_castanonotus,2
Hemixos_cinereus,2
Hemixos_connectens,2
Hemixos_flavala,2
Hemixos_leucogrammicus,2
Hemorrhois_algirus,2
Hemorrhois_hippocrepis,2
Hemorrhois_nummifer,2
Hemorrhois_ravergieri,2
Henicopernis_infuscatus,4
Henicopernis_longicauda,4
Henicophaps_albifrons,4
Henicophaps_foersteri,4
Henicorhina_anachoreta,2
Henicorhina_leucophrys,2
Henicorhina_leucoptera,2
Henicorhina_leucosticta,2
Henicorhina_negreti,2
Heosemys_annandalii,3
Heosemys_depressa,3
Heosemys_grandis,3
Heosemys_spinosa,3
Heremites_auratus,2
Heremites_septemtaeniatus,2
Heremites_vittatus,2
Herpailurus_yagouaroundi,4
Herpele_multiplicata,3
Herpele_squalostoma,3
Herpestes_auropunctatus,4
Herpestes_brachyurus,3
Herpestes_edwardsii,4
Herpestes_flavescens,4
Herpestes_fuscus,4
Herpestes_ichneumon,4
Herpestes_javanicus,3
Herpestes_naso,4
Herpestes_ochraceus,4
Herpestes_pulverulentus,4
Herpestes_sanguineus,4
Herpestes_semitorquatus,3
Herpestes_smithii,4
Herpestes_urva,3
Herpestes_vitticollis,4
Herpetoreas_burbrinki,2
Herpetoreas_pealii,2
Herpetoreas_platyceps,2
Herpetoreas_sieboldii,2
Herpetoreas_xenura,2
Herpetotheres_cachinnans,4
Herpsilochmus_atricapillus,1
Herpsilochmus_axillaris,1
Herpsilochmus_dorsimaculatus,1
Herpsilochmus_dugandi,1
Herpsilochmus_gentryi,1
Herpsilochmus_longirostris,1
Herpsilochmus_motacilloides,1
Herpsilochmus_parkeri,1
Herpsilochmus_pectoralis,1
Herpsilochmus_pileatus,1
Herpsilochmus_praedictus,1
Herpsilochmus_roraimae,1
Herpsilochmus_rufimarginatus,1
Herpsilochmus_scapularis,1
Herpsilochmus_sellowi,1
Herpsilochmus_stictocephalus,1
Herpsilochmus_sticturus,1
Herpsilochmus_stotzi,1
Hesperiphona_abeillei,3
Hesperiphona_vespertina,3
Hesperoedura_reticulata,2
Hesperoptenus_blanfordi,3
Hesperoptenus_doriae,3
Hesperoptenus_gaskelli,3
Hesperoptenus_tickelli,3
Hesperoptenus_tomesi,3
Heterixalus_alboguttatus,1
Heterixalus_andrakata,1
Heterixalus_betsileo,1
Heterixalus_boettgeri,1
Heterixalus_carbonei,1
Heterixalus_luteostriatus,1
Heterixalus_madagascariensis,1
Heterixalus_punctatus,1
Heterixalus_rutenbergi,1
Heterixalus_tricolor,1
Heterixalus_variabilis,1
Heterocephalus_glaber,2
Heterocercus_aurantiivertex,2
Heterocercus_flavivertex,2
Heterocercus_linteatus,2
Heterodactylus_imbricatus,1
Heterodactylus_lundii,1
Heterodactylus_septentrionalis,1
Heterodon_nasicus,2
Heterodon_platirhinos,2
Heterodon_simus,2
Heterogeomys_cherriei,3
Heterogeomys_dariensis,3
Heterogeomys_lanius,3
Heteroglaux_blewitti,2
Heterohyrax_brucei,4
Heteroliodon_fohy,2
Heteroliodon_lava,2
Heteroliodon_occipitalis,2
Heteromirafra_archeri,2
Heteromirafra_ruddi,2
Heteromunia_pectoralis,1
Heteromyias_albispecularis,2
Heteromyias_armiti,2
Heteromyias_cinereifrons,2
Heteromys_adspersus,2
Heteromys_anomalus,2
Heteromys_australis,2
Heteromys_catopterius,2
Heteromys_desmarestianus,2
Heteromys_gaumeri,2
Heteromys_irroratus,2
Heteromys_nelsoni,2
Heteromys_oasicus,2
Heteromys_oresterus,2
Heteromys_pictus,2
Heteromys_salvini,2
Heteromys_spectabilis,2
Heteromys_teleus,2
Heteronetta_atricapilla,4
Heteronotia_atra,2
Heteronotia_binoei,2
Heteronotia_fasciolata,2
Heteronotia_planiceps,2
Heteronotia_spelea,2
Heterophasia_auricularis,2
Heterophasia_capistrata,2
Heterophasia_desgodinsi,2
Heterophasia_gracilis,2
Heterophasia_melanoleuca,2
Heterophasia_picaoides,3
Heterophasia_pulchella,2
Heteroscenes_pallidus,2
Heterospingus_rubrifrons,2
Heterospingus_xanthopygius,2
Heterotetrax_humilis,4
Heterotetrax_rueppelii,4
Heterotetrax_vigorsii,4
Heteroxenicus_stellatus,2
Hieraaetus_ayresii,4
Hieraaetus_morphnoides,4
Hieraaetus_pennatus,4
Hieraaetus_wahlbergi,4
Hieraaetus_weiskei,4
Hierococcyx_bocki,3
Hierococcyx_fugax,3
Hierococcyx_hyperythrus,3
Hierococcyx_nisicolor,3
Hierococcyx_pectoralis,3
Hierococcyx_sparverioides,3
Hierococcyx_vagans,3
Hierococcyx_varius,4
Hierophis_cypriensis,2
Hierophis_gemonensis,2
Hierophis_viridiflavus,2
Hildebrandtia_macrotympanum,3
Hildebrandtia_ornata,3
Hildebrandtia_ornatissima,3
Himantopus_himantopus,4
Himantopus_novaezelandiae,4
Himantornis_haematopus,4
Himatione_sanguinea,2
Hippocamelus_antisensis,4
Hippocamelus_bisulcus,4
Hippolais_icterina,2
Hippolais_languida,2
Hippolais_olivetorum,2
Hippolais_polyglotta,2
Hippopotamus_amphibius,4
Hipposideros_abae,2
Hipposideros_alongensis,2
Hipposideros_armiger,2
Hipposideros_ater,2
Hipposideros_atrox,2
Hipposideros_beatus,2
Hipposideros_bicolor,2
Hipposideros_boeadii,2
Hipposideros_breviceps,2
Hipposideros_caffer,2
Hipposideros_calcaratus,2
Hipposideros_camerunensis,2
Hipposideros_cervinus,2
Hipposideros_cineraceus,2
Hipposideros_coronatus,2
Hipposideros_corynophyllus,2
Hipposideros_crumeniferus,2
Hipposideros_curtus,2
Hipposideros_cyclops,2
Hipposideros_diadema,2
Hipposideros_dinops,2
Hipposideros_doriae,2
Hipposideros_durgadasi,2
Hipposideros_dyacorum,2
Hipposideros_edwardshilli,2
Hipposideros_einnaythu,2
Hipposideros_fuliginosus,2
Hipposideros_fulvus,2
Hipposideros_galeritus,2
Hipposideros_griffini,2
Hipposideros_halophyllus,2
Hipposideros_inornatus,2
Hipposideros_jonesi,2
Hipposideros_khaokhouayensis,2
Hipposideros_khasiana,2
Hipposideros_lamottei,2
Hipposideros_lankadiva,2
Hipposideros_larvatus,2
Hipposideros_lekaguli,2
Hipposideros_lylei,2
Hipposideros_macrobullatus,2
Hipposideros_madurae,2
Hipposideros_maggietaylorae,2
Hipposideros_marisae,2
Hipposideros_megalotis,2
Hipposideros_muscinus,2
Hipposideros_obscurus,2
Hipposideros_orbiculus,2
Hipposideros_papua,2
Hipposideros_pelingensis,2
Hipposideros_pendlebury,2
Hipposideros_pomona,2
Hipposideros_pygmaeus,2
Hipposideros_ridleyi,2
Hipposideros_rotalis,2
Hipposideros_ruber,2
Hipposideros_scutinares,2
Hipposideros_semoni,2
Hipposideros_sorenseni,2
Hipposideros_speoris,2
Hipposideros_stenotis,2
Hipposideros_tephrus,2
Hipposideros_turpis,2
Hipposideros_wollastoni,2
Hippotragus_equinus,4
Hippotragus_niger,4
Hirundapus_caudacutus,4
Hirundapus_celebensis,3
Hirundapus_cochinchinensis,3
Hirundapus_giganteus,4
Hirundinea_bellicosa,2
Hirundinea_ferruginea,2
Hirundo_aethiopica,1
Hirundo_albigularis,2
Hirundo_angolensis,2
Hirundo_atrocaerulea,1
Hirundo_dimidiata,1
Hirundo_javanica,1
Hirundo_leucosoma,1
Hirundo_lucida,1
Hirundo_megaensis,1
Hirundo_neoxena,1
Hirundo_nigrita,2
Hirundo_nigrorufa,1
Hirundo_rustica,1
Hirundo_smithii,1
Histiotus_humboldti,2
Histiotus_laephotis,2
Histiotus_macrotus,2
Histiotus_magellanicus,2
Histiotus_montanus,2
Histiotus_velatus,2
Histrionicus_histrionicus,4
Histurgops_ruficauda,3
Hodgsonius_phaenicuroides,2
Hodomys_alleni,3
Holaspis_guentheri,2
Holaspis_laevis,2
Holbrookia_elegans,2
Holbrookia_lacerata,2
Holbrookia_maculata,2
Holbrookia_propinqua,2
Holcosus_anomalus,3
Holcosus_bridgesii,3
Holcosus_chaitzami,3
Holcosus_festivus,3
Holcosus_leptophrys,3
Holcosus_niceforoi,3
Holcosus_orcesi,3
Holcosus_quadrilineatus,3
Holcosus_septemlineatus,3
Holcosus_undulatus,3
Holoaden_luederwaldti,1
Holoaden_pholeter,1
Holoaden_suarezi,1
Holochilus_brasiliensis,3
Holochilus_chacarius,3
Holochilus_sciureus,3
Holodactylus_africanus,2
Holodactylus_cornii,2
Hologerrhum_dermali,2
Hologerrhum_philippinum,2
Homalophis_doriae,2
Homalophis_gyii,2
Homalopsis_buccata,2
Homonota_andicola,2
Homonota_borellii,2
Homonota_darwinii,2
Homonota_fasciata,2
Homonota_rupicola,2
Homonota_taragui,2
Homonota_underwoodi,2
Homonota_uruguayensis,2
Homonota_whitii,2
Homonota_williamsii,2
Homopholis_arnoldi,2
Homopholis_fasciata,2
Homopholis_mulleri,2
Homopholis_wahlbergii,2
Homopus_areolatus,4
Homopus_femoralis,4
Homoroselaps_dorsalis,2
Homoroselaps_lacteus,2
Hoolock_hoolock,4
Hoolock_leuconedys,4
Hoolock_tianxing,4
Hoplobatrachus_crassus,4
Hoplobatrachus_litoralis,4
Hoplobatrachus_occipitalis,4
Hoplobatrachus_rugulosus,4
Hoplobatrachus_tigerinus,4
Hoplocephalus_bitorquatus,2
Hoplocephalus_bungaroides,2
Hoplocephalus_stephensii,2
Hoplocercus_spinosus,2
Hoplodactylus_duvaucelii,2
Hoplomys_gymnurus,3
Hoplophryne_rogersi,1
Hoplophryne_uluguruensis,1
Hoploxypterus_cayanus,3
Horizocerus_albocristatus,4
Horizocerus_cassini,4
Horizocerus_granti,4
Horizocerus_hartlaubi,4
Hormonotus_modestus,2
Horornis_acanthizoides,1
Horornis_annae,1
Horornis_brunnescens,1
Horornis_canturians,2
Horornis_carolinae,1
Horornis_diphone,2
Horornis_flavolivaceus,1
Horornis_fortipes,1
Horornis_haddeni,1
Horornis_parens,1
Horornis_ruficapilla,1
Horornis_seebohmi,1
Houbaropsis_bengalensis,4
Huetia_leucorhina,1
Huia_cavitympanum,3
Humblotia_flavirostris,2
Humerana_humeralis,3
Humerana_lateralis,3
Humerana_miopus,3
Humerana_oatesii,3
Hyaena_hyaena,4
Hyalinobatrachium_adespinosai,1
Hyalinobatrachium_anachoretus,1
Hyalinobatrachium_aureoguttatum,1
Hyalinobatrachium_bergeri,1
Hyalinobatrachium_cappellei,1
Hyalinobatrachium_carlesvilai,1
Hyalinobatrachium_chirripoi,1
Hyalinobatrachium_colymbiphyllum,1
Hyalinobatrachium_dianae,1
Hyalinobatrachium_duranti,1
Hyalinobatrachium_esmeralda,1
Hyalinobatrachium_fleischmanni,1
Hyalinobatrachium_fragile,1
Hyalinobatrachium_guairarepanense,1
Hyalinobatrachium_iaspidiense,1
Hyalinobatrachium_ibama,1
Hyalinobatrachium_kawense,1
Hyalinobatrachium_mesai,1
Hyalinobatrachium_mondolfii,1
Hyalinobatrachium_muiraquitan,1
Hyalinobatrachium_munozorum,1
Hyalinobatrachium_orientale,1
Hyalinobatrachium_orocostale,1
Hyalinobatrachium_pallidum,1
Hyalinobatrachium_pellucidum,1
Hyalinobatrachium_talamancae,1
Hyalinobatrachium_tatayoi,1
Hyalinobatrachium_taylori,1
Hyalinobatrachium_tricolor,1
Hyalinobatrachium_valerioi,1
Hyalinobatrachium_vireovittatum,1
Hyalinobatrachium_viridissimum,1
Hyalinobatrachium_yaku,1
Hyalosaurus_koellikeri,2
Hybomys_badius,2
Hybomys_basilii,3
Hybomys_eisentrauti,2
Hybomys_lunaris,2
Hybomys_planifrons,3
Hybomys_trivirgatus,3
Hybomys_univittatus,2
Hydrablabes_praefrontalis,2
Hydraethiops_laevis,2
Hydraethiops_melanogaster,2
Hydrictis_maculicollis,4
Hydrobates_castro,2
Hydrobates_furcatus,2
Hydrobates_homochroa,2
Hydrobates_hornbyi,3
Hydrobates_jabejabe,2
Hydrobates_markhami,3
Hydrobates_microsoma,2
Hydrobates_monteiroi,2
Hydrobates_tristrami,3
Hydrochoerus_hydrochaeris,4
Hydrochoerus_isthmius,4
Hydrochous_gigas,3
Hydrocoloeus_minutus,4
Hydrodynastes_bicinctus,2
Hydrodynastes_gigas,2
Hydrodynastes_melanogigas,2
Hydrolaetare_caparu,3
Hydrolaetare_dantasi,3
Hydrolaetare_schmidti,3
Hydromantes_brunus,2
Hydromantes_platycephalus,2
Hydromantes_samweli,2
Hydromantes_shastae,2
Hydromantes_wintu,2
Hydromorphus_concolor,2
Hydromorphus_dunni,2
Hydromys_chrysogaster,4
Hydromys_hussoni,4
Hydromys_neobritannicus,4
Hydrophasianus_chirurgus,4
Hydropotes_inermis,4
Hydroprogne_caspia,4
Hydrops_martii,2
Hydrops_triangularis,2
Hydropsalis_cayennensis,2
Hydropsalis_climacocerca,3
Hydropsalis_maculicaudus,2
Hydropsalis_torquata,3
Hydrornis_baudii,3
Hydrornis_caeruleus,3
Hydrornis_cyaneus,3
Hydrornis_elliotii,3
Hydrornis_guajanus,3
Hydrornis_gurneyi,4
Hydrornis_irena,3
Hydrornis_nipalensis,3
Hydrornis_oatesi,3
Hydrornis_phayrei,3
Hydrornis_schneideri,3
Hydrornis_schwaneri,3
Hydrornis_soror,3
Hydrosaurus_amboinensis,2
Hydrosaurus_pustulatus,2
Hydrosaurus_weberi,2
Hyemoschus_aquaticus,4
Hyla_annectans,2
Hyla_arborea,2
Hyla_carthaginiensis,2
Hyla_chinensis,2
Hyla_felixarabica,2
Hyla_hallowellii,2
Hyla_imitator,2
Hyla_intermedia,2
Hyla_meridionalis,2
Hyla_molleri,2
Hyla_nicefori,2
Hyla_orientalis,2
Hyla_sanchiangensis,2
Hyla_sarda,2
Hyla_savignyi,2
Hyla_simplex,2
Hyla_tsinlingensis,2
Hyla_zhaopingensis,2
Hyladelphys_kalinowskii,1
Hylaeamys_acritus,3
Hylaeamys_laticeps,3
Hylaeamys_megacephalus,3
Hylaeamys_oniscus,3
Hylaeamys_perenensis,3
Hylaeamys_tatei,3
Hylaeamys_yunganus,3
Hylambates_boulengeri,2
Hylambates_keithae,2
Hylambates_leonardi,2
Hylambates_maculatus,2
Hylambates_verrucosus,2
Hylarana_albolabris,3
Hylarana_amnicola,3
Hylarana_annamitica,3
Hylarana_asperrima,3
Hylarana_aurantiaca,3
Hylarana_bahuvistara,3
Hylarana_caesari,3
Hylarana_chitwanensis,3
Hylarana_cubitalis,3
Hylarana_darlingi,3
Hylarana_doni,3
Hylarana_erythraea,3
Hylarana_faber,3
Hylarana_flavescens,3
Hylarana_fonensis,3
Hylarana_galamensis,3
Hylarana_garoensis,3
Hylarana_gracilis,3
Hylarana_guentheri,3
Hylarana_indica,3
Hylarana_intermedia,3
Hylarana_lacrima,3
Hylarana_latouchii,3
Hylarana_lemairei,3
Hylarana_leptoglossa,3
Hylarana_lepus,3
Hylarana_longipes,3
Hylarana_luctuosa,3
Hylarana_macrodactyla,3
Hylarana_magna,3
Hylarana_malabaricus,3
Hylarana_malayana,3
Hylarana_maosonensis,3
Hylarana_margariana,3
Hylarana_montana,3
Hylarana_montivaga,3
Hylarana_montosa,3
Hylarana_mortenseni,3
Hylarana_nazgul,3
Hylarana_nicobariensis,3
Hylarana_nigrovittata,3
Hylarana_occidentalis,3
Hylarana_parkeriana,3
Hylarana_persimilis,3
Hylarana_roberti,3
Hylarana_serendipi,3
Hylarana_spinulosa,3
Hylarana_sreeni,3
Hylarana_taipehensis,3
Hylarana_temporalis,3
Hylarana_tytleri,3
Hylarana_urbis,3
Hylatomus_fuscipennis,4
Hylatomus_lineatus,4
Hylatomus_pileatus,4
Hylatomus_schulzii,4
Hylexetastes_perrotii,3
Hylexetastes_stresemanni,3
Hylia_prasina,1
Hyliota_australis,1
Hyliota_flavigaster,1
Hyliota_usambara,1
Hyliota_violacea,1
Hylobates_abbotti,4
Hylobates_agilis,4
Hylobates_albibarbis,4
Hylobates_funereus,4
Hylobates_klossii,4
Hylobates_lar,4
Hylobates_moloch,4
Hylobates_muelleri,4
Hylobates_pileatus,4
Hylocharis_chrysura,1
Hylocharis_cyanus,1
Hylocharis_eliciae,1
Hylochoerus_meinertzhageni,4
Hylocichla_mustelina,3
Hylocitrea_bonensis,2
Hylocitrea_bonthaina,2
Hylodes_amnicola,2
Hylodes_asper,2
Hylodes_babax,2
Hylodes_caete,2
Hylodes_cardosoi,2
Hylodes_charadranaetes,2
Hylodes_dactylocinus,2
Hylodes_fredi,2
Hylodes_heyeri,2
Hylodes_japi,2
Hylodes_lateristrigatus,2
Hylodes_magalhaesi,2
Hylodes_meridionalis,2
Hylodes_nasus,2
Hylodes_ornatus,2
Hylodes_otavioi,2
Hylodes_perere,2
Hylodes_perplicatus,2
Hylodes_phyllodes,2
Hylodes_pipilans,2
Hylodes_regius,2
Hylodes_sazimai,2
Hylodes_uai,2
Hylomanes_momotula,2
Hylomantis_aspera,2
Hylomantis_granulosa,2
Hylomys_megalotis,2
Hylomys_parvus,2
Hylomys_suillus,2
Hylomyscus_aeta,2
Hylomyscus_alleni,2
Hylomyscus_anselli,2
Hylomyscus_arcimontensis,2
Hylomyscus_baeri,2
Hylomyscus_carillus,2
Hylomyscus_denniae,2
Hylomyscus_endorobae,2
Hylomyscus_grandis,2
Hylomyscus_heinrichorum,2
Hylomyscus_kerbispeterhansi,2
Hylomyscus_pamfi,2
Hylomyscus_parvus,2
Hylomyscus_stella,2
Hylomyscus_vulcanorum,2
Hylomyscus_walterverheyeni,2
Hylonycteris_underwoodi,1
Hylonympha_macrocerca,1
Hylopetes_alboniger,3
Hylopetes_bartelsi,3
Hylopetes_nigripes,3
Hylopetes_phayrei,3
Hylopetes_platyurus,3
Hylopetes_sagitta,3
Hylopetes_sipora,3
Hylopetes_spadiceus,3
Hylopetes_winstoni,3
Hylopezus_auricularis,3
Hylopezus_berlepschi,3
Hylopezus_dives,3
Hylopezus_fulviventris,3
Hylopezus_macularius,3
Hylopezus_nattereri,3
Hylopezus_ochroleucus,3
Hylopezus_perspicillatus,3
Hylophilus_amaurocephalus,1
Hylophilus_brunneiceps,1
Hylophilus_flavipes,1
Hylophilus_griseiventris,1
Hylophilus_insularis,1
Hylophilus_olivaceus,1
Hylophilus_pectoralis,1
Hylophilus_poicilotis,1
Hylophilus_semicinereus,1
Hylophilus_thoracicus,1
Hylophilus_viridiflavus,1
Hylophorbus_atrifasciatus,1
Hylophorbus_infulatus,1
Hylophorbus_nigrinus,1
Hylophorbus_picoides,1
Hylophorbus_proekes,1
Hylophorbus_rainerguentheri,1
Hylophorbus_richardsi,1
Hylophorbus_rufescens,1
Hylophorbus_sextus,1
Hylophorbus_sigridae,1
Hylophorbus_tetraphonus,1
Hylophorbus_wondiwoi,1
Hylophylax_naevioides,2
Hylophylax_naevius,2
Hylophylax_punctulatus,2
Hylopsar_cupreocauda,3
Hylopsar_purpureiceps,3
Hylorchilus_navai,2
Hylorchilus_sumichrasti,2
Hylorina_sylvatica,2
Hyloscirtus_albopunctulatus,2
Hyloscirtus_alytolylax,2
Hyloscirtus_antioquia,2
Hyloscirtus_armatus,2
Hyloscirtus_bogotensis,2
Hyloscirtus_callipeza,2
Hyloscirtus_caucanus,2
Hyloscirtus_charazani,2
Hyloscirtus_colymba,2
Hyloscirtus_condor,2
Hyloscirtus_criptico,2
Hyloscirtus_denticulentus,2
Hyloscirtus_diabolus,2
Hyloscirtus_hillisi,2
Hyloscirtus_jahni,2
Hyloscirtus_japreria,2
Hyloscirtus_larinopygion,2
Hyloscirtus_lascinius,2
Hyloscirtus_lindae,2
Hyloscirtus_lynchi,2
Hyloscirtus_mashpi,2
Hyloscirtus_pacha,2
Hyloscirtus_palmeri,2
Hyloscirtus_pantostictus,2
Hyloscirtus_phyllognathus,2
Hyloscirtus_piceigularis,2
Hyloscirtus_platydactylus,2
Hyloscirtus_princecharlesi,2
Hyloscirtus_psarolaimus,2
Hyloscirtus_ptychodactylus,2
Hyloscirtus_sarampiona,2
Hyloscirtus_simmonsi,2
Hyloscirtus_staufferorum,2
Hyloscirtus_tapichalaca,2
Hyloscirtus_tigrinus,2
Hyloscirtus_torrenticola,2
Hyloxalus_abditaurantius,1
Hyloxalus_aeruginosus,1
Hyloxalus_alessandroi,1
Hyloxalus_anthracinus,1
Hyloxalus_awa,1
Hyloxalus_azureiventris,1
Hyloxalus_betancuri,1
Hyloxalus_bocagei,1
Hyloxalus_borjai,1
Hyloxalus_breviquartus,1
Hyloxalus_cepedai,1
Hyloxalus_cevallosi,1
Hyloxalus_chlorocraspedus,1
Hyloxalus_chocoensis,1
Hyloxalus_craspedoceps,1
Hyloxalus_delatorreae,1
Hyloxalus_elachyhistus,1
Hyloxalus_eleutherodactylus,1
Hyloxalus_excisus,1
Hyloxalus_faciopunctulatus,1
Hyloxalus_fascianigrus,1
Hyloxalus_fuliginosus,1
Hyloxalus_idiomelus,1
Hyloxalus_infraguttatus,1
Hyloxalus_insulatus,1
Hyloxalus_italoi,1
Hyloxalus_lehmanni,1
Hyloxalus_leucophaeus,1
Hyloxalus_littoralis,1
Hyloxalus_maculosus,1
Hyloxalus_mittermeieri,1
Hyloxalus_mystax,1
Hyloxalus_nexipus,1
Hyloxalus_parcus,1
Hyloxalus_patitae,1
Hyloxalus_picachos,1
Hyloxalus_pinguis,1
Hyloxalus_pulchellus,1
Hyloxalus_pulcherrimus,1
Hyloxalus_ramosi,1
Hyloxalus_ruizi,1
Hyloxalus_saltuarius,1
Hyloxalus_sauli,1
Hyloxalus_shuar,1
Hyloxalus_sordidatus,1
Hyloxalus_spilotogaster,1
Hyloxalus_subpunctatus,1
Hyloxalus_sylvaticus,1
Hyloxalus_toachi,1
Hyloxalus_utcubambensis,1
Hyloxalus_vergeli,1
Hyloxalus_vertebralis,1
Hyloxalus_yasuni,1
Hymenochirus_boettgeri,2
Hymenochirus_boulengeri,2
Hymenochirus_curtipes,1
Hymenochirus_feae,1
Hymenolaimus_malacorhynchos,4
Hymenops_perspicillatus,2
Hynobius_abei,2
Hynobius_abuensis,2
Hynobius_akiensis,2
Hynobius_amakusaensis,2
Hynobius_amjiensis,2
Hynobius_arisanensis,2
Hynobius_bakan,2
Hynobius_boulengeri,2
Hynobius_chinensis,2
Hynobius_dunni,2
Hynobius_formosanus,2
Hynobius_fossigenus,2
Hynobius_fucus,2
Hynobius_geojeensis,2
Hynobius_glacialis,2
Hynobius_guabangshanensis,2
Hynobius_guttatus,2
Hynobius_hidamontanus,2
Hynobius_hirosei,2
Hynobius_ikioi,2
Hynobius_iwami,2
Hynobius_katoi,2
Hynobius_kimurae,2
Hynobius_kuishiensis,2
Hynobius_leechii,2
Hynobius_lichenatus,2
Hynobius_maoershanensis,2
Hynobius_mikawaensis,2
Hynobius_naevius,2
Hynobius_nebulosus,2
Hynobius_nigrescens,2
Hynobius_notialis,2
Hynobius_okiensis,2
Hynobius_osumiensis,2
Hynobius_oyamai,2
Hynobius_perplicatus,2
Hynobius_quelpaertensis,2
Hynobius_retardatus,2
Hynobius_sematonotos,2
Hynobius_setoi,2
Hynobius_setouchi,2
Hynobius_shinichisatoi,2
Hynobius_sonani,2
Hynobius_stejnegeri,2
Hynobius_takedai,2
Hynobius_tokyoensis,2
Hynobius_tsuensis,2
Hynobius_tsurugiensis,2
Hynobius_turkestanicus,2
Hynobius_unisacculus,2
Hynobius_utsunomiyaorum,2
Hynobius_vandenburghi,2
Hynobius_yangi,2
Hynobius_yiwuensis,2
Hyomys_dammermani,3
Hyomys_goliath,4
Hyorhinomys_stuempkei,2
Hyosciurus_heinrichi,3
Hyosciurus_ileile,3
Hypargos_margaritatus,1
Hypargos_niveoguttatus,1
Hyperacrius_fertilis,2
Hyperacrius_wynnei,2
Hypergerus_atriceps,2
Hyperolius_acutirostris,1
Hyperolius_ademetzi,1
Hyperolius_adspersus,1
Hyperolius_argus,1
Hyperolius_atrigularis,1
Hyperolius_balfouri,1
Hyperolius_baumanni,1
Hyperolius_benguellensis,1
Hyperolius_bicolor,1
Hyperolius_bobirensis,1
Hyperolius_bocagei,1
Hyperolius_bolifambae,1
Hyperolius_bopeleti,1
Hyperolius_brachiofasciatus,1
Hyperolius_burgessi,1
Hyperolius_camerunensis,1
Hyperolius_castaneus,1
Hyperolius_chelaensis,1
Hyperolius_chlorosteus,1
Hyperolius_chrysogaster,1
Hyperolius_cinereus,1
Hyperolius_cinnamomeoventris,1
Hyperolius_concolor,1
Hyperolius_constellatus,1
Hyperolius_cystocandicans,1
Hyperolius_dartevellei,1
Hyperolius_davenporti,1
Hyperolius_diaphanus,1
Hyperolius_dintelmanni,1
Hyperolius_discodactylus,1
Hyperolius_endjami,1
Hyperolius_ferrugineus,1
Hyperolius_friedemanni,1
Hyperolius_frontalis,1
Hyperolius_fuscigula,1
Hyperolius_fusciventris,1
Hyperolius_ghesquieri,1
Hyperolius_glandicolor,1
Hyperolius_gularis,1
Hyperolius_guttulatus,1
Hyperolius_horstockii,1
Hyperolius_howelli,1
Hyperolius_hutsebauti,1
Hyperolius_hypsiphonus,1
Hyperolius_igbettensis,1
Hyperolius_inornatus,1
Hyperolius_inyangae,1
Hyperolius_jackie,1
Hyperolius_jacobseni,1
Hyperolius_jynx,1
Hyperolius_kachalolae,1
Hyperolius_kibarae,1
Hyperolius_kihangensis,1
Hyperolius_kivuensis,1
Hyperolius_koehleri,1
Hyperolius_kuligae,1
Hyperolius_lamottei,1
Hyperolius_langi,1
Hyperolius_lateralis,1
Hyperolius_laurenti,1
Hyperolius_leleupi,1
Hyperolius_leucotaenius,1
Hyperolius_lucani,1
Hyperolius_lupiroensis,1
Hyperolius_maestus,1
Hyperolius_major,1
Hyperolius_marginatus,1
Hyperolius_mariae,1
Hyperolius_marmoratus,1
Hyperolius_microps,1
Hyperolius_minutissimus,1
Hyperolius_mitchelli,1
Hyperolius_molleri,1
Hyperolius_montanus,1
Hyperolius_mosaicus,1
Hyperolius_nasicus,1
Hyperolius_nasutus,1
Hyperolius_nienokouensis,1
Hyperolius_nimbae,1
Hyperolius_nitidulus,1
Hyperolius_obscurus,1
Hyperolius_obstetricans,1
Hyperolius_occidentalis,1
Hyperolius_ocellatus,1
Hyperolius_papyri,1
Hyperolius_parallelus,1
Hyperolius_pardalis,1
Hyperolius_parkeri,1
Hyperolius_phantasticus,1
Hyperolius_pickersgilli,1
Hyperolius_picturatus,1
Hyperolius_pictus,1
Hyperolius_platyceps,1
Hyperolius_polli,1
Hyperolius_polystictus,1
Hyperolius_poweri,1
Hyperolius_protchei,1
Hyperolius_pseudargus,1
Hyperolius_puncticulatus,1
Hyperolius_pusillus,1
Hyperolius_pustulifer,1
Hyperolius_pyrrhodictyon,1
Hyperolius_quadratomaculatus,1
Hyperolius_quinquevittatus,1
Hyperolius_raymondi,1
Hyperolius_rhizophilus,1
Hyperolius_rhodesianus,1
Hyperolius_riggenbachi,1
Hyperolius_rubrovermiculatus,1
Hyperolius_ruvuensis,1
Hyperolius_rwandae,1
Hyperolius_sankuruensis,1
Hyperolius_schoutedeni,1
Hyperolius_semidiscus,1
Hyperolius_sheldricki,1
Hyperolius_soror,1
Hyperolius_spatzi,1
Hyperolius_spinigularis,1
Hyperolius_stenodactylus,1
Hyperolius_stictus,1
Hyperolius_substriatus,1
Hyperolius_swynnertoni,1
Hyperolius_sylvaticus,1
Hyperolius_tanneri,1
Hyperolius_thomensis,1
Hyperolius_torrentis,1
Hyperolius_tuberculatus,1
Hyperolius_tuberilinguis,1
Hyperolius_ukaguruensis,1
Hyperolius_ukwiva,1
Hyperolius_veithi,1
Hyperolius_vilhenai,1
Hyperolius_viridiflavus,1
Hyperolius_viridigulosus,1
Hyperolius_viridis,1
Hyperolius_watsonae,1
Hyperolius_xenorhinus,1
Hyperolius_zonatus,1
Hypnale_hypnale,2
Hypnale_nepa,2
Hypnale_zara,2
Hypnelus_bicinctus,3
Hypnelus_ruficollis,3
Hypocnemis_cantator,1
Hypocnemis_flavescens,1
Hypocnemis_hypoxantha,1
Hypocnemis_ochrogyna,1
Hypocnemis_peruviana,1
Hypocnemis_rondoni,1
Hypocnemis_striata,1
Hypocnemis_subflava,1
Hypocnemoides_maculicauda,2
Hypocnemoides_melanopogon,2
Hypocolius_ampelinus,3
Hypocryptadius_cinnamomeus,1
Hypoedaleus_guttatus,3
Hypogeomys_antimena,4
Hypogeophis_alternans,2
Hypogeophis_brevis,2
Hypogeophis_larvatus,2
Hypogeophis_montanus,2
Hypogeophis_pti,2
Hypogeophis_rostratus,2
Hypogeophis_sechellensis,2
Hypopachus_barberi,1
Hypopachus_guancasco,1
Hypopachus_pictiventris,1
Hypopachus_ustus,1
Hypopachus_variolosus,1
Hypoptophis_wilsonii,2
Hypopyrrhus_pyrohypogaster,4
Hypositta_corallirostris,2
Hypotaenidia_immaculata,3
Hypotaenidia_insignis,3
Hypotaenidia_okinawae,3
Hypotaenidia_philippensis,3
Hypotaenidia_rovianae,3
Hypotaenidia_sylvestris,3
Hypotaenidia_tertia,3
Hypotaenidia_torquata,3
Hypotaenidia_woodfordi,3
Hypothymis_azurea,1
Hypothymis_coelestis,1
Hypothymis_helenae,1
Hypothymis_puella,1
Hypselotriton_chenggongensis,2
Hypselotriton_cyanurus,2
Hypselotriton_fudingensis,2
Hypselotriton_glaucus,2
Hypselotriton_orientalis,2
Hypselotriton_orphicus,2
Hypselotriton_yunnanensis,2
Hypsicalotes_kinabaluensis,2
Hypsiglena_chlorophaea,2
Hypsiglena_jani,2
Hypsiglena_ochorhyncha,2
Hypsiglena_slevini,2
Hypsiglena_tanzeri,2
Hypsiglena_torquata,2
Hypsignathus_monstrosus,4
Hypsilurus_auritus,2
Hypsilurus_binotatus,2
Hypsilurus_bruijnii,2
Hypsilurus_capreolatus,2
Hypsilurus_geelvinkianus,2
Hypsilurus_godeffroyi,2
Hypsilurus_hikidanus,2
Hypsilurus_longi,2
Hypsilurus_macrolepis,2
Hypsilurus_magnus,2
Hypsilurus_modestus,2
Hypsilurus_nigrigularis,2
Hypsilurus_ornatus,2
Hypsilurus_papuensis,2
Hypsilurus_schoedei,2
Hypsilurus_schultzewestrumi,2
Hypsipetes_affinis,2
Hypsipetes_amaurotis,3
Hypsipetes_aureus,2
Hypsipetes_borbonicus,3
Hypsipetes_catarmanensis,2
Hypsipetes_chloris,2
Hypsipetes_everetti,2
Hypsipetes_ganeesa,2
Hypsipetes_harterti,2
Hypsipetes_haynaldi,2
Hypsipetes_leucocephalus,3
Hypsipetes_longirostris,2
Hypsipetes_lucasi,2
Hypsipetes_madagascariensis,3
Hypsipetes_moheliensis,2
Hypsipetes_mysticalis,2
Hypsipetes_olivaceus,2
Hypsipetes_parvirostris,2
Hypsipetes_philippinus,2
Hypsipetes_platenae,2
Hypsipetes_rufigularis,2
Hypsipetes_siquijorensis,2
Hypsipetes_thompsoni,2
Hypsiprymnodon_moschatus,3
Hypsirhynchus_callilaemus,2
Hypsirhynchus_ferox,2
Hypsirhynchus_funereus,2
Hypsirhynchus_parvifrons,2
Hypsirhynchus_polylepis,2
Hypsirhynchus_scalaris,2
Hypsiscopus_matannensis,2
Hypsiscopus_plumbea,2
Hypsugo_affinis,2
Hypsugo_alaschanicus,2
Hypsugo_anthonyi,2
Hypsugo_arabicus,2
Hypsugo_ariel,2
Hypsugo_bemainty,2
Hypsugo_cadornae,2
Hypsugo_dolichodon,2
Hypsugo_eisentrauti,2
Hypsugo_joffrei,2
Hypsugo_kitcheneri,2
Hypsugo_lanzai,2
Hypsugo_lophurus,2
Hypsugo_macrotis,2
Hypsugo_musciculus,2
Hypsugo_pulveratus,2
Hypsugo_savii,2
Hypsugo_vordermanni,2
Hystrix_africaeaustralis,4
Hystrix_brachyura,4
Hystrix_crassispinis,4
Hystrix_cristata,4
Hystrix_indica,4
Hystrix_javanica,4
Hystrix_pumila,4
Hystrix_sumatrae,4
Ia_io,4
Ialtris_agyrtes,2
Ialtris_dorsalis,2
Ialtris_haetianus,2
Ialtris_parishi,2
Iberolacerta_aranica,2
Iberolacerta_aurelioi,2
Iberolacerta_bonnali,2
Iberolacerta_cyreni,2
Iberolacerta_galani,2
Iberolacerta_horvathi,2
Iberolacerta_martinezricai,2
Iberolacerta_monticola,2
Ibidorhyncha_struthersii,4
Ibycter_americanus,4
Ichneumia_albicauda,4
Ichnotropis_bivittata,2
Ichnotropis_capensis,2
Ichnotropis_chapini,2
Ichnotropis_grandiceps,2
Ichnotropis_microlepidota,2
Ichnotropis_tanganicana,2
Ichthyomys_hydrobates,2
Ichthyomys_pittieri,2
Ichthyomys_stolzmanni,2
Ichthyomys_tweedii,2
Ichthyophis_acuminatus,2
Ichthyophis_alfredi,2
Ichthyophis_asplenius,2
Ichthyophis_bannanicus,2
Ichthyophis_beddomei,2
Ichthyophis_biangularis,2
Ichthyophis_billitonensis,2
Ichthyophis_cardamomensis,2
Ichthyophis_catlocensis,2
Ichthyophis_chaloensis,2
Ichthyophis_daribokensis,2
Ichthyophis_davidi,2
Ichthyophis_dulitensis,2
Ichthyophis_elongatus,2
Ichthyophis_garoensis,2
Ichthyophis_glandulosus,2
Ichthyophis_glutinosus,2
Ichthyophis_hypocyaneus,2
Ichthyophis_khumhzi,2
Ichthyophis_kodaguensis,2
Ichthyophis_kohtaoensis,2
Ichthyophis_lakimi,2
Ichthyophis_larutensis,2
Ichthyophis_longicephalus,2
Ichthyophis_mindanaoensis,2
Ichthyophis_monochrous,2
Ichthyophis_moustakius,2
Ichthyophis_multicolor,2
Ichthyophis_nguyenorum,2
Ichthyophis_nokrekensis,2
Ichthyophis_orthoplicatus,2
Ichthyophis_paucidentulus,2
Ichthyophis_paucisulcus,2
Ichthyophis_pauli,2
Ichthyophis_pseudangularis,2
Ichthyophis_sendenyu,2
Ichthyophis_sikkimensis,2
Ichthyophis_singaporensis,2
Ichthyophis_sumatranus,2
Ichthyophis_supachaii,2
Ichthyophis_tricolor,2
Ichthyophis_weberi,2
Ichthyophis_youngorum,2
Icteria_virens,2
Icterus_abeillei,2
Icterus_auratus,3
Icterus_auricapillus,2
Icterus_bonana,2
Icterus_bullockiorum,2
Icterus_cayanensis,2
Icterus_chrysater,3
Icterus_chrysocephalus,3
Icterus_croconotus,3
Icterus_cucullatus,2
Icterus_dominicensis,2
Icterus_fuertesi,2
Icterus_galbula,2
Icterus_graceannae,2
Icterus_graduacauda,3
Icterus_gularis,3
Icterus_icterus,3
Icterus_jamacaii,2
Icterus_laudabilis,2
Icterus_leucopteryx,2
Icterus_maculialatus,2
Icterus_melanopsis,2
Icterus_mesomelas,2
Icterus_nigrogularis,2
Icterus_northropi,2
Icterus_oberi,2
Icterus_parisorum,2
Icterus_pectoralis,2
Icterus_portoricensis,2
Icterus_prosthemelas,2
Icterus_pustulatus,2
Icterus_pyrrhopterus,2
Icterus_spurius,2
Icterus_wagleri,2
Icthyophaga_humilis,4
Icthyophaga_ichthyaetus,4
Ictidomys_mexicanus,3
Ictidomys_tridecemlineatus,3
Ictinaetus_malaiensis,4
Ictinia_mississippiensis,4
Ictinia_plumbea,4
Ictonyx_libycus,3
Ictonyx_striatus,3
Idiocranium_russeli,1
Idionycteris_phyllotis,2
Idiopsar_brachyurus,2
Idiurus_macrotis,1
Idiurus_zenkeri,1
Iduna_caligata,1
Iduna_natalensis,2
Iduna_opaca,2
Iduna_pallida,2
Iduna_rama,1
Iduna_similis,1
Ifrita_kowaldi,2
Iguana_delicatissima,3
Iguana_iguana,3
Iguanognathus_werneri,2
Ikakogi_tayrona,1
Ilicura_militaris,1
Illadopsis_albipectus,2
Illadopsis_cleaveri,2
Illadopsis_distans,2
Illadopsis_fulvescens,2
Illadopsis_puveli,2
Illadopsis_pyrrhoptera,2
Illadopsis_rufescens,2
Illadopsis_rufipennis,2
Illadopsis_turdina,3
Imantodes_cenchoa,2
Imantodes_chocoensis,2
Imantodes_gemmistratus,2
Imantodes_inornatus,2
Imantodes_lentiferus,2
Imantodes_phantasma,2
Imantodes_tenuissimus,2
Incana_incana,1
Incaspis_amaru,2
Incaspis_simonsii,2
Incaspis_tachymenoides,2
Incaspiza_laeta,2
Incaspiza_ortizi,2
Incaspiza_personata,2
Incaspiza_pulchra,2
Incaspiza_watkinsi,2
Incilius_alvarius,2
Incilius_aucoinae,2
Incilius_aurarius,2
Incilius_bocourti,2
Incilius_campbelli,2
Incilius_canaliferus,2
Incilius_cavifrons,2
Incilius_chompipe,2
Incilius_coccifer,2
Incilius_coniferus,2
Incilius_cristatus,2
Incilius_cycladen,2
Incilius_epioticus,2
Incilius_gemmifer,2
Incilius_guanacaste,2
Incilius_holdridgei,2
Incilius_ibarrai,2
Incilius_karenlipsae,2
Incilius_leucomyos,2
Incilius_luetkenii,3
Incilius_macrocristatus,2
Incilius_marmoreus,2
Incilius_mazatlanensis,2
Incilius_mccoyi,2
Incilius_melanochlorus,2
Incilius_nebulifer,2
Incilius_occidentalis,3
Incilius_perplexus,2
Incilius_pisinnus,2
Incilius_porteri,2
Incilius_signifer,2
Incilius_spiculatus,2
Incilius_tacanensis,2
Incilius_tutelarius,2
Incilius_valliceps,2
Indicator_archipelagicus,2
Indicator_exilis,2
Indicator_indicator,3
Indicator_maculatus,2
Indicator_meliphilus,2
Indicator_minor,2
Indicator_pumilio,2
Indicator_variegatus,2
Indicator_willcocksi,2
Indicator_xanthonotus,2
Indirana_beddomii,1
Indirana_bhadrai,1
Indirana_brachytarsus,1
Indirana_chiravasi,1
Indirana_duboisi,1
Indirana_gundia,1
Indirana_leithii,1
Indirana_longicrus,1
Indirana_paramakri,1
Indirana_salelkari,1
Indirana_sarojamma,1
Indirana_semipalmata,1
Indirana_tysoni,1
Indirana_yadera,1
Indotestudo_elongata,4
Indotestudo_forstenii,4
Indotyphlops_ahsanai,1
Indotyphlops_albiceps,1
Indotyphlops_braminus,1
Indotyphlops_exiguus,1
Indotyphlops_jerdoni,1
Indotyphlops_lankaensis,1
Indotyphlops_lazelli,1
Indotyphlops_leucomelas,1
Indotyphlops_madgemintonae,1
Indotyphlops_malcolmi,1
Indotyphlops_meszoelyi,1
Indotyphlops_pammeces,1
Indotyphlops_porrectus,1
Indotyphlops_schmutzi,1
Indotyphlops_tenebrarum,1
Indotyphlops_tenuicollis,1
Indotyphlops_veddae,1
Indotyphlops_violaceus,1
Indotyphlus_battersbyi,2
Indotyphlus_maharashtraensis,2
Indri_indri,4
Inezia_caudata,1
Inezia_inornata,1
Inezia_subflava,1
Inezia_tenuirostris,1
Ingerana_borealis,1
Ingerana_charlesdarwini,1
Ingerana_reticulata,1
Ingerana_tenasserimensis,1
Ingerophrynus_biporcatus,2
Ingerophrynus_celebensis,2
Ingerophrynus_claviger,2
Ingerophrynus_divergens,2
Ingerophrynus_galeatus,2
Ingerophrynus_gollum,2
Ingerophrynus_kumquat,2
Ingerophrynus_ledongensis,2
Ingerophrynus_macrotis,2
Ingerophrynus_parvus,2
Ingerophrynus_philippinicus,2
Ingerophrynus_quadriporcatus,2
Insuetophrynus_acarpicus,1
Insulasaurus_arborens,2
Insulasaurus_traanorum,2
Insulasaurus_victoria,2
Insulasaurus_wrighti,2
Intellagama_lesueurii,2
Inyoka_swazicus,2
Iodopleura_fusca,1
Iodopleura_isabellae,1
Iodopleura_pipra,1
Iole_charlottae,2
Iole_finschii,2
Iole_palawanensis,2
Iole_propinqua,2
Iole_viridescens,2
Iomys_horsfieldii,3
Iomys_sipora,3
Iphisa_elegans,1
Irania_gutturalis,2
Iranolacerta_brandtii,2
Iranolacerta_zagrosica,2
Irediparra_gallinacea,3
Irena_cyanogastra,3
Irena_puella,3
Irena_tweeddalii,3
Irenomys_tarsalis,2
Iridophanes_pulcherrimus,2
Iridosornis_analis,2
Iridosornis_jelskii,2
Iridosornis_porphyrocephalus,2
Iridosornis_reinhardti,2
Iridosornis_rufivertex,2
Ischnocnema_abdita,1
Ischnocnema_bocaina,1
Ischnocnema_bolbodactyla,1
Ischnocnema_colibri,1
Ischnocnema_concolor,1
Ischnocnema_erythromera,1
Ischnocnema_feioi,1
Ischnocnema_garciai,1
Ischnocnema_gehrti,1
Ischnocnema_gualteri,1
Ischnocnema_guentheri,1
Ischnocnema_henselii,1
Ischnocnema_hoehnei,1
Ischnocnema_holti,1
Ischnocnema_izecksohni,1
Ischnocnema_juipoca,1
Ischnocnema_karst,1
Ischnocnema_lactea,1
Ischnocnema_manezinho,1
Ischnocnema_melanopygia,1
Ischnocnema_nanahallux,1
Ischnocnema_nasuta,1
Ischnocnema_nigriventris,1
Ischnocnema_octavioi,1
Ischnocnema_oea,1
Ischnocnema_paranaensis,1
Ischnocnema_parnaso,1
Ischnocnema_parva,1
Ischnocnema_penaxavantinho,1
Ischnocnema_pusilla,1
Ischnocnema_randorum,1
Ischnocnema_sambaqui,1
Ischnocnema_spanios,1
Ischnocnema_surda,1
Ischnocnema_venancioi,1
Ischnocnema_verrucosa,1
Ischnocnema_vizottoi,1
Isleria_guttata,2
Isleria_hauxwelli,2
Islerothraupis_cristata,2
Islerothraupis_luctuosa,2
Islerothraupis_rufiventer,2
Isoodon_auratus,4
Isoodon_macrourus,4
Isoodon_obesulus,3
Isopachys_anguinoides,2
Isopachys_borealis,2
Isopachys_gyldenstolpei,2
Isopachys_roulei,2
Isothrix_barbarabrownae,3
Isothrix_bistriata,3
Isothrix_negrensis,3
Isothrix_orinoci,3
Isothrix_pagurus,3
Isothrix_sinnamariensis,3
Ispidina_lecontei,1
Ispidina_picta,1
Isthmohyla_angustilineata,2
Isthmohyla_debilis,2
Isthmohyla_graceae,2
Isthmohyla_infucata,2
Isthmohyla_lancasteri,2
Isthmohyla_picadoi,2
Isthmohyla_pictipes,2
Isthmohyla_pseudopuma,2
Isthmohyla_rivularis,2
Isthmohyla_tica,2
Isthmohyla_xanthosticta,2
Isthmohyla_zeteki,2
Isthmomys_flavidus,2
Isthmomys_pirrensis,2
Isthmura_bellii,1
Isthmura_boneti,1
Isthmura_corrugata,1
Isthmura_gigantea,1
Isthmura_maxima,1
Isthmura_naucampatepetl,1
Isthmura_sierraoccidentalis,1
Itapotihyla_langsdorffii,3
Ithaginis_cruentus,4
Ithycyphus_blanci,2
Ithycyphus_goudoti,2
Ithycyphus_miniatus,2
Ithycyphus_oursi,2
Ithycyphus_perineti,2
Ixalotriton_niger,1
Ixalotriton_parvus,1
Ixidia_cyaniventris,1
Ixidia_erythropthalmos,1
Ixidia_squamata,1
Ixobrychus_cinnamomeus,3
Ixobrychus_dubius,3
Ixobrychus_eurhythmus,3
Ixobrychus_exilis,3
Ixobrychus_flavicollis,3
Ixobrychus_involucris,3
Ixobrychus_minutus,3
Ixobrychus_sinensis,3
Ixobrychus_sturmii,3
Ixonotus_guttatus,2
Ixoreus_naevius,3
Ixos_malaccensis,2
Ixos_mcclellandii,3
Ixos_nicobariensis,2
Ixos_sumatranus,2
Ixos_virescens,2
Jabiru_mycteria,4
Jacamaralcyon_tridactyla,2
Jacamerops_aureus,3
Jacana_jacana,3
Jacana_spinosa,3
Jaculus_blanfordi,2
Jaculus_jaculus,2
Jaculus_orientalis,2
Janetaescincus_braueri,2
Janetaescincus_veseyfitzgeraldi,2
Japalura_andersoniana,2
Japalura_austeniana,2
Japalura_dasi,2
Japalura_kumaonensis,2
Japalura_major,2
Japalura_sagittifera,2
Japalura_tricarinata,2
Japalura_variegata,2
Jarujinia_bipedalis,2
Jubula_lettii,4
Juliamyia_julie,1
Julianus_camposseabrai,1
Julianus_fontanarrosai,1
Julianus_pinimus,1
Julianus_uruguayus,1
Juliomys_pictipes,1
Juliomys_rimofrons,1
Junco_bairdi,2
Junco_hyemalis,2
Junco_phaeonotus,2
Junco_vulcani,2
Juscelinomys_huanchacae,1
Jynx_ruficollis,2
Jynx_torquilla,2
Kadarsanomys_sodyi,3
Kaestlea_beddomii,2
Kaestlea_bilineata,2
Kaestlea_laterimaculata,2
Kaestlea_palnica,2
Kaestlea_travancorica,2
Kaieteurosaurus_hindsi,1
Kakamega_poliothorax,2
Kalophrynus_anya,1
Kalophrynus_baluensis,1
Kalophrynus_barioensis,1
Kalophrynus_bunguranus,1
Kalophrynus_calciphilus,1
Kalophrynus_cryptophonus,1
Kalophrynus_eok,1
Kalophrynus_heterochirus,1
Kalophrynus_honbaensis,1
Kalophrynus_interlineatus,1
Kalophrynus_intermedius,1
Kalophrynus_kiewi,1
Kalophrynus_limbooliati,1
Kalophrynus_meizon,1
Kalophrynus_minusculus,1
Kalophrynus_nubicola,1
Kalophrynus_orangensis,1
Kalophrynus_palmatissimus,1
Kalophrynus_pleurostigma,1
Kalophrynus_punctatus,1
Kalophrynus_robinsoni,1
Kalophrynus_subterrestris,1
Kalophrynus_tiomanensis,1
Kalophrynus_yongi,1
Kaloula_aureata,2
Kaloula_baleata,2
Kaloula_borealis,2
Kaloula_conjuncta,3
Kaloula_ghoshi,2
Kaloula_indochinensis,2
Kaloula_kalingensis,2
Kaloula_kokacii,2
Kaloula_latidisca,2
Kaloula_mediolineata,2
Kaloula_nonggangensis,2
Kaloula_picta,2
Kaloula_pulchra,3
Kaloula_rigida,2
Kaloula_rugifera,2
Kaloula_verrucosa,2
Kaloula_walteri,2
Kanakysaurus_viviparus,2
Kanakysaurus_zebratus,2
Kannabateomys_amblyonyx,3
Karsenia_koreana,1
Karusasaurus_jordani,2
Karusasaurus_polyzonus,2
Kassina_arboricola,2
Kassina_cassinoides,2
Kassina_cochranae,2
Kassina_decorata,2
Kassina_fusca,2
Kassina_jozani,2
Kassina_kuvangensis,2
Kassina_lamottei,2
Kassina_maculifer,2
Kassina_maculosa,2
Kassina_mertensi,2
Kassina_schioetzi,2
Kassina_senegalensis,2
Kassina_somalica,2
Kassina_wazae,2
Kassinula_wittei,1
Kaupifalco_monogrammicus,4
Kempiella_flavovirescens,1
Kempiella_griseoceps,1
Kenopia_striata,2
Kentropyx_altamazonica,3
Kentropyx_borckiana,3
Kentropyx_calcarata,3
Kentropyx_lagartija,3
Kentropyx_paulensis,3
Kentropyx_pelviceps,3
Kentropyx_striata,3
Kentropyx_vanzoi,3
Kentropyx_viridistriga,3
Kenyaphrynoides_vulcani,1
Kerivoula_africana,1
Kerivoula_agnella,1
Kerivoula_argentata,1
Kerivoula_cuprosa,1
Kerivoula_flora,1
Kerivoula_hardwickii,1
Kerivoula_intermedia,1
Kerivoula_kachinensis,1
Kerivoula_krauensis,1
Kerivoula_lanosa,1
Kerivoula_lenis,1
Kerivoula_minuta,1
Kerivoula_muscina,1
Kerivoula_myrella,1
Kerivoula_papillosa,1
Kerivoula_pellucida,1
Kerivoula_phalaena,1
Kerivoula_picta,1
Kerivoula_smithii,1
Kerivoula_titania,1
Kerivoula_whiteheadi,1
Kerodon_acrobata,3
Kerodon_rupestris,3
Ketupa_flavipes,4
Ketupa_ketupu,4
Ketupa_zeylonensis,4
Kinixys_homeana,4
Kinixys_lobatsiana,4
Kinixys_natalensis,4
Kinosternon_baurii,2
Kinosternon_chimalhuaca,2
Kinosternon_creaseri,2
Kinosternon_flavescens,2
Kinosternon_sonoriense,2
Kinosternon_steindachneri,2
Kinosternon_stejnegeri,2
Kinosternon_subrubrum,2
Kinosternon_vogti,2
Kinyongia_adolfifriderici,2
Kinyongia_asheorum,2
Kinyongia_boehmei,2
Kinyongia_carpenteri,2
Kinyongia_excubitor,2
Kinyongia_fischeri,2
Kinyongia_gyrolepis,2
Kinyongia_magomberae,2
Kinyongia_matschiei,2
Kinyongia_multituberculata,2
Kinyongia_mulyai,2
Kinyongia_oxyrhina,2
Kinyongia_tavetana,2
Kinyongia_tenuis,2
Kinyongia_uluguruensis,2
Kinyongia_uthmoelleri,2
Kinyongia_vanheygeni,2
Kinyongia_vosseleri,2
Kinyongia_xenorhina,2
Kittacincla_albiventris,2
Kittacincla_cebuensis,2
Kittacincla_luzoniensis,2
Kittacincla_malabarica,3
Kittacincla_nigra,2
Kittacincla_superciliaris,2
Kladirostratus_acutus,2
Kladirostratus_togoensis,2
Klais_guimeti,1
Kleinothraupis_atropileus,2
Kleinothraupis_auricularis,2
Kleinothraupis_calophrys,2
Kleinothraupis_parodii,2
Kleinothraupis_reyi,2
Knipolegus_aterrimus,2
Knipolegus_cabanisi,2
Knipolegus_cyanirostris,2
Knipolegus_franciscanus,2
Knipolegus_heterogyna,2
Knipolegus_hudsoni,2
Knipolegus_lophotes,2
Knipolegus_nigerrimus,2
Knipolegus_orenocensis,2
Knipolegus_poecilocercus,2
Knipolegus_poecilurus,2
Knipolegus_sclateri,2
Knipolegus_signatus,2
Knipolegus_striaticeps,2
Kobus_ellipsiprymnus,4
Kobus_kob,4
Kobus_leche,4
Kobus_megaceros,4
Kobus_vardonii,4
Kolekanos_plumicaudus,2
Komodomys_rintjanus,3
Kunsia_tomentosus,3
Kupeornis_chapini,2
Kupeornis_gilberti,2
Kupeornis_rufocinctus,2
Kurixalus_absconditus,1
Kurixalus_appendiculatus,1
Kurixalus_baliogaster,1
Kurixalus_banaensis,1
Kurixalus_berylliniris,1
Kurixalus_bisacculus,1
Kurixalus_chaseni,1
Kurixalus_eiffingeri,1
Kurixalus_gracilloides,1
Kurixalus_hainanus,1
Kurixalus_idiootocus,1
Kurixalus_lenquanensis,1
Kurixalus_motokawai,1
Kurixalus_naso,1
Kurixalus_odontotarsus,1
Kurixalus_verrucosus,1
Kurixalus_viridescens,1
Kurixalus_wangi,1
Kurixalus_yangi,1
Lacedo_melanops,3
Lacedo_pulchella,3
Lacerta_agilis,2
Lacerta_bilineata,2
Lacerta_citrovittata,2
Lacerta_media,2
Lacerta_pamphylica,2
Lacerta_schreiberi,2
Lacerta_strigata,2
Lacerta_trilineata,2
Lacerta_viridis,2
Lacertaspis_chriswildi,1
Lacertaspis_gemmiventris,1
Lacertaspis_lepesmei,1
Lacertaspis_reichenowii,1
Lacertaspis_rohdei,1
Lacertoides_pardalis,2
Lachesis_acrochorda,2
Lachesis_melanocephala,2
Lachesis_muta,2
Lachesis_stenophrys,2
Laemanctus_longipes,2
Laemanctus_serratus,2
Laephotis_angolensis,2
Laephotis_botswanae,2
Laephotis_namibensis,2
Laephotis_wintoni,2
Lafresnaya_lafresnayi,1
Lagidium_ahuacaense,4
Lagidium_viscacia,4
Lagidium_wolffsohni,4
Lagonosticta_larvata,1
Lagonosticta_nigricollis,1
Lagonosticta_nitidula,1
Lagonosticta_rara,1
Lagonosticta_rhodopareia,1
Lagonosticta_rubricata,1
Lagonosticta_rufopicta,1
Lagonosticta_sanguinodorsalis,1
Lagonosticta_senegala,1
Lagonosticta_umbrinodorsalis,1
Lagonosticta_vinacea,1
Lagonosticta_virata,1
Lagopus_lagopus,4
Lagopus_leucura,4
Lagopus_muta,4
Lagorchestes_conspicillatus,4
Lagorchestes_hirsutus,4
Lagostomus_maximus,4
Lagostrophus_fasciatus,4
Lagothrix_flavicauda,4
Lagothrix_lagothricha,4
Lagurus_lagurus,1
Lalage_atrovirens,2
Lalage_aurea,2
Lalage_conjuncta,2
Lalage_fimbriata,2
Lalage_leucomela,2
Lalage_leucoptera,2
Lalage_leucopyga,2
Lalage_leucopygialis,2
Lalage_maculosa,2
Lalage_melanoleuca,2
Lalage_melanoptera,2
Lalage_melaschistos,2
Lalage_minor,2
Lalage_moesta,2
Lalage_newtoni,2
Lalage_nigra,2
Lalage_polioptera,2
Lalage_sueurii,2
Lalage_tricolor,2
Lalage_typica,2
Laliostoma_labrosum,2
Lama_guanicoe,4
Lamottemys_okuensis,2
Lampornis_amethystinus,1
Lampornis_calolaemus,1
Lampornis_castaneoventris,1
Lampornis_cinereicauda,1
Lampornis_clemenciae,1
Lampornis_hemileucus,1
Lampornis_sybillae,1
Lampornis_viridipallens,1
Lamprolaima_rhami,1
Lamprolepis_leucosticta,2
Lamprolepis_nieuwenhuisii,2
Lamprolepis_smaragdina,2
Lamprolia_klinesmithi,1
Lamprolia_victoriae,1
Lampronycteris_brachyotis,2
Lampropeltis_abnorma,2
Lampropeltis_alterna,2
Lampropeltis_annulata,2
Lampropeltis_californiae,2
Lampropeltis_calligaster,2
Lampropeltis_catalinensis,2
Lampropeltis_elapsoides,2
Lampropeltis_extenuata,2
Lampropeltis_gentilis,2
Lampropeltis_getula,2
Lampropeltis_holbrooki,2
Lampropeltis_knoblochi,2
Lampropeltis_mexicana,2
Lampropeltis_micropholis,2
Lampropeltis_nigra,2
Lampropeltis_polyzona,2
Lampropeltis_pyromelana,2
Lampropeltis_ruthveni,2
Lampropeltis_splendida,2
Lampropeltis_triangulum,2
Lampropeltis_webbi,2
Lampropeltis_zonata,2
Lamprophis_aurora,2
Lamprophis_fiskii,2
Lamprophis_fuscus,2
Lamprophis_guttatus,2
Lampropholis_adonis,1
Lampropholis_amicula,1
Lampropholis_bellendenkerensis,1
Lampropholis_caligula,1
Lampropholis_coggeri,1
Lampropholis_colossus,1
Lampropholis_couperi,1
Lampropholis_delicata,1
Lampropholis_elliotensis,1
Lampropholis_elongata,1
Lampropholis_guichenoti,1
Lampropholis_mirabilis,1
Lampropholis_robertsi,1
Lampropholis_similis,1
Lampropsar_tanagrinus,3
Lamprospiza_melanoleuca,2
Lamprotornis_acuticaudus,3
Lamprotornis_albicapillus,3
Lamprotornis_australis,4
Lamprotornis_benguelensis,3
Lamprotornis_bicolor,3
Lamprotornis_caudatus,3
Lamprotornis_chalcurus,3
Lamprotornis_chalybaeus,3
Lamprotornis_chloropterus,3
Lamprotornis_fischeri,3
Lamprotornis_hildebrandti,3
Lamprotornis_iris,3
Lamprotornis_mevesii,3
Lamprotornis_nitens,3
Lamprotornis_ornatus,3
Lamprotornis_pulcher,3
Lamprotornis_purpureus,3
Lamprotornis_purpuroptera,3
Lamprotornis_regius,3
Lamprotornis_shelleyi,3
Lamprotornis_splendidus,3
Lamprotornis_superbus,3
Lamprotornis_unicolor,3
Lamprotornis_violacior,3
Langaha_alluaudi,2
Langaha_madagascariensis,2
Langaha_pseudoalluaudi,2
Laniarius_aethiopicus,3
Laniarius_amboimensis,3
Laniarius_atrococcineus,3
Laniarius_atroflavus,3
Laniarius_barbarus,3
Laniarius_bicolor,3
Laniarius_brauni,3
Laniarius_erythrogaster,3
Laniarius_ferrugineus,3
Laniarius_fuelleborni,3
Laniarius_funebris,3
Laniarius_holomelas,3
Laniarius_leucorhynchus,3
Laniarius_luehderi,3
Laniarius_mufumbiri,3
Laniarius_nigerrimus,3
Laniarius_poensis,3
Laniarius_ruficeps,3
Laniarius_sublacteus,3
Laniarius_turatii,3
Laniellus_albonotatus,2
Laniellus_langbianis,2
Laniisoma_buckleyi,3
Laniisoma_elegans,3
Lanio_aurantius,2
Lanio_fulvus,2
Lanio_leucothorax,2
Lanio_versicolor,2
Laniocera_hypopyrra,3
Laniocera_rufescens,3
Lanioturdus_torquatus,2
Lanius_borealis,3
Lanius_bucephalus,2
Lanius_cabanisi,2
Lanius_collaris,2
Lanius_collurio,2
Lanius_collurioides,2
Lanius_cristatus,2
Lanius_dorsalis,2
Lanius_excubitor,3
Lanius_excubitoroides,3
Lanius_giganteus,3
Lanius_gubernator,2
Lanius_isabellinus,2
Lanius_ludovicianus,3
Lanius_mackinnoni,2
Lanius_meridionalis,3
Lanius_minor,2
Lanius_newtoni,2
Lanius_nubicus,2
Lanius_phoenicuroides,2
Lanius_schach,2
Lanius_senator,2
Lanius_somalicus,2
Lanius_souzae,2
Lanius_sphenocercus,3
Lanius_tephronotus,2
Lanius_tigrinus,2
Lanius_validirostris,2
Lanius_vittatus,2
Lankanectes_corrugatus,2
Lankanectes_pera,2
Lankascincus_deignani,1
Lankascincus_dorsicatenatus,1
Lankascincus_fallax,1
Lankascincus_gansi,1
Lankascincus_greeri,1
Lankascincus_megalops,1
Lankascincus_sripadensis,1
Lankascincus_taprobanensis,1
Lankascincus_taylori,1
Lanthanotus_borneensis,2
Lanzarana_largeni,3
Laonastes_aenigmamus,3
Laotriton_laoensis,4
Lariscus_hosei,3
Lariscus_insignis,3
Lariscus_niobe,3
Lariscus_obscurus,3
Larus_argentatus,4
Larus_armenicus,4
Larus_audouinii,4
Larus_brunnicephalus,4
Larus_bulleri,4
Larus_cachinnans,4
Larus_californicus,4
Larus_canus,4
Larus_cirrocephalus,4
Larus_delawarensis,4
Larus_dominicanus,4
Larus_fuscus,4
Larus_genei,4
Larus_glaucescens,4
Larus_hartlaubii,4
Larus_hemprichii,4
Larus_ichthyaetus,4
Larus_maculipennis,4
Larus_melanocephalus,4
Larus_michahellis,4
Larus_novaehollandiae,4
Larus_philadelphia,4
Larus_pipixcan,4
Larus_relictus,4
Larus_ridibundus,4
Larus_schistisagus,4
Larus_serranus,4
Larus_smithsonianus,4
Larutia_larutensis,1
Larutia_miodactyla,1
Larutia_nubisilvicola,1
Larutia_penangensis,1
Larutia_puehensis,1
Larutia_seribuatensis,1
Larutia_sumatrensis,1
Larutia_trifasciata,1
Larvivora_akahige,2
Larvivora_brunnea,2
Larvivora_cyane,2
Larvivora_komadori,2
Larvivora_namiyei,2
Larvivora_ruficeps,2
Larvivora_sibilans,2
Larvivora_tanensis,2
Lasionycteris_noctivagans,2
Lasiopodomys_brandtii,2
Lasiopodomys_fuscus,2
Lasiopodomys_mandarinus,2
Lasiorhinus_krefftii,4
Lasiorhinus_latifrons,4
Lasiurus_atratus,3
Lasiurus_blossevillii,3
Lasiurus_borealis,3
Lasiurus_castaneus,3
Lasiurus_cinereus,3
Lasiurus_degelidus,3
Lasiurus_ebenus,3
Lasiurus_ega,3
Lasiurus_egregius,3
Lasiurus_insularis,3
Lasiurus_intermedius,3
Lasiurus_minor,3
Lasiurus_salinae,3
Lasiurus_seminolus,3
Lasiurus_varius,3
Lasiurus_xanthinus,3
Latastia_boscai,1
Latastia_caeruleopunctata,1
Latastia_cherchii,1
Latastia_doriai,1
Latastia_johnstonii,1
Latastia_longicaudata,1
Latastia_ornata,1
Latastia_petersiana,1
Latastia_siebenrocki,1
Latastia_taylori,1
Laterallus_albigularis,2
Laterallus_exilis,2
Laterallus_jamaicensis,2
Laterallus_leucopyrrhus,2
Laterallus_levraudi,2
Laterallus_melanophaius,2
Laterallus_ruber,2
Laterallus_spilonota,2
Laterallus_tuerosi,2
Laterallus_xenopterus,2
Lathamus_discolor,3
Lathrotriccus_euleri,1
Lathrotriccus_griseipectus,1
Laticauda_colubrina,2
Laticauda_frontalis,2
Laticauda_guineai,2
Laticauda_laticaudata,2
Laticauda_saintgironsi,2
Laticauda_schistorhyncha,2
Laticauda_semifasciata,2
Laticilla_burnesii,2
Laticilla_cinerascens,2
Latidens_salimalii,4
Latonia_nigriventer,2
Laudakia_agrorensis,2
Laudakia_cypriaca,2
Laudakia_dayana,2
Laudakia_melanura,2
Laudakia_nupta,2
Laudakia_nuristanica,2
Laudakia_pakistanica,2
Laudakia_papenfussi,2
Laudakia_sacra,2
Laudakia_stellio,2
Laudakia_tuberculata,2
Laudakia_vulgaris,2
Laudakia_wui,2
Laurentophryne_parkeri,1
Lavia_frons,3
Legatus_leucophaius,2
Leggadina_forresti,1
Leggadina_lakedownensis,1
Leiocephalus_altavelensis,2
Leiocephalus_barahonensis,2
Leiocephalus_carinatus,2
Leiocephalus_cubensis,2
Leiocephalus_endomychus,2
Leiocephalus_greenwayi,2
Leiocephalus_inaguae,2
Leiocephalus_loxogrammus,2
Leiocephalus_lunatus,2
Leiocephalus_macropus,2
Leiocephalus_melanochlorus,2
Leiocephalus_onaneyi,2
Leiocephalus_personatus,2
Leiocephalus_pratensis,2
Leiocephalus_psammodromus,2
Leiocephalus_punctatus,2
Leiocephalus_raviceps,2
Leiocephalus_rhutidira,2
Leiocephalus_schreibersii,2
Leiocephalus_semilineatus,2
Leiocephalus_stictigaster,2
Leiocephalus_varius,2
Leiocephalus_vinculum,2
Leioheterodon_geayi,2
Leioheterodon_madagascariensis,2
Leioheterodon_modestus,2
Leiolepis_belliana,2
Leiolepis_boehmei,2
Leiolepis_guentherpetersi,2
Leiolepis_guttata,2
Leiolepis_ngovantrii,2
Leiolepis_ocellata,2
Leiolepis_peguensis,2
Leiolepis_reevesii,2
Leiolepis_rubritaeniata,2
Leiolepis_triploida,2
Leiolopisma_alazon,1
Leiolopisma_telfairii,1
Leiopelma_archeyi,2
Leiopelma_hamiltoni,2
Leiopelma_hochstetteri,2
Leiopelma_pakeka,2
Leiopicus_auriceps,3
Leiopicus_mahrattensis,3
Leiopicus_medius,3
Leioptila_annectens,2
Leiopython_albertisii,3
Leiopython_biakensis,3
Leiopython_fredparkeri,3
Leiopython_huonensis,3
Leiopython_meridionalis,3
Leiopython_montanus,3
Leiosaurus_bellii,2
Leiosaurus_catamarcensis,2
Leiosaurus_jaguaris,2
Leiosaurus_paronae,2
Leiothlypis_celata,1
Leiothlypis_crissalis,1
Leiothlypis_luciae,1
Leiothlypis_peregrina,1
Leiothlypis_ruficapilla,1
Leiothlypis_virginiae,1
Leiothrix_argentauris,2
Leiothrix_laurinae,2
Leiothrix_lutea,2
Leipoa_ocellata,4
Leistes_bellicosus,3
Leistes_defilippii,3
Leistes_loyca,3
Leistes_militaris,3
Leistes_superciliaris,3
Lemmiscus_curtatus,1
Lemmus_amurensis,2
Lemmus_lemmus,3
Lemmus_portenkoi,2
Lemmus_sibiricus,2
Lemmus_trimucronatus,2
Lemniscomys_barbarus,2
Lemniscomys_bellieri,2
Lemniscomys_griselda,2
Lemniscomys_hoogstraali,2
Lemniscomys_linulus,2
Lemniscomys_macculus,2
Lemniscomys_mittendorfi,2
Lemniscomys_rosalia,2
Lemniscomys_roseveari,2
Lemniscomys_striatus,2
Lemniscomys_zebra,2
Lemur_catta,4
Lenomys_meyeri,3
Lenothrix_canus,3
Lenoxus_apicalis,3
Leonardina_woodi,2
Leontocebus_cruzlimai,3
Leontocebus_fuscicollis,3
Leontocebus_fuscus,3
Leontocebus_illigeri,3
Leontocebus_lagonotus,3
Leontocebus_leucogenys,3
Leontocebus_nigricollis,3
Leontocebus_nigrifrons,3
Leontocebus_tripartitus,3
Leontocebus_weddelli,3
Leontopithecus_caissara,3
Leontopithecus_chrysomelas,3
Leontopithecus_chrysopygus,3
Leontopithecus_rosalia,3
Leopardus_colocolo,4
Leopardus_geoffroyi,4
Leopardus_guigna,4
Leopardus_guttulus,4
Leopardus_jacobita,4
Leopardus_pardalis,4
Leopardus_tigrinus,4
Leopardus_wiedii,4
Leopoldamys_ciliatus,3
Leopoldamys_diwangkarai,3
Leopoldamys_edwardsi,3
Leopoldamys_milleti,3
Leopoldamys_neilli,3
Leopoldamys_sabanus,3
Leopoldamys_siporanus,3
Lepidobatrachus_asper,4
Lepidobatrachus_laevis,4
Lepidobatrachus_llanensis,4
Lepidoblepharis_buchwaldi,1
Lepidoblepharis_colombianus,1
Lepidoblepharis_conolepis,1
Lepidoblepharis_duolepis,1
Lepidoblepharis_festae,1
Lepidoblepharis_grandis,1
Lepidoblepharis_heyerorum,1
Lepidoblepharis_hoogmoedi,1
Lepidoblepharis_intermedius,1
Lepidoblepharis_microlepis,1
Lepidoblepharis_miyatai,1
Lepidoblepharis_montecanoensis,1
Lepidoblepharis_peraccae,1
Lepidoblepharis_ruthveni,1
Lepidoblepharis_sanctaemartae,1
Lepidoblepharis_williamsi,1
Lepidoblepharis_xanthostigma,1
Lepidochelys_kempii,4
Lepidochelys_olivacea,4
Lepidocolaptes_affinis,2
Lepidocolaptes_albolineatus,2
Lepidocolaptes_angustirostris,2
Lepidocolaptes_duidae,2
Lepidocolaptes_falcinellus,2
Lepidocolaptes_fatimalimae,2
Lepidocolaptes_fuscicapillus,2
Lepidocolaptes_lacrymiger,2
Lepidocolaptes_leucogaster,2
Lepidocolaptes_neglectus,2
Lepidocolaptes_souleyetii,2
Lepidocolaptes_squamatus,2
Lepidodactylus_aignanus,1
Lepidodactylus_aureolineatus,1
Lepidodactylus_bakingibut,1
Lepidodactylus_balioburius,1
Lepidodactylus_bisakol,1
Lepidodactylus_browni,1
Lepidodactylus_buleli,1
Lepidodactylus_christiani,1
Lepidodactylus_dialeukos,1
Lepidodactylus_euaensis,1
Lepidodactylus_flaviocularis,1
Lepidodactylus_guppyi,1
Lepidodactylus_herrei,1
Lepidodactylus_intermedius,1
Lepidodactylus_kwasnickae,1
Lepidodactylus_labialis,1
Lepidodactylus_lombocensis,1
Lepidodactylus_lugubris,1
Lepidodactylus_magnus,1
Lepidodactylus_manni,1
Lepidodactylus_mitchelli,1
Lepidodactylus_moestus,1
Lepidodactylus_mutahi,1
Lepidodactylus_novaeguineae,1
Lepidodactylus_oligoporus,1
Lepidodactylus_oorti,1
Lepidodactylus_orientalis,1
Lepidodactylus_pantai,1
Lepidodactylus_paurolepis,1
Lepidodactylus_planicaudus,1
Lepidodactylus_pollostos,1
Lepidodactylus_pulcher,1
Lepidodactylus_pumilus,1
Lepidodactylus_ranauensis,1
Lepidodactylus_sacrolineatus,1
Lepidodactylus_shebae,1
Lepidodactylus_tepukapili,1
Lepidodactylus_vanuatuensis,1
Lepidodactylus_yami,1
Lepidodactylus_zweifeli,1
Lepidogrammus_cumingi,3
Lepidophyma_chicoasensis,1
Lepidophyma_dontomasi,1
Lepidophyma_flavimaculatum,1
Lepidophyma_gaigeae,1
Lepidophyma_lineri,1
Lepidophyma_lipetzi,1
Lepidophyma_lowei,1
Lepidophyma_mayae,1
Lepidophyma_micropholis,1
Lepidophyma_occulor,1
Lepidophyma_pajapanensis,1
Lepidophyma_radula,1
Lepidophyma_reticulatum,1
Lepidophyma_smithii,1
Lepidophyma_sylvaticum,1
Lepidophyma_tarascae,1
Lepidophyma_tuxtlae,1
Lepidopyga_coeruleogularis,1
Lepidopyga_goudoti,1
Lepidopyga_lilliae,1
Lepidopygia_nana,1
Lepidothrix_coeruleocapilla,1
Lepidothrix_coronata,1
Lepidothrix_iris,1
Lepidothrix_isidorei,1
Lepidothrix_nattereri,1
Lepidothrix_serena,1
Lepidothrix_suavissima,1
Lepidothrix_vilasboasi,1
Lepilemur_aeeclis,3
Lepilemur_ahmansonori,3
Lepilemur_ankaranensis,3
Lepilemur_betsileo,3
Lepilemur_dorsalis,3
Lepilemur_edwardsi,3
Lepilemur_fleuretae,3
Lepilemur_grewcockorum,3
Lepilemur_hollandorum,3
Lepilemur_hubbardorum,3
Lepilemur_jamesorum,3
Lepilemur_leucopus,3
Lepilemur_microdon,3
Lepilemur_milanoii,3
Lepilemur_mittermeieri,3
Lepilemur_mustelinus,3
Lepilemur_otto,3
Lepilemur_petteri,3
Lepilemur_randrianasoloi,3
Lepilemur_ruficaudatus,3
Lepilemur_sahamalaza,3
Lepilemur_scottorum,3
Lepilemur_seali,3
Lepilemur_septentrionalis,3
Lepilemur_tymerlachsoni,3
Lepilemur_wrightae,3
Leporillus_conditor,3
Leposoma_annectans,1
Leposoma_baturitensis,1
Leposoma_nanodactylus,1
Leposoma_puk,1
Leposoma_scincoides,1
Leposoma_sinepollex,1
Leposternon_cerradensis,1
Leposternon_infraorbitale,1
Leposternon_kisteumacheri,1
Leposternon_maximus,1
Leposternon_microcephalum,1
Leposternon_octostegum,1
Leposternon_polystegum,1
Leposternon_scutigerum,1
Leposternon_wuchereri,1
Leptailurus_serval,4
Leptasthenura_aegithaloides,1
Leptasthenura_andicola,1
Leptasthenura_berlepschi,1
Leptasthenura_fuliginiceps,1
Leptasthenura_pallida,1
Leptasthenura_pileata,1
Leptasthenura_platensis,1
Leptasthenura_setaria,1
Leptasthenura_striata,1
Leptasthenura_striolata,1
Leptasthenura_xenothorax,1
Leptobrachella_aerea,1
Leptobrachella_alpina,1
Leptobrachella_applebyi,1
Leptobrachella_arayai,1
Leptobrachella_ardens,1
Leptobrachella_baluensis,1
Leptobrachella_bidoupensis,1
Leptobrachella_bijie,1
Leptobrachella_botsfordi,1
Leptobrachella_bourreti,1
Leptobrachella_brevicrus,1
Leptobrachella_crocea,1
Leptobrachella_dringi,1
Leptobrachella_eos,1
Leptobrachella_firthi,1
Leptobrachella_fritinniens,1
Leptobrachella_fuliginosa,1
Leptobrachella_gracilis,1
Leptobrachella_hamidi,1
Leptobrachella_heteropus,1
Leptobrachella_isos,1
Leptobrachella_itiokai,1
Leptobrachella_juliandringi,1
Leptobrachella_kajangensis,1
Leptobrachella_kalonensis,1
Leptobrachella_kecil,1
Leptobrachella_khasiorum,1
Leptobrachella_lateralis,1
Leptobrachella_laui,1
Leptobrachella_liui,1
Leptobrachella_macrops,1
Leptobrachella_maculosa,1
Leptobrachella_mangshanensis,1
Leptobrachella_maoershanensis,1
Leptobrachella_marmorata,1
Leptobrachella_maura,1
Leptobrachella_melanoleuca,1
Leptobrachella_melica,1
Leptobrachella_minima,1
Leptobrachella_mjobergi,1
Leptobrachella_nahangensis,1
Leptobrachella_namdongensis,1
Leptobrachella_natunae,1
Leptobrachella_nokrekensis,1
Leptobrachella_nyx,1
Leptobrachella_oshanensis,1
Leptobrachella_pallida,1
Leptobrachella_palmata,1
Leptobrachella_parva,1
Leptobrachella_pelodytoides,1
Leptobrachella_petrops,1
Leptobrachella_picta,1
Leptobrachella_platycephala,1
Leptobrachella_pluvialis,1
Leptobrachella_puhoatensis,1
Leptobrachella_purpuraventra,1
Leptobrachella_purpurus,1
Leptobrachella_pyrrhops,1
Leptobrachella_rowleyae,1
Leptobrachella_sabahmontana,1
Leptobrachella_serasanae,1
Leptobrachella_shangsiensis,1
Leptobrachella_sola,1
Leptobrachella_sungi,1
Leptobrachella_tadungensis,1
Leptobrachella_tamdil,1
Leptobrachella_tengchongensis,1
Leptobrachella_tuberosa,1
Leptobrachella_ventripunctata,1
Leptobrachella_wuhuangmontis,1
Leptobrachella_yingjiangensis,1
Leptobrachella_yunkaiensis,1
Leptobrachium_abbotti,2
Leptobrachium_ailaonicum,2
Leptobrachium_banae,2
Leptobrachium_bompu,2
Leptobrachium_boringii,2
Leptobrachium_buchardi,2
Leptobrachium_chapaense,2
Leptobrachium_guangxiense,2
Leptobrachium_gunungense,2
Leptobrachium_hainanense,2
Leptobrachium_hasseltii,2
Leptobrachium_hendricksoni,2
Leptobrachium_huashen,2
Leptobrachium_ingeri,2
Leptobrachium_kanowitense,2
Leptobrachium_kantonishikawai,2
Leptobrachium_leishanense,2
Leptobrachium_leucops,2
Leptobrachium_liui,2
Leptobrachium_lumadorum,2
Leptobrachium_mangyanorum,2
Leptobrachium_masatakasatoi,2
Leptobrachium_montanum,2
Leptobrachium_mouhoti,2
Leptobrachium_ngoclinhense,2
Leptobrachium_nigrops,2
Leptobrachium_promustache,2
Leptobrachium_pullum,2
Leptobrachium_rakhinense,2
Leptobrachium_smithi,2
Leptobrachium_tagbanorum,2
Leptobrachium_tenasserimense,2
Leptobrachium_tengchongense,2
Leptobrachium_waysepuntiense,2
Leptobrachium_xanthops,2
Leptobrachium_xanthospilum,2
Leptocoma_aspasia,1
Leptocoma_brasiliana,1
Leptocoma_calcostetha,1
Leptocoma_juliae,1
Leptocoma_minima,1
Leptocoma_sperata,1
Leptocoma_zeylonica,1
Leptodactylodon_albiventris,1
Leptodactylodon_axillaris,1
Leptodactylodon_bicolor,1
Leptodactylodon_blanci,1
Leptodactylodon_boulengeri,1
Leptodactylodon_bueanus,1
Leptodactylodon_erythrogaster,1
Leptodactylodon_mertensi,1
Leptodactylodon_ornatus,1
Leptodactylodon_ovatus,1
Leptodactylodon_perreti,1
Leptodactylodon_polyacanthus,1
Leptodactylodon_stevarti,1
Leptodactylodon_ventrimarmoratus,1
Leptodactylodon_wildi,1
Leptodactylus_albilabris,2
Leptodactylus_apepyta,2
Leptodactylus_barrioi,3
Leptodactylus_bolivianus,3
Leptodactylus_brevipes,2
Leptodactylus_bufonius,2
Leptodactylus_caatingae,2
Leptodactylus_camaquara,2
Leptodactylus_colombiensis,2
Leptodactylus_cunicularius,2
Leptodactylus_cupreus,2
Leptodactylus_didymus,2
Leptodactylus_diedrus,2
Leptodactylus_discodactylus,1
Leptodactylus_elenae,2
Leptodactylus_fallax,4
Leptodactylus_flavopictus,4
Leptodactylus_fragilis,1
Leptodactylus_furnarius,2
Leptodactylus_fuscus,2
Leptodactylus_gracilis,1
Leptodactylus_griseigularis,2
Leptodactylus_guianensis,2
Leptodactylus_hylodes,3
Leptodactylus_insularum,3
Leptodactylus_intermedius,2
Leptodactylus_jolyi,2
Leptodactylus_kilombo,2
Leptodactylus_knudseni,4
Leptodactylus_labrosus,2
Leptodactylus_labyrinthicus,4
Leptodactylus_laticeps,4
Leptodactylus_latinasus,2
Leptodactylus_latrans,4
Leptodactylus_lauramiriamae,2
Leptodactylus_leptodactyloides,2
Leptodactylus_lithonaetes,2
Leptodactylus_longirostris,2
Leptodactylus_luctator,3
Leptodactylus_macrosternum,3
Leptodactylus_magistris,2
Leptodactylus_marambaiae,2
Leptodactylus_melanonotus,2
Leptodactylus_myersi,2
Leptodactylus_mystaceus,3
Leptodactylus_mystacinus,3
Leptodactylus_natalensis,2
Leptodactylus_nesiotus,2
Leptodactylus_notoaktites,2
Leptodactylus_ochraceus,2
Leptodactylus_oreomantis,2
Leptodactylus_paraensis,2
Leptodactylus_paranaru,2
Leptodactylus_pascoensis,2
Leptodactylus_payaya,2
Leptodactylus_pentadactylus,4
Leptodactylus_peritoaktites,2
Leptodactylus_petersii,2
Leptodactylus_plaumanni,2
Leptodactylus_podicipinus,2
Leptodactylus_poecilochilus,2
Leptodactylus_pustulatus,2
Leptodactylus_rhodomerus,3
Leptodactylus_rhodomystax,3
Leptodactylus_rhodonotus,3
Leptodactylus_riveroi,2
Leptodactylus_rugosus,2
Leptodactylus_sabanensis,2
Leptodactylus_savagei,4
Leptodactylus_sertanejo,2
Leptodactylus_silvanimbus,3
Leptodactylus_spixi,2
Leptodactylus_stenodema,2
Leptodactylus_syphax,4
Leptodactylus_tapiti,2
Leptodactylus_troglodytes,2
Leptodactylus_turimiquensis,2
Leptodactylus_validus,2
Leptodactylus_vastus,4
Leptodactylus_ventrimaculatus,2
Leptodactylus_viridis,2
Leptodactylus_wagneri,2
Leptodactylus_watu,2
Leptodeira_annulata,2
Leptodeira_bakeri,2
Leptodeira_frenata,2
Leptodeira_maculata,2
Leptodeira_nigrofasciata,2
Leptodeira_punctata,2
Leptodeira_rhombifera,2
Leptodeira_rubricata,2
Leptodeira_septentrionalis,2
Leptodeira_splendida,2
Leptodeira_uribei,2
Leptodon_cayanensis,4
Leptodon_forbesi,4
Leptodrymus_pulcherrimus,2
Leptomantis_angulirostris,1
Leptomantis_belalongensis,1
Leptomantis_bimaculatus,1
Leptomantis_cyanopunctatus,1
Leptomantis_fasciatus,1
Leptomantis_gadingensis,1
Leptomantis_gauni,1
Leptomantis_harrissoni,1
Leptomantis_malkmusi,1
Leptomantis_penanorum,1
Leptomantis_pseudacutirostris,1
Leptomantis_robinsonii,1
Leptomantis_rufipes,1
Leptomys_arfakensis,2
Leptomys_elegans,2
Leptomys_ernstmayri,2
Leptomys_paulus,2
Leptomys_signatus,2
Leptonycteris_curasoae,4
Leptonycteris_nivalis,4
Leptonycteris_yerbabuenae,4
Leptopelis_anchietae,2
Leptopelis_anebos,2
Leptopelis_argenteus,2
Leptopelis_aubryi,2
Leptopelis_aubryioides,2
Leptopelis_bequaerti,2
Leptopelis_bocagii,2
Leptopelis_boulengeri,2
Leptopelis_brevipes,2
Leptopelis_brevirostris,2
Leptopelis_bufonides,2
Leptopelis_calcaratus,2
Leptopelis_christyi,2
Leptopelis_concolor,2
Leptopelis_crystallinoron,2
Leptopelis_cynnamomeus,2
Leptopelis_fenestratus,2
Leptopelis_fiziensis,2
Leptopelis_flavomaculatus,3
Leptopelis_gramineus,2
Leptopelis_grandiceps,3
Leptopelis_jordani,2
Leptopelis_karissimbensis,2
Leptopelis_kivuensis,2
Leptopelis_lebeaui,2
Leptopelis_mackayi,2
Leptopelis_macrotis,2
Leptopelis_marginatus,2
Leptopelis_millsoni,2
Leptopelis_modestus,2
Leptopelis_mossambicus,2
Leptopelis_mtoewaate,2
Leptopelis_natalensis,3
Leptopelis_nordequatorialis,2
Leptopelis_notatus,2
Leptopelis_occidentalis,2
Leptopelis_ocellatus,3
Leptopelis_oryi,2
Leptopelis_palmatus,2
Leptopelis_parbocagii,2
Leptopelis_parkeri,2
Leptopelis_parvus,2
Leptopelis_ragazzii,3
Leptopelis_rufus,2
Leptopelis_spiritusnoctis,2
Leptopelis_susanae,2
Leptopelis_uluguruensis,2
Leptopelis_vannutellii,2
Leptopelis_vermiculatus,3
Leptopelis_viridis,3
Leptopelis_xenodactylus,2
Leptopelis_yaldeni,2
Leptopelis_zebra,2
Leptophis_ahaetulla,2
Leptophis_coeruleodorsus,2
Leptophis_cupreus,2
Leptophis_depressirostris,2
Leptophis_diplotropis,2
Leptophis_haileyi,2
Leptophis_mexicanus,2
Leptophis_modestus,2
Leptophis_nebulosus,2
Leptophis_riveti,2
Leptophis_stimsoni,2
Leptophryne_borbonica,1
Leptophryne_cruentata,1
Leptophryne_javanica,1
Leptopoecile_elegans,1
Leptopoecile_sophiae,1
Leptopogon_albidiventer,1
Leptopogon_amaurocephalus,1
Leptopogon_rufipectus,1
Leptopogon_superciliaris,1
Leptopogon_taczanowskii,1
Leptopterus_chabert,2
Leptoptilos_crumenifer,4
Leptoptilos_dubius,4
Leptoptilos_javanicus,4
Leptoseps_osellai,1
Leptoseps_poilani,1
Leptosiaphos_aloysiisabaudiae,1
Leptosiaphos_amieti,1
Leptosiaphos_blochmanni,1
Leptosiaphos_dewittei,1
Leptosiaphos_dungeri,1
Leptosiaphos_fuhni,1
Leptosiaphos_graueri,1
Leptosiaphos_hackarsi,1
Leptosiaphos_hylophilus,1
Leptosiaphos_ianthinoxantha,1
Leptosiaphos_kilimensis,1
Leptosiaphos_koutoui,1
Leptosiaphos_luberoensis,1
Leptosiaphos_meleagris,1
Leptosiaphos_pauliani,1
Leptosiaphos_rhodurus,1
Leptosiaphos_rhomboidalis,1
Leptosiaphos_vigintiserierum,1
Leptosittaca_branickii,4
Leptosomus_discolor,4
Leptotila_battyi,4
Leptotila_cassinii,4
Leptotila_conoveri,4
Leptotila_jamaicensis,4
Leptotila_megalura,4
Leptotila_ochraceiventris,4
Leptotila_pallida,4
Leptotila_plumbeiceps,4
Leptotila_rufaxilla,4
Leptotila_verreauxi,4
Leptotila_wellsi,4
Leptotrygon_veraguensis,4
Leptotyphlops_aethiopicus,1
Leptotyphlops_conjunctus,1
Leptotyphlops_distanti,1
Leptotyphlops_emini,1
Leptotyphlops_howelli,1
Leptotyphlops_incognitus,1
Leptotyphlops_jacobseni,1
Leptotyphlops_kafubi,1
Leptotyphlops_keniensis,1
Leptotyphlops_latirostris,1
Leptotyphlops_macrops,1
Leptotyphlops_mbanjensis,1
Leptotyphlops_merkeri,1
Leptotyphlops_nigricans,1
Leptotyphlops_nigroterminus,1
Leptotyphlops_pembae,1
Leptotyphlops_pitmani,1
Leptotyphlops_scutifrons,1
Leptotyphlops_sylvicolus,1
Leptotyphlops_tanae,1
Leptotyphlops_telloi,1
Lepus_alleni,4
Lepus_americanus,4
Lepus_arcticus,4
Lepus_brachyurus,4
Lepus_californicus,4
Lepus_callotis,4
Lepus_capensis,4
Lepus_castroviejoi,4
Lepus_comus,4
Lepus_coreanus,4
Lepus_corsicanus,4
Lepus_europaeus,4
Lepus_fagani,4
Lepus_flavigularis,4
Lepus_granatensis,4
Lepus_habessinicus,4
Lepus_hainanus,4
Lepus_insularis,4
Lepus_mandshuricus,4
Lepus_nigricollis,4
Lepus_oiostolus,4
Lepus_othus,4
Lepus_peguensis,4
Lepus_saxatilis,4
Lepus_sinensis,4
Lepus_starcki,4
Lepus_tibetanus,4
Lepus_timidus,4
Lepus_tolai,4
Lepus_townsendii,4
Lepus_victoriae,4
Lepus_yarkandensis,4
Lerista_aericeps,1
Lerista_alia,1
Lerista_allochira,1
Lerista_ameles,1
Lerista_amicorum,1
Lerista_anyara,1
Lerista_apoda,1
Lerista_arenicola,1
Lerista_axillaris,1
Lerista_baynesi,1
Lerista_bipes,1
Lerista_borealis,1
Lerista_bougainvillii,1
Lerista_bunglebungle,1
Lerista_carpentariae,1
Lerista_chalybura,1
Lerista_chordae,1
Lerista_christinae,1
Lerista_cinerea,1
Lerista_clara,1
Lerista_colliveri,1
Lerista_connivens,1
Lerista_desertorum,1
Lerista_distinguenda,1
Lerista_dorsalis,1
Lerista_edwardsae,1
Lerista_elegans,1
Lerista_elongata,1
Lerista_emmotti,1
Lerista_eupoda,1
Lerista_flammicauda,1
Lerista_fragilis,1
Lerista_frosti,1
Lerista_gascoynensis,1
Lerista_gerrardii,1
Lerista_greeri,1
Lerista_griffini,1
Lerista_haroldi,1
Lerista_hobsoni,1
Lerista_humphriesi,1
Lerista_ingrami,1
Lerista_ips,1
Lerista_jacksoni,1
Lerista_kalumburu,1
Lerista_karlschmidti,1
Lerista_kendricki,1
Lerista_kennedyensis,1
Lerista_kingi,1
Lerista_labialis,1
Lerista_lineata,1
Lerista_lineopunctulata,1
Lerista_macropisthopus,1
Lerista_micra,1
Lerista_microtis,1
Lerista_miopus,1
Lerista_muelleri,1
Lerista_neander,1
Lerista_nevinae,1
Lerista_nichollsi,1
Lerista_occulta,1
Lerista_onsloviana,1
Lerista_orientalis,1
Lerista_parameles,1
Lerista_petersoni,1
Lerista_picturata,1
Lerista_planiventralis,1
Lerista_praefrontalis,1
Lerista_praepedita,1
Lerista_punctatovittata,1
Lerista_puncticauda,1
Lerista_quadrivincula,1
Lerista_robusta,1
Lerista_rochfordensis,1
Lerista_rolfei,1
Lerista_separanda,1
Lerista_simillima,1
Lerista_speciosa,1
Lerista_stictopleura,1
Lerista_storri,1
Lerista_stylis,1
Lerista_taeniata,1
Lerista_terdigitata,1
Lerista_timida,1
Lerista_tridactyla,1
Lerista_uniduo,1
Lerista_vanderduysi,1
Lerista_varia,1
Lerista_verhmens,1
Lerista_vermicularis,1
Lerista_viduata,1
Lerista_vittata,1
Lerista_walkeri,1
Lerista_wilkinsi,1
Lerista_xanthura,1
Lerista_yuna,1
Lerista_zonulata,1
Lerwa_lerwa,4
Lesbia_nuna,1
Lesbia_victoriae,1
Lessonia_oreas,1
Lessonia_rufa,1
Lestodelphys_halli,1
Lestoros_inca,1
Letheobia_acutirostrata,1
Letheobia_caeca,1
Letheobia_coecatus,1
Letheobia_crossii,1
Letheobia_debilis,1
Letheobia_decorosa,1
Letheobia_episcopus,1
Letheobia_erythraea,1
Letheobia_feae,1
Letheobia_gracilis,1
Letheobia_graueri,1
Letheobia_jubana,1
Letheobia_kibarae,1
Letheobia_largeni,1
Letheobia_lumbriciformis,1
Letheobia_manni,1
Letheobia_newtoni,1
Letheobia_pallida,1
Letheobia_pauwelsi,1
Letheobia_pembana,1
Letheobia_praeocularis,1
Letheobia_rufescens,1
Letheobia_simoni,1
Letheobia_somalica,1
Letheobia_stejnegeri,1
Letheobia_sudanensis,1
Letheobia_swahilica,1
Letheobia_toritensis,1
Letheobia_uluguruensis,1
Letheobia_weidholzi,1
Letheobia_wittei,1
Letheobia_zenkeri,1
Leucippus_baeri,1
Leucippus_chlorocercus,1
Leucippus_fallax,1
Leucippus_taczanowskii,1
Leucocephalon_yuwonoi,3
Leucochloris_albicollis,1
Leucogeranus_leucogeranus,4
Leuconotopicus_albolarvatus,3
Leuconotopicus_arizonae,3
Leuconotopicus_borealis,3
Leuconotopicus_fumigatus,3
Leuconotopicus_stricklandi,3
Leuconotopicus_villosus,3
Leucopeza_semperi,1
Leucopsar_rothschildi,3
Leucopternis_kuhli,4
Leucopternis_melanops,4
Leucopternis_semiplumbeus,4
Leucosarcia_melanoleuca,4
Leucostethus_alacris,1
Leucostethus_argyrogaster,1
Leucostethus_bilsa,1
Leucostethus_brachistriatus,1
Leucostethus_dysprosium,1
Leucostethus_fraterdanieli,1
Leucostethus_fugax,1
Leucostethus_ramirezi,1
Leucostethus_yaguara,1
Leucosticte_arctoa,2
Leucosticte_atrata,2
Leucosticte_australis,2
Leucosticte_brandti,2
Leucosticte_nemoricola,2
Leucosticte_tephrocotis,2
Levitonius_mirus,2
Lewinia_mirifica,3
Lewinia_pectoralis,3
Lewinia_striata,3
Lialis_burtonis,2
Lialis_jicari,2
Liasis_dunni,3
Liasis_fuscus,3
Liasis_mackloti,4
Liasis_olivaceus,4
Liasis_savuensis,3
Liberiictis_kuhni,4
Liburnascincus_artemis,1
Liburnascincus_coensis,1
Liburnascincus_mundivensis,1
Liburnascincus_scirtetis,1
Lichanura_orcutti,2
Lichanura_trivirgata,2
Lichenostomus_cratitius,2
Lichenostomus_melanops,2
Lichmera_alboauricularis,1
Lichmera_argentauris,1
Lichmera_deningeri,1
Lichmera_flavicans,1
Lichmera_incana,1
Lichmera_indistincta,1
Lichmera_lombokia,1
Lichmera_monticola,1
Lichmera_notabilis,1
Lichmera_squamata,1
Lichonycteris_degener,1
Lichonycteris_obscura,1
Limaformosa_capensis,2
Limaformosa_chanleri,2
Limaformosa_crossi,2
Limaformosa_guirali,2
Limaformosa_savorgnani,2
Limaformosa_vernayi,2
Limnoctites_rectirostris,2
Limnodromus_griseus,3
Limnodromus_scolopaceus,3
Limnodromus_semipalmatus,4
Limnodynastes_convexiusculus,2
Limnodynastes_depressus,2
Limnodynastes_dorsalis,3
Limnodynastes_dumerilii,3
Limnodynastes_fletcheri,3
Limnodynastes_interioris,4
Limnodynastes_lignarius,3
Limnodynastes_peronii,3
Limnodynastes_salmini,3
Limnodynastes_tasmaniensis,2
Limnodynastes_terraereginae,3
Limnogale_mergulus,2
Limnomedusa_macroglossa,2
Limnomys_bryophilus,2
Limnomys_sibuanus,2
Limnonectes_acanthi,2
Limnonectes_arathooni,2
Limnonectes_asperatus,2
Limnonectes_bannaensis,2
Limnonectes_blythii,4
Limnonectes_cintalubang,2
Limnonectes_coffeatus,2
Limnonectes_dabanus,2
Limnonectes_dammermani,2
Limnonectes_deinodon,4
Limnonectes_diuatus,2
Limnonectes_doriae,3
Limnonectes_ferneri,2
Limnonectes_finchi,2
Limnonectes_fragilis,2
Limnonectes_fujianensis,2
Limnonectes_ghoshi,2
Limnonectes_grunniens,3
Limnonectes_gyldenstolpei,3
Limnonectes_hascheanus,2
Limnonectes_hikidai,2
Limnonectes_ibanorum,2
Limnonectes_ingeri,2
Limnonectes_isanensis,2
Limnonectes_jarujini,2
Limnonectes_kadarsani,2
Limnonectes_kenepaiensis,2
Limnonectes_khammonensis,2
Limnonectes_khasianus,2
Limnonectes_kiziriani,2
Limnonectes_kohchangae,2
Limnonectes_kong,2
Limnonectes_kuhlii,3
Limnonectes_larvaepartus,2
Limnonectes_lauhachindai,2
Limnonectes_leporinus,4
Limnonectes_leytensis,2
Limnonectes_limborgi,2
Limnonectes_longchuanensis,2
Limnonectes_macrocephalus,3
Limnonectes_macrodon,4
Limnonectes_macrognathus,3
Limnonectes_magnus,4
Limnonectes_malesianus,3
Limnonectes_mawlyndipi,2
Limnonectes_megastomias,3
Limnonectes_micrixalus,2
Limnonectes_microdiscus,1
Limnonectes_microtympanum,2
Limnonectes_modestus,2
Limnonectes_namiyei,2
Limnonectes_nguyenorum,2
Limnonectes_nitidus,2
Limnonectes_palavanensis,2
Limnonectes_paramacrodon,2
Limnonectes_parvus,1
Limnonectes_plicatellus,2
Limnonectes_poilani,2
Limnonectes_quangninhensis,2
Limnonectes_savan,2
Limnonectes_selatan,2
Limnonectes_shompenorum,2
Limnonectes_sinuatodorsalis,2
Limnonectes_sisikdagu,2
Limnonectes_taylori,2
Limnonectes_tweediei,2
Limnonectes_utara,2
Limnonectes_visayanus,2
Limnonectes_woodworthi,2
Limnophis_bangweolicus,2
Limnophis_bicolor,2
Limnornis_curvirostris,2
Limnothlypis_swainsonii,2
Limosa_fedoa,4
Limosa_haemastica,4
Limosa_lapponica,4
Limosa_limosa,4
Linaria_cannabina,2
Linaria_flavirostris,2
Linaria_johannis,2
Linaria_yemenensis,2
Linurgus_olivaceus,2
Liocichla_bugunorum,2
Liocichla_omeiensis,2
Liocichla_phoenicea,3
Liocichla_ripponi,3
Liocichla_steerii,3
Lioheterophis_iheringi,2
Liolaemus_abaucan,2
Liolaemus_abdalai,2
Liolaemus_acostai,2
Liolaemus_albiceps,2
Liolaemus_alticolor,2
Liolaemus_andinus,2
Liolaemus_annectens,2
Liolaemus_anomalus,2
Liolaemus_antumalguen,2
Liolaemus_aparicioi,2
Liolaemus_arambarensis,2
Liolaemus_araucaniensis,2
Liolaemus_archeforus,2
Liolaemus_atacamensis,2
Liolaemus_audituvelatus,2
Liolaemus_austromendocinus,2
Liolaemus_avilai,2
Liolaemus_azarai,2
Liolaemus_baguali,2
Liolaemus_bellii,2
Liolaemus_bibronii,2
Liolaemus_bitaeniatus,2
Liolaemus_boulengeri,2
Liolaemus_buergeri,2
Liolaemus_burmeisteri,2
Liolaemus_calchaqui,2
Liolaemus_camarones,2
Liolaemus_canqueli,2
Liolaemus_caparensis,2
Liolaemus_capillitas,2
Liolaemus_carlosgarini,2
Liolaemus_casamiquelai,2
Liolaemus_cazianiae,2
Liolaemus_ceii,2
Liolaemus_chacabucoense,2
Liolaemus_chacoensis,2
Liolaemus_chaltin,2
Liolaemus_chavin,2
Liolaemus_chehuachekenk,2
Liolaemus_chiliensis,2
Liolaemus_chillanensis,2
Liolaemus_chlorostictus,2
Liolaemus_choique,2
Liolaemus_chungara,2
Liolaemus_cinereus,2
Liolaemus_coeruleus,2
Liolaemus_confusus,2
Liolaemus_constanzae,2
Liolaemus_cranwelli,2
Liolaemus_crepuscularis,2
Liolaemus_cristiani,2
Liolaemus_curicensis,2
Liolaemus_curis,2
Liolaemus_cuyanus,2
Liolaemus_cuyumhue,2
Liolaemus_cyaneinotatus,2
Liolaemus_cyanogaster,2
Liolaemus_darwinii,2
Liolaemus_diaguita,2
Liolaemus_dicktracyi,2
Liolaemus_ditadai,2
Liolaemus_donosobarrosi,2
Liolaemus_dorbignyi,2
Liolaemus_duellmani,2
Liolaemus_dumerili,2
Liolaemus_eleodori,2
Liolaemus_elongatus,2
Liolaemus_erguetae,2
Liolaemus_escarchadosi,2
Liolaemus_espinozai,2
Liolaemus_etheridgei,2
Liolaemus_exploratorum,2
Liolaemus_fabiani,2
Liolaemus_famatinae,2
Liolaemus_fittkaui,2
Liolaemus_fitzgeraldi,2
Liolaemus_fitzingerii,2
Liolaemus_flavipiceus,2
Liolaemus_forsteri,2
Liolaemus_foxi,2
Liolaemus_frassinettii,2
Liolaemus_fuscus,2
Liolaemus_gallardoi,2
Liolaemus_goetschi,3
Liolaemus_gracielae,2
Liolaemus_gracilis,2
Liolaemus_gravenhorstii,2
Liolaemus_griseus,2
Liolaemus_grosseorum,2
Liolaemus_gununakuna,2
Liolaemus_hajeki,2
Liolaemus_halonastes,2
Liolaemus_hatcheri,2
Liolaemus_heliodermis,2
Liolaemus_hellmichi,2
Liolaemus_hermannunezi,2
Liolaemus_huacahuasicus,2
Liolaemus_huayra,2
Liolaemus_inacayali,2
Liolaemus_incaicus,2
Liolaemus_insolitus,2
Liolaemus_inti,2
Liolaemus_irregularis,2
Liolaemus_isabelae,2
Liolaemus_islugensis,2
Liolaemus_jamesi,2
Liolaemus_josei,2
Liolaemus_juanortizi,2
Liolaemus_kingii,2
Liolaemus_kolengh,2
Liolaemus_koslowskyi,2
Liolaemus_kriegi,2
Liolaemus_kuhlmanni,2
Liolaemus_laurenti,2
Liolaemus_lavillai,2
Liolaemus_lemniscatus,2
Liolaemus_lentus,2
Liolaemus_leopardinus,2
Liolaemus_lineomaculatus,2
Liolaemus_loboi,2
Liolaemus_lopezi,2
Liolaemus_lorenzmuelleri,2
Liolaemus_lutzae,2
Liolaemus_magellanicus,2
Liolaemus_maldonadae,2
Liolaemus_manueli,2
Liolaemus_mapuche,2
Liolaemus_martorii,2
Liolaemus_melaniceps,2
Liolaemus_melanogaster,2
Liolaemus_melanops,2
Liolaemus_millcayac,2
Liolaemus_molinai,2
Liolaemus_montanezi,2
Liolaemus_montanus,2
Liolaemus_monticola,2
Liolaemus_moradoensis,2
Liolaemus_morandae,2
Liolaemus_morenoi,2
Liolaemus_multicolor,2
Liolaemus_multimaculatus,2
Liolaemus_neuquensis,2
Liolaemus_nigriceps,2
Liolaemus_nigrocoeruleus,2
Liolaemus_nigromaculatus,2
Liolaemus_nigroviridis,2
Liolaemus_nitidus,2
Liolaemus_occipitalis,2
Liolaemus_olongasta,2
Liolaemus_orko,2
Liolaemus_ornatus,2
Liolaemus_ortizii,2
Liolaemus_pacha,2
Liolaemus_pachacutec,2
Liolaemus_pachecoi,2
Liolaemus_pagaburoi,2
Liolaemus_pantherinus,2
Liolaemus_parvus,2
Liolaemus_patriciaiturrae,2
Liolaemus_paulinae,2
Liolaemus_petrophilus,2
Liolaemus_pictus,2
Liolaemus_pipanaco,2
Liolaemus_platei,2
Liolaemus_pleopholis,2
Liolaemus_poconchilensis,2
Liolaemus_poecilochromus,2
Liolaemus_polystictus,2
Liolaemus_porosus,2
Liolaemus_pseudoanomalus,2
Liolaemus_pseudolemniscatus,2
Liolaemus_puelche,2
Liolaemus_pulcherrimus,2
Liolaemus_puna,2
Liolaemus_punmahuida,2
Liolaemus_puritamensis,2
Liolaemus_purul,2
Liolaemus_pyriphlogos,2
Liolaemus_quilmes,2
Liolaemus_ramirezae,2
Liolaemus_ramonensis,2
Liolaemus_riodamas,2
Liolaemus_riojanus,2
Liolaemus_robertmertensi,2
Liolaemus_robertoi,2
Liolaemus_robustus,2
Liolaemus_rosenmanni,2
Liolaemus_rothi,2
Liolaemus_ruibali,2
Liolaemus_sagei,2
Liolaemus_salinicola,2
Liolaemus_sanjuanensis,2
Liolaemus_sarmientoi,2
Liolaemus_saxatilis,2
Liolaemus_scapularis,2
Liolaemus_schmidti,2
Liolaemus_schroederi,2
Liolaemus_scolaroi,2
Liolaemus_scrocchii,2
Liolaemus_senguer,2
Liolaemus_septentrionalis,2
Liolaemus_shehuen,2
Liolaemus_shitan,2
Liolaemus_signifer,2
Liolaemus_silvai,2
Liolaemus_silvanae,2
Liolaemus_sitesi,2
Liolaemus_smaug,2
Liolaemus_somuncurae,2
Liolaemus_stolzmanni,2
Liolaemus_tacnae,2
Liolaemus_talampaya,2
Liolaemus_tandiliensis,2
Liolaemus_tari,2
Liolaemus_tehuelche,2
Liolaemus_telsen,2
Liolaemus_tenuis,2
Liolaemus_thermarum,2
Liolaemus_thomasi,2
Liolaemus_torresi,2
Liolaemus_tregenzai,2
Liolaemus_tristis,2
Liolaemus_tromen,2
Liolaemus_tulkas,2
Liolaemus_ubaghsi,2
Liolaemus_umbrifer,2
Liolaemus_uptoni,2
Liolaemus_uspallatensis,2
Liolaemus_valdesianus,2
Liolaemus_vallecurensis,2
Liolaemus_variegatus,2
Liolaemus_velosoi,2
Liolaemus_villaricensis,2
Liolaemus_vulcanus,2
Liolaemus_walkeri,2
Liolaemus_wari,2
Liolaemus_wiegmannii,2
Liolaemus_williamsi,2
Liolaemus_xanthoviridis,2
Liolaemus_yanalcu,2
Liolaemus_yatel,2
Liolaemus_zapallarensis,2
Liolaemus_zullyae,2
Lionycteris_spurrelli,2
Lioparus_chrysotis,1
Liopeltis_philippina,2
Liopeltis_stoliczkae,2
Liopeltis_tricolor,2
Liophidium_apperti,2
Liophidium_chabaudi,2
Liophidium_maintikibo,2
Liophidium_mayottensis,2
Liophidium_pattoni,2
Liophidium_rhodogaster,2
Liophidium_therezieni,2
Liophidium_torquatum,2
Liophidium_trilineatum,2
Liophidium_vaillanti,2
Liopholidophis_dimorphus,2
Liopholidophis_dolicocercus,2
Liopholidophis_grandidieri,2
Liopholidophis_rhadinaea,2
Liopholidophis_sexlineatus,2
Liopholidophis_varius,2
Liopholis_guthega,2
Liopholis_inornata,2
Liopholis_kintorei,2
Liopholis_margaretae,2
Liopholis_modesta,2
Liopholis_montana,2
Liopholis_multiscutata,2
Liopholis_personata,2
Liopholis_pulchra,2
Liopholis_slateri,2
Liopholis_striata,2
Liopholis_whitii,2
Liosceles_thoracicus,2
Lioscincus_steindachneri,1
Lioscincus_vivae,1
Liotyphlops_albirostris,1
Liotyphlops_anops,1
Liotyphlops_argaleus,1
Liotyphlops_beui,1
Liotyphlops_caissara,1
Liotyphlops_haadi,1
Liotyphlops_schubarti,1
Liotyphlops_ternetzii,1
Liotyphlops_trefauti,1
Liotyphlops_wilderi,1
Lipaugus_ater,4
Lipaugus_conditus,3
Lipaugus_fuscocinereus,4
Lipaugus_lanioides,4
Lipaugus_streptophorus,3
Lipaugus_unirufus,3
Lipaugus_uropygialis,3
Lipaugus_vociferans,3
Lipaugus_weberi,3
Lipinia_auriculata,1
Lipinia_cheesmanae,1
Lipinia_inconspicua,1
Lipinia_inexpectata,1
Lipinia_infralineolata,1
Lipinia_leptosoma,1
Lipinia_longiceps,1
Lipinia_macrotympanum,1
Lipinia_miangensis,1
Lipinia_nitens,1
Lipinia_occidentalis,1
Lipinia_pulchella,1
Lipinia_quadrivittata,1
Lipinia_rabori,1
Lipinia_relicta,1
Lipinia_rouxi,1
Lipinia_sekayuensis,1
Lipinia_semperi,1
Lipinia_septentrionalis,1
Lipinia_subvittata,1
Lipinia_surda,1
Lipinia_vittigera,1
Lipinia_vulcania,1
Lipinia_zamboangensis,1
Lissemys_ceylonensis,3
Lissemys_punctata,3
Lissemys_scutata,3
Lissolepis_coventryi,2
Lissolepis_luctuosa,2
Lissonycteris_angolensis,3
Lissotis_hartlaubii,4
Lissotis_melanogaster,4
Lissotriton_boscai,2
Lissotriton_graecus,2
Lissotriton_helveticus,1
Lissotriton_italicus,1
Lissotriton_kosswigi,2
Lissotriton_lantzi,2
Lissotriton_maltzani,2
Lissotriton_montandoni,2
Lissotriton_schmidtleri,2
Lissotriton_vulgaris,2
Lithobates_areolatus,3
Lithobates_berlandieri,3
Lithobates_blairi,3
Lithobates_brownorum,2
Lithobates_bwana,2
Lithobates_capito,3
Lithobates_chichicuahutla,3
Lithobates_chiricahuensis,2
Lithobates_forreri,3
Lithobates_johni,3
Lithobates_juliani,3
Lithobates_kauffeldi,3
Lithobates_lemosespinali,3
Lithobates_lenca,3
Lithobates_macroglossa,3
Lithobates_maculatus,2
Lithobates_magnaocularis,3
Lithobates_megapoda,4
Lithobates_miadis,2
Lithobates_montezumae,3
Lithobates_neovolcanicus,3
Lithobates_omiltemanus,3
Lithobates_onca,2
Lithobates_palmipes,3
Lithobates_palustris,2
Lithobates_pipiens,3
Lithobates_psilonota,3
Lithobates_pustulosus,3
Lithobates_sevosus,3
Lithobates_sierramadrensis,3
Lithobates_spectabilis,3
Lithobates_sphenocephalus,3
Lithobates_sylvaticus,2
Lithobates_tarahumarae,3
Lithobates_taylori,3
Lithobates_vaillanti,3
Lithobates_vibicarius,2
Lithobates_warszewitschii,3
Lithobates_yavapaiensis,2
Lithobates_zweifeli,3
Lithodytes_lineatus,2
Litocranius_walleri,4
Litoria_adelaidensis,1
Litoria_albolabris,2
Litoria_amboinensis,3
Litoria_andiirrmalin,2
Litoria_angiana,2
Litoria_arfakiana,2
Litoria_aruensis,2
Litoria_auae,2
Litoria_aurea,4
Litoria_aurifera,2
Litoria_axillaris,2
Litoria_balatus,2
Litoria_barringtonensis,2
Litoria_becki,2
Litoria_bella,2
Litoria_biakensis,2
Litoria_bibonius,2
Litoria_bicolor,1
Litoria_booroolongensis,3
Litoria_brevipalmata,1
Litoria_brongersmai,2
Litoria_bulmeri,2
Litoria_burrowsi,2
Litoria_caerulea,3
Litoria_callista,2
Litoria_capitula,2
Litoria_cavernicola,2
Litoria_chloris,3
Litoria_chloristona,2
Litoria_chloronota,2
Litoria_chrisdahli,2
Litoria_christianbergmanni,2
Litoria_citropa,3
Litoria_congenita,2
Litoria_contrastens,2
Litoria_cooloolensis,2
Litoria_coplandi,1
Litoria_cyclorhyncha,2
Litoria_dahlii,2
Litoria_darlingtoni,2
Litoria_daviesae,2
Litoria_dayi,2
Litoria_dentata,2
Litoria_dorsalis,1
Litoria_dorsivena,2
Litoria_dux,2
Litoria_electrica,1
Litoria_elkeae,2
Litoria_eschata,2
Litoria_eucnemis,2
Litoria_eurynastes,2
Litoria_everetti,2
Litoria_ewingii,2
Litoria_exophthalmia,2
Litoria_fallax,1
Litoria_flavescens,2
Litoria_freycineti,2
Litoria_fuscula,2
Litoria_gasconi,2
Litoria_genimaculata,2
Litoria_gilleni,1
Litoria_gracilenta,2
Litoria_graminea,2
Litoria_havina,2
Litoria_hilli,2
Litoria_humboldtorum,2
Litoria_hunti,2
Litoria_impura,2
Litoria_inermis,1
Litoria_infrafrenata,4
Litoria_iris,2
Litoria_jervisiensis,2
Litoria_jungguy,2
Litoria_kroombitensis,2
Litoria_kumae,2
Litoria_latopalmata,2
Litoria_lesueurii,3
Litoria_leucova,2
Litoria_littlejohni,3
Litoria_lodesdema,2
Litoria_longicrus,2
Litoria_longirostris,2
Litoria_lorica,2
Litoria_louisiadensis,2
Litoria_lutea,2
Litoria_macki,2
Litoria_majikthise,2
Litoria_mareku,2
Litoria_megalops,2
Litoria_meiriana,1
Litoria_microbelos,1
Litoria_micromembrana,2
Litoria_modica,2
Litoria_moorei,3
Litoria_mucro,2
Litoria_multicolor,2
Litoria_multiplica,2
Litoria_myola,2
Litoria_mystax,2
Litoria_nannotis,2
Litoria_napaea,2
Litoria_nasuta,2
Litoria_nigrofrenata,2
Litoria_nigropunctata,2
Litoria_nudidigita,2
Litoria_nullicedens,2
Litoria_obtusirostris,2
Litoria_oenicolen,2
Litoria_ollauro,2
Litoria_olongburensis,2
Litoria_pallida,1
Litoria_pallidofemora,2
Litoria_paraewingi,2
Litoria_pearsoniana,2
Litoria_peronii,3
Litoria_personata,2
Litoria_phyllochroa,2
Litoria_pinocchio,2
Litoria_piperata,2
Litoria_pratti,2
Litoria_pronimia,2
Litoria_prora,2
Litoria_purpureolata,2
Litoria_pygmaea,2
Litoria_quadrilineata,2
Litoria_quiritatus,3
Litoria_raniformis,3
Litoria_rara,2
Litoria_revelata,2
Litoria_rheocola,2
Litoria_richardsi,2
Litoria_rivicola,2
Litoria_robinsonae,2
Litoria_rothii,3
Litoria_rubella,1
Litoria_rubrops,2
Litoria_rueppelli,2
Litoria_sanguinolenta,2
Litoria_scabra,2
Litoria_serrata,2
Litoria_singadanae,2
Litoria_spaldingi,2
Litoria_spartacus,2
Litoria_spenceri,2
Litoria_spinifera,3
Litoria_splendida,4
Litoria_staccato,2
Litoria_subglandulosa,2
Litoria_thesaurensis,2
Litoria_timida,2
Litoria_tornieri,2
Litoria_tyleri,3
Litoria_umarensis,2
Litoria_umbonata,2
Litoria_vagabunda,2
Litoria_verae,2
Litoria_verreauxii,2
Litoria_viranula,2
Litoria_vocivincens,2
Litoria_wapogaensis,2
Litoria_watjulumensis,1
Litoria_watsoni,2
Litoria_wilcoxii,2
Litoria_wisselensis,2
Litoria_wollastoni,2
Litoria_xanthomera,2
Liua_shihi,2
Liua_tsinpaensis,2
Liuixalus_calcarius,1
Liuixalus_feii,1
Liuixalus_hainanus,1
Liuixalus_ocellatus,1
Liuixalus_romeri,1
Liuixalus_shiwandashan,1
Liurana_alpina,1
Liurana_himalayana,1
Liurana_indica,1
Liurana_medogensis,1
Liurana_minuta,1
Liurana_vallecula,1
Liurana_xizangensis,1
Loboparadisea_sericea,3
Lobotos_lobatus,4
Lobotos_oriolinus,4
Lobulia_brongersmai,1
Lobulia_elegans,1
Lochmias_nematura,2
Locustella_accentor,2
Locustella_alishanensis,1
Locustella_amnicola,2
Locustella_castanea,1
Locustella_caudata,1
Locustella_certhiola,1
Locustella_chengi,1
Locustella_davidi,1
Locustella_fasciolata,2
Locustella_fluviatilis,2
Locustella_kashmirensis,1
Locustella_lanceolata,1
Locustella_luscinioides,2
Locustella_luteoventris,1
Locustella_major,2
Locustella_mandelli,1
Locustella_montis,1
Locustella_naevia,1
Locustella_ochotensis,1
Locustella_pleskei,2
Locustella_pryeri,1
Locustella_seebohmi,1
Locustella_tacsanowskia,1
Locustella_thoracica,2
Loddigesia_mirabilis,1
Lonchophylla_bokermanni,2
Lonchophylla_cadenai,2
Lonchophylla_chocoana,2
Lonchophylla_concava,2
Lonchophylla_dekeyseri,2
Lonchophylla_fornicata,2
Lonchophylla_handleyi,2
Lonchophylla_mordax,2
Lonchophylla_orcesi,2
Lonchophylla_orienticollina,2
Lonchophylla_pattoni,2
Lonchophylla_peracchii,2
Lonchophylla_robusta,2
Lonchophylla_thomasi,2
Lonchorhina_aurita,2
Lonchorhina_fernandezi,2
Lonchorhina_inusitata,2
Lonchorhina_marinkellei,2
Lonchorhina_orinocensis,2
Lonchothrix_emiliae,3
Lonchura_atricapilla,1
Lonchura_caniceps,1
Lonchura_castaneothorax,1
Lonchura_ferruginosa,1
Lonchura_flaviprymna,1
Lonchura_forbesi,1
Lonchura_fuscans,1
Lonchura_fuscata,1
Lonchura_grandis,1
Lonchura_hunsteini,1
Lonchura_kelaarti,1
Lonchura_leucogastra,1
Lonchura_leucogastroides,1
Lonchura_leucosticta,1
Lonchura_maja,1
Lonchura_malacca,1
Lonchura_melaena,1
Lonchura_molucca,1
Lonchura_montana,1
Lonchura_monticola,1
Lonchura_nevermanni,1
Lonchura_oryzivora,2
Lonchura_pallida,1
Lonchura_punctulata,1
Lonchura_quinticolor,1
Lonchura_spectabilis,1
Lonchura_striata,1
Lonchura_stygia,1
Lonchura_teerinki,1
Lonchura_tristissima,1
Lontra_canadensis,4
Lontra_longicaudis,4
Lontra_provocax,4
Lophaetus_occipitalis,4
Lophiomys_imhausi,3
Lophocalotes_achlios,1
Lophocalotes_ludekingi,1
Lophocebus_albigena,4
Lophocebus_aterrimus,4
Lophoceros_alboterminatus,4
Lophoceros_bradfieldi,4
Lophoceros_camurus,4
Lophoceros_fasciatus,4
Lophoceros_hemprichii,4
Lophoceros_nasutus,4
Lophoceros_pallidirostris,4
Lophoceros_semifasciatus,4
Lophodytes_cucullatus,4
Lophognathus_gilberti,2
Lophoictinia_isura,4
Lopholaimus_antarcticus,4
Lophonetta_specularioides,4
Lophophanes_cristatus,1
Lophophanes_dichrous,1
Lophophorus_impejanus,4
Lophophorus_lhuysii,4
Lophophorus_sclateri,4
Lophorina_intercedens,3
Lophorina_magnifica,3
Lophorina_paradisea,3
Lophorina_superba,3
Lophorina_victoriae,3
Lophornis_adorabilis,1
Lophornis_brachylophus,1
Lophornis_chalybeus,1
Lophornis_delattrei,1
Lophornis_gouldii,1
Lophornis_helenae,1
Lophornis_magnificus,1
Lophornis_ornatus,1
Lophornis_pavoninus,1
Lophornis_stictolophus,1
Lophornis_verreauxii,1
Lophosaurus_boydii,2
Lophosaurus_dilophus,2
Lophosaurus_spinipes,2
Lophospingus_griseocristatus,2
Lophospingus_pusillus,2
Lophostoma_brasiliense,3
Lophostoma_carrikeri,3
Lophostoma_evotis,3
Lophostoma_kalkoae,3
Lophostoma_occidentalis,3
Lophostoma_schulzi,3
Lophostoma_silvicolum,3
Lophostrix_cristata,4
Lophotibis_cristata,4
Lophotis_gindiana,4
Lophotis_ruficrista,4
Lophotis_savilei,4
Lophotriccus_eulophotes,1
Lophotriccus_galeatus,1
Lophotriccus_pileatus,1
Lophotriccus_vitiosus,1
Lophotriorchis_kienerii,4
Lophura_bulweri,4
Lophura_diardi,4
Lophura_edwardsi,4
Lophura_erythrophthalma,4
Lophura_ignita,4
Lophura_inornata,4
Lophura_leucomelanos,4
Lophura_nycthemera,4
Lophura_pyronota,4
Lophura_rufa,4
Lophura_swinhoii,4
Lophuromys_brevicaudus,2
Lophuromys_chercherensis,2
Lophuromys_chrysopus,2
Lophuromys_cinereus,2
Lophuromys_dieterleni,2
Lophuromys_eisentrauti,2
Lophuromys_flavopunctatus,2
Lophuromys_huttereri,2
Lophuromys_kilonzoi,2
Lophuromys_luteogaster,2
Lophuromys_machangui,2
Lophuromys_makundii,2
Lophuromys_medicaudatus,2
Lophuromys_melanonyx,2
Lophuromys_menageshae,2
Lophuromys_nudicaudus,2
Lophuromys_pseudosikapusi,2
Lophuromys_rahmi,2
Lophuromys_roseveari,2
Lophuromys_sabunii,2
Lophuromys_sikapusi,2
Lophuromys_simensis,2
Lophuromys_stanleyi,2
Lophuromys_woosnami,2
Lorentzimys_nouhuysi,1
Loriculus_amabilis,2
Loriculus_aurantiifrons,2
Loriculus_beryllinus,2
Loriculus_catamene,2
Loriculus_exilis,2
Loriculus_flosculus,2
Loriculus_galgulus,2
Loriculus_philippensis,2
Loriculus_pusillus,2
Loriculus_sclateri,2
Loriculus_stigmatus,2
Loriculus_tener,2
Loriculus_vernalis,2
Loris_lydekkerianus,3
Loris_tardigradus,3
Lorius_albidinucha,4
Lorius_chlorocercus,4
Lorius_domicella,4
Lorius_garrulus,4
Lorius_hypoinochrous,4
Lorius_lory,4
Loveridgea_ionidesii,1
Loveridgea_phylofiniens,1
Loveridgelaps_elapoides,2
Loxia_curvirostra,3
Loxia_leucoptera,3
Loxia_megaplaga,3
Loxia_pytyopsittacus,3
Loxia_scotica,3
Loxigilla_barbadensis,2
Loxigilla_noctis,2
Loxioides_bailleui,3
Loxipasser_anoxanthus,2
Loxocemus_bicolor,2
Loxodonta_africana,4
Loxodontomys_micropus,2
Loxodontomys_pikumche,2
Loxopholis_caparensis,1
Loxopholis_ferreirai,1
Loxopholis_guianense,1
Loxopholis_hexalepis,1
Loxopholis_ioanna,1
Loxopholis_osvaldoi,1
Loxopholis_parietalis,1
Loxopholis_percarinatum,1
Loxopholis_rugiceps,1
Loxopholis_snethlageae,1
Loxopholis_southi,1
Loxops_coccineus,1
Loxops_ochraceus,1
Lubuya_ivensii,1
Lucasium_alboguttatum,1
Lucasium_bungabinna,1
Lucasium_byrnei,1
Lucasium_damaeum,1
Lucasium_immaculatum,1
Lucasium_maini,1
Lucasium_occultum,1
Lucasium_squarrosum,1
Lucasium_steindachneri,1
Lucasium_stenodactylus,1
Lucasium_wombeyi,1
Luetkenotyphlus_brasiliensis,2
Luetkenotyphlus_fredi,2
Luetkenotyphlus_insulanus,2
Lullula_arborea,2
Lundomys_molitor,3
Luperosaurus_angliit,1
Luperosaurus_corfieldi,1
Luperosaurus_cumingii,1
Luperosaurus_joloensis,1
Luperosaurus_kubli,1
Luperosaurus_macgregori,1
Luperosaurus_palawanensis,1
Luperosaurus_yasumai,1
Lurocalis_rufiventris,3
Lurocalis_semitorquatus,3
Luscinia_luscinia,2
Luscinia_megarhynchos,2
Lutra_lutra,4
Lutra_sumatrana,4
Lutreolina_crassicaudata,3
Lutreolina_massoia,3
Lutrogale_perspicillata,4
Lybius_chaplini,3
Lybius_guifsobalito,2
Lybius_leucocephalus,3
Lybius_leucogaster,2
Lybius_rubrifacies,3
Lybius_senex,2
Lybius_torquatus,3
Lybius_undatus,3
Lybius_vieilloti,2
Lycalopex_culpaeus,4
Lycalopex_fulvipes,4
Lycalopex_griseus,4
Lycalopex_gymnocercus,4
Lycalopex_sechurae,4
Lycalopex_vetulus,4
Lycaon_pictus,4
Lyciasalamandra_antalyana,2
Lyciasalamandra_atifi,2
Lyciasalamandra_billae,2
Lyciasalamandra_fazilae,2
Lyciasalamandra_flavimembris,2
Lyciasalamandra_helverseni,2
Lyciasalamandra_luschani,2
Lycocorax_obiensis,4
Lycocorax_pyrrhopterus,4
Lycodon_albofuscus,2
Lycodon_alcalai,2
Lycodon_anamallensis,2
Lycodon_aulicus,2
Lycodon_bibonius,2
Lycodon_butleri,2
Lycodon_capucinus,2
Lycodon_cardamomensis,2
Lycodon_carinatus,2
Lycodon_cathaya,2
Lycodon_chrysoprateros,2
Lycodon_davisonii,2
Lycodon_dumerilii,2
Lycodon_effraenis,2
Lycodon_fasciatus,2
Lycodon_fausti,2
Lycodon_ferroni,2
Lycodon_flavicollis,2
Lycodon_flavomaculatus,2
Lycodon_flavozonatus,2
Lycodon_futsingensis,2
Lycodon_gammiei,2
Lycodon_gongshan,2
Lycodon_gracilis,2
Lycodon_hypsirhinoides,2
Lycodon_jara,2
Lycodon_kundui,2
Lycodon_laoensis,2
Lycodon_liuchengchaoi,2
Lycodon_mackinnoni,2
Lycodon_meridionalis,2
Lycodon_muelleri,2
Lycodon_multifasciatus,2
Lycodon_multizonatus,2
Lycodon_nympha,2
Lycodon_ophiophagus,2
Lycodon_orientalis,2
Lycodon_paucifasciatus,2
Lycodon_philippinus,2
Lycodon_pictus,2
Lycodon_rosozonatus,2
Lycodon_rufozonatus,2
Lycodon_ruhstrati,2
Lycodon_sealei,2
Lycodon_semicarinatus,2
Lycodon_septentrionalis,2
Lycodon_serratus,2
Lycodon_sidiki,2
Lycodon_solivagus,2
Lycodon_stormi,2
Lycodon_striatus,2
Lycodon_subannulatus,2
Lycodon_subcinctus,2
Lycodon_synaptor,2
Lycodon_tessellatus,2
Lycodon_tiwarii,2
Lycodon_travancoricus,2
Lycodon_tristrigatus,2
Lycodon_zawi,2
Lycodonomorphus_inornatus,2
Lycodonomorphus_laevissimus,2
Lycodonomorphus_leleupi,2
Lycodonomorphus_mlanjensis,2
Lycodonomorphus_obscuriventris,2
Lycodonomorphus_rufulus,2
Lycodonomorphus_whytii,2
Lycodryas_carleti,2
Lycodryas_citrinus,2
Lycodryas_cococola,2
Lycodryas_gaimardi,2
Lycodryas_granuliceps,2
Lycodryas_guentheri,2
Lycodryas_inopinae,2
Lycodryas_inornatus,2
Lycodryas_maculatus,2
Lycodryas_pseudogranuliceps,2
Lycognathophis_seychellensis,2
Lycophidion_acutirostre,2
Lycophidion_albomaculatum,2
Lycophidion_capense,2
Lycophidion_depressirostre,2
Lycophidion_hellmichi,2
Lycophidion_irroratum,2
Lycophidion_laterale,2
Lycophidion_meleagre,2
Lycophidion_multimaculatum,2
Lycophidion_namibianum,2
Lycophidion_nanum,2
Lycophidion_nigromaculatum,2
Lycophidion_ornatum,2
Lycophidion_pembanum,2
Lycophidion_pygmaeum,2
Lycophidion_semiannule,2
Lycophidion_semicinctum,2
Lycophidion_taylori,2
Lycophidion_uzungwense,2
Lycophidion_variegatum,2
Lygisaurus_absconditus,1
Lygisaurus_aeratus,1
Lygisaurus_curtus,1
Lygisaurus_foliorum,1
Lygisaurus_laevis,1
Lygisaurus_macfarlani,1
Lygisaurus_malleolus,1
Lygisaurus_novaeguineae,1
Lygisaurus_parrhasius,1
Lygisaurus_rimula,1
Lygisaurus_rococo,1
Lygisaurus_sesbrauna,1
Lygisaurus_tanneri,1
Lygisaurus_zuma,1
Lygodactylus_angolensis,1
Lygodactylus_angularis,1
Lygodactylus_arnoulti,1
Lygodactylus_bernardi,1
Lygodactylus_bivittis,1
Lygodactylus_blancae,1
Lygodactylus_blanci,1
Lygodactylus_bonsi,1
Lygodactylus_bradfieldi,1
Lygodactylus_broadleyi,1
Lygodactylus_capensis,1
Lygodactylus_chobiensis,1
Lygodactylus_conradti,1
Lygodactylus_conraui,1
Lygodactylus_decaryi,1
Lygodactylus_delicatus,1
Lygodactylus_depressus,1
Lygodactylus_expectatus,1
Lygodactylus_fischeri,1
Lygodactylus_grandisonae,1
Lygodactylus_graniticolus,1
Lygodactylus_gravis,1
Lygodactylus_grotei,1
Lygodactylus_guibei,1
Lygodactylus_gutturalis,1
Lygodactylus_heterurus,1
Lygodactylus_incognitus,1
Lygodactylus_inexpectatus,1
Lygodactylus_insularis,1
Lygodactylus_intermedius,1
Lygodactylus_keniensis,1
Lygodactylus_kimhowelli,1
Lygodactylus_klemmeri,1
Lygodactylus_klugei,1
Lygodactylus_laterimaculatus,1
Lygodactylus_lawrencei,1
Lygodactylus_madagascariensis,1
Lygodactylus_manni,1
Lygodactylus_methueni,1
Lygodactylus_miops,1
Lygodactylus_mirabilis,1
Lygodactylus_mombasicus,1
Lygodactylus_montanus,1
Lygodactylus_montiscaeruli,1
Lygodactylus_nigropunctatus,1
Lygodactylus_ocellatus,1
Lygodactylus_ornatus,1
Lygodactylus_pauliani,1
Lygodactylus_picturatus,1
Lygodactylus_pictus,1
Lygodactylus_rarus,1
Lygodactylus_regulus,1
Lygodactylus_rex,1
Lygodactylus_roavolana,1
Lygodactylus_scheffleri,1
Lygodactylus_scorteccii,1
Lygodactylus_somalicus,1
Lygodactylus_soutpansbergensis,1
Lygodactylus_stevensoni,1
Lygodactylus_thomensis,1
Lygodactylus_tolampyae,1
Lygodactylus_tuberosus,1
Lygodactylus_uluguruensis,1
Lygodactylus_verticillatus,1
Lygodactylus_viscatus,1
Lygodactylus_waterbergensis,1
Lygodactylus_wermuthi,1
Lygodactylus_wetzeli,1
Lygodactylus_williamsi,1
Lygophis_anomalus,2
Lygophis_dilepis,2
Lygophis_elegantissimus,2
Lygophis_flavifrenatus,2
Lygophis_lineatus,2
Lygophis_meridionalis,2
Lygophis_paucidens,2
Lygophis_vanzolinii,2
Lygosoma_angeli,2
Lygosoma_bampfyldei,2
Lygosoma_boehmei,2
Lygosoma_corpulentum,2
Lygosoma_haroldyoungi,2
Lygosoma_isodactylum,2
Lygosoma_koratense,2
Lygosoma_opisthorhodum,2
Lygosoma_quadrupes,2
Lygosoma_schneideri,2
Lygosoma_siamense,2
Lygosoma_tabonorum,2
Lygosoma_veunsaiense,2
Lymnocryptes_minimus,3
Lynchius_flavomaculatus,1
Lynchius_megacephalus,1
Lynchius_nebulanastes,1
Lynchius_oblitus,1
Lynchius_parkeri,1
Lynchius_simmonsi,1
Lynchius_tabaconas,1
Lyncodon_patagonicus,3
Lyncornis_macrotis,3
Lyncornis_temminckii,3
Lynx_canadensis,4
Lynx_lynx,4
Lynx_pardinus,4
Lynx_rufus,4
Lyriocephalus_scutatus,2
Lyroderma_lyra,3
Lyrurus_mlokosiewiczi,4
Lyrurus_tetrix,4
Lytorhynchus_diadema,2
Lytorhynchus_gasperetti,2
Lytorhynchus_maynardi,2
Lytorhynchus_paradoxus,2
Lytorhynchus_ridgewayi,2
Mabuya_desiradae,2
Mabuya_dominicana,2
Mabuya_montserratae,2
Macaca_arctoides,4
Macaca_assamensis,4
Macaca_cyclopis,4
Macaca_fascicularis,4
Macaca_fuscata,4
Macaca_hecki,4
Macaca_leonina,4
Macaca_maura,4
Macaca_mulatta,4
Macaca_munzala,4
Macaca_nemestrina,4
Macaca_nigra,4
Macaca_nigrescens,4
Macaca_ochreata,4
Macaca_pagensis,4
Macaca_radiata,4
Macaca_siberu,4
Macaca_silenus,4
Macaca_sinica,4
Macaca_sylvanus,4
Macaca_thibetana,4
Macaca_tonkeana,4
Macgregoria_pulchra,4
Machaerirhynchus_flaviventer,1
Machaerirhynchus_nigripectus,1
Machaeropterus_deliciosus,1
Machaeropterus_eckelberryi,1
Machaeropterus_pyrocephalus,1
Machaeropterus_regulus,1
Machaeropterus_striolatus,1
Macheiramphus_alcinus,4
Machetornis_rixosa,2
Machlolophus_holsti,1
Machlolophus_nuchalis,1
Machlolophus_spilonotus,1
Machlolophus_xanthogenys,1
Mackenziaena_leachii,3
Mackenziaena_severa,3
Macrelaps_microlepidotus,2
Macroagelaius_imthurni,3
Macroagelaius_subalaris,3
Macrocalamus_chanardi,1
Macrocalamus_gentingensis,1
Macrocalamus_jasoni,1
Macrocalamus_lateralis,1
Macrocalamus_schulzi,1
Macrocalamus_tweediei,1
Macrocalamus_vogeli,1
Macrocephalon_maleo,4
Macrochelys_suwanniensis,4
Macrochelys_temminckii,4
Macroderma_gigas,4
Macrogalidia_musschenbroekii,4
Macrogenioglottus_alipioi,3
Macroglossus_minimus,3
Macroglossus_sobrinus,3
Macronectes_giganteus,4
Macronectes_halli,4
Macronus_ptilosus,2
Macronus_striaticeps,2
Macronycteris_commersoni,2
Macronycteris_gigas,3
Macronycteris_thomensis,3
Macronycteris_vittatus,3
Macronyx_ameliae,3
Macronyx_aurantiigula,3
Macronyx_capensis,3
Macronyx_croceus,3
Macronyx_flavicollis,3
Macronyx_fuelleborni,3
Macronyx_grimwoodi,3
Macronyx_sharpei,3
Macropholidus_annectens,1
Macropholidus_ataktolepis,1
Macropholidus_huancabambae,1
Macropholidus_ruthveni,1
Macrophyllum_macrophyllum,2
Macroprotodon_abubakeri,2
Macroprotodon_brevis,2
Macroprotodon_cucullatus,2
Macropsalis_forcipata,3
Macropus_agilis,4
Macropus_antilopinus,4
Macropus_bernardus,4
Macropus_dorsalis,4
Macropus_eugenii,4
Macropus_fuliginosus,4
Macropus_giganteus,4
Macropus_irma,4
Macropus_parma,4
Macropus_parryi,4
Macropus_robustus,4
Macropus_rufogriseus,4
Macropus_rufus,4
Macropygia_amboinensis,3
Macropygia_emiliana,3
Macropygia_macassariensis,3
Macropygia_mackinlayi,3
Macropygia_magna,4
Macropygia_nigrirostris,3
Macropygia_phasianella,4
Macropygia_ruficeps,3
Macropygia_rufipennis,3
Macropygia_tenuirostris,3
Macropygia_timorlaoensis,3
Macropygia_unchall,4
Macroscelides_flavicaudatus,2
Macroscelides_micus,2
Macroscelides_proboscideus,2
Macrosphenus_concolor,1
Macrosphenus_flavicans,2
Macrosphenus_kempi,2
Macrosphenus_kretschmeri,2
Macrosphenus_pulitzeri,2
Macrotarsomys_bastardi,2
Macrotarsomys_ingens,2
Macrotarsomys_petteri,2
Macrotis_lagotis,4
Macrotus_californicus,2
Macrotus_waterhousii,2
Macrovipera_lebetinus,2
Macrovipera_schweizeri,2
Macruromys_elegans,2
Macruromys_major,2
Madagascarophis_colubrinus,2
Madagascarophis_meridionalis,2
Madagascarophis_ocellatus,2
Madanga_ruficollis,1
Madascincus_ankodabensis,2
Madascincus_arenicola,2
Madascincus_igneocaudatus,2
Madascincus_macrolepis,2
Madascincus_melanopleura,2
Madascincus_minutus,2
Madascincus_mouroundavae,2
Madascincus_nanus,2
Madascincus_polleni,2
Madascincus_stumpffi,2
Madatyphlops_andasibensis,1
Madatyphlops_arenarius,1
Madatyphlops_boettgeri,1
Madatyphlops_comorensis,1
Madatyphlops_decorsei,1
Madatyphlops_domerguei,1
Madatyphlops_eudelini,1
Madatyphlops_madagascariensis,1
Madatyphlops_microcephalus,1
Madatyphlops_mucronatus,1
Madatyphlops_ocularis,1
Madatyphlops_rajeryi,1
Madatyphlops_reuteri,1
Madecassophryne_truebae,1
Madoqua_guentheri,4
Madoqua_kirkii,4
Madoqua_piacentinii,4
Madoqua_saltiana,4
Madromys_blanfordi,2
Magliophis_exiguus,2
Magliophis_stahli,2
Magumma_parva,1
Makalata_didelphoides,3
Makalata_macrura,3
Malaclemys_terrapin,3
Malacochersus_tornieri,4
Malacocincla_abbotti,2
Malacocincla_sepiaria,2
Malacomys_cansdalei,3
Malacomys_edwardsi,3
Malacomys_longipes,3
Malaconotus_alius,3
Malaconotus_blanchoti,3
Malaconotus_cruentus,3
Malaconotus_gladiator,3
Malaconotus_lagdeni,3
Malaconotus_monteiri,3
Malacopteron_affine,2
Malacopteron_albogulare,2
Malacopteron_cinereum,2
Malacopteron_magnirostre,2
Malacopteron_magnum,2
Malacopteron_palawanense,2
Malacoptila_fulvogularis,3
Malacoptila_fusca,2
Malacoptila_minor,2
Malacoptila_mystacalis,3
Malacoptila_panamensis,3
Malacoptila_rufa,2
Malacoptila_semicincta,3
Malacoptila_striata,3
Malacorhynchus_membranaceus,4
Malacothrix_typica,1
Malayemys_khoratensis,3
Malayemys_macrocephala,3
Malayemys_subtrijuga,3
Malayodracon_robinsonii,2
Malayopython_reticulatus,4
Malayopython_timoriensis,4
Malayotyphlops_andyi,1
Malayotyphlops_canlaonensis,1
Malayotyphlops_castanotus,1
Malayotyphlops_collaris,1
Malayotyphlops_denrorum,1
Malayotyphlops_hypogius,1
Malayotyphlops_koekkoeki,1
Malayotyphlops_kraalii,1
Malayotyphlops_luzonensis,1
Malayotyphlops_ruber,1
Malayotyphlops_ruficauda,1
Malcorus_pectoralis,1
Malia_grata,3
Malimbus_ballmanni,3
Malimbus_cassini,3
Malimbus_coronatus,3
Malimbus_erythrogaster,2
Malimbus_ibadanensis,2
Malimbus_malimbicus,3
Malimbus_nitens,2
Malimbus_racheliae,2
Malimbus_rubricollis,3
Malimbus_scutatus,2
Malindangia_mcgregori,2
Mallomys_aroaensis,3
Mallomys_gunung,3
Mallomys_istapantap,4
Mallomys_rothschildi,4
Malpolon_insignitus,2
Malpolon_moilensis,2
Malpolon_monspessulanus,2
Malurus_alboscapulatus,1
Malurus_amabilis,1
Malurus_assimilis,1
Malurus_coronatus,1
Malurus_cyaneus,1
Malurus_cyanocephalus,1
Malurus_elegans,1
Malurus_lamberti,1
Malurus_leucopterus,1
Malurus_melanocephalus,1
Malurus_pulcherrimus,1
Malurus_splendens,1
Mammelomys_lanosus,2
Mammelomys_rattoides,2
Manacus_aurantiacus,2
Manacus_candei,2
Manacus_manacus,2
Manacus_vitellinus,2
Manciola_guaporicola,2
Mandingoa_nitidula,1
Mandrillus_leucophaeus,4
Mandrillus_sphinx,4
Manis_crassicaudata,4
Manis_culionensis,4
Manis_javanica,4
Manis_pentadactyla,4
Mannophryne_caquetio,1
Mannophryne_collaris,1
Mannophryne_cordilleriana,1
Mannophryne_herminae,1
Mannophryne_lamarcai,1
Mannophryne_larandina,1
Mannophryne_leonardoi,1
Mannophryne_molinai,1
Mannophryne_neblina,1
Mannophryne_oblitterata,1
Mannophryne_olmonae,1
Mannophryne_orellana,1
Mannophryne_riveroi,1
Mannophryne_speeri,1
Mannophryne_trinitatis,1
Mannophryne_trujillensis,1
Mannophryne_urticans,1
Mannophryne_venezuelensis,1
Mannophryne_vulcano,1
Mannophryne_yustizi,1
Manolepis_putnami,2
Manorina_flavigula,3
Manorina_melanocephala,3
Manorina_melanophrys,3
Manorina_melanotis,3
Manouria_emys,4
Manouria_impressa,4
Mantella_aurantiaca,1
Mantella_baroni,1
Mantella_bernhardi,1
Mantella_betsileo,1
Mantella_cowanii,1
Mantella_crocea,1
Mantella_ebenaui,1
Mantella_expectata,1
Mantella_haraldmeieri,1
Mantella_laevigata,1
Mantella_madagascariensis,1
Mantella_manery,1
Mantella_milotympanum,1
Mantella_nigricans,1
Mantella_pulchra,1
Mantella_viridis,1
Mantheyus_phuwuanensis,2
Mantidactylus_aerumnalis,2
Mantidactylus_albofrenatus,2
Mantidactylus_alutus,2
Mantidactylus_ambohimitombi,2
Mantidactylus_ambreensis,2
Mantidactylus_argenteus,2
Mantidactylus_bellyi,2
Mantidactylus_betsileanus,3
Mantidactylus_biporus,2
Mantidactylus_bourgati,2
Mantidactylus_brevipalmatus,2
Mantidactylus_charlotteae,2
Mantidactylus_cowanii,3
Mantidactylus_curtus,3
Mantidactylus_delormei,2
Mantidactylus_femoralis,2
Mantidactylus_grandidieri,3
Mantidactylus_guttulatus,3
Mantidactylus_lugubris,2
Mantidactylus_madecassus,2
Mantidactylus_majori,2
Mantidactylus_melanopleura,2
Mantidactylus_mocquardi,2
Mantidactylus_noralottae,2
Mantidactylus_opiparis,2
Mantidactylus_paidroa,2
Mantidactylus_pauliani,2
Mantidactylus_tricinctus,2
Mantidactylus_ulcerosus,2
Mantidactylus_zipperi,2
Mantidactylus_zolitschka,2
Mantophryne_axanthogaster,1
Mantophryne_insignis,1
Mantophryne_lateralis,1
Mantophryne_louisiadensis,1
Mantophryne_menziesi,1
Manucerthia_mana,2
Manucodia_ater,4
Manucodia_chalybatus,4
Manucodia_comrii,4
Manucodia_jobiensis,4
Maracaiba_meridensis,2
Maracaiba_zuliae,2
Mareca_americana,4
Mareca_falcata,4
Mareca_penelope,4
Mareca_sibilatrix,4
Mareca_strepera,4
Margaretamys_beccarii,2
Margaretamys_christinae,2
Margaretamys_elegans,2
Margaretamys_parvus,2
Margarobyas_lawrencii,3
Margaroperdix_madagarensis,4
Margarops_fuscatus,3
Margarornis_bellulus,2
Margarornis_rubiginosus,2
Margarornis_squamiger,2
Margarornis_stellatus,2
Marinussaurus_curupira,1
Marisora_alliacea,2
Marisora_aurulae,2
Marisora_berengerae,2
Marisora_brachypoda,2
Marisora_falconensis,2
Marisora_magnacornae,2
Marisora_pergravis,2
Marisora_roatanae,2
Marisora_unimarginata,2
Marmaronetta_angustirostris,4
Marmorosphax_boulinda,2
Marmorosphax_kaala,2
Marmorosphax_montana,2
Marmorosphax_taom,2
Marmorosphax_tricolor,2
Marmosa_alstoni,2
Marmosa_andersoni,2
Marmosa_constantiae,2
Marmosa_demerarae,2
Marmosa_lepida,1
Marmosa_mexicana,2
Marmosa_murina,2
Marmosa_paraguayana,2
Marmosa_phaea,2
Marmosa_quichua,2
Marmosa_regina,2
Marmosa_robinsoni,2
Marmosa_rubra,2
Marmosa_tyleriana,2
Marmosa_xerophila,2
Marmosops_bishopi,2
Marmosops_caucae,2
Marmosops_cracens,1
Marmosops_creightoni,2
Marmosops_fuscatus,2
Marmosops_handleyi,2
Marmosops_impavidus,2
Marmosops_incanus,2
Marmosops_invictus,2
Marmosops_juninensis,2
Marmosops_neblina,2
Marmosops_noctivagus,2
Marmosops_ocellatus,2
Marmosops_pakaraimae,2
Marmosops_parvidens,1
Marmosops_paulensis,2
Marmosops_pinheiroi,2
Marmota_baibacina,4
Marmota_bobak,4
Marmota_broweri,4
Marmota_caligata,4
Marmota_camtschatica,4
Marmota_caudata,4
Marmota_flaviventris,4
Marmota_himalayana,4
Marmota_marmota,4
Marmota_menzbieri,4
Marmota_monax,4
Marmota_olympus,4
Marmota_sibirica,4
Marmota_vancouverensis,4
Martes_americana,3
Martes_flavigula,4
Martes_foina,4
Martes_gwatkinsii,4
Martes_martes,4
Martes_melampus,3
Martes_pennanti,4
Martes_zibellina,3
Maschalethraupis_surinama,2
Masius_chrysopterus,2
Massoutiera_mzabi,3
Mastacomys_fuscus,3
Masticophis_anthonyi,2
Masticophis_aurigulus,2
Masticophis_barbouri,2
Masticophis_bilineatus,2
Masticophis_flagellum,2
Masticophis_lateralis,2
Masticophis_mentovarius,2
Masticophis_schotti,2
Masticophis_slevini,2
Masticophis_taeniatus,2
Mastigodryas_alternatus,2
Mastigodryas_amarali,2
Mastigodryas_boddaerti,2
Mastigodryas_bruesi,2
Mastigodryas_cliftoni,2
Mastigodryas_danieli,2
Mastigodryas_dorsalis,2
Mastigodryas_heathii,2
Mastigodryas_melanolomus,2
Mastigodryas_moratoi,2
Mastigodryas_pleei,2
Mastigodryas_pulchriceps,2
Mastigodryas_reticulatus,2
Mastomys_awashensis,2
Mastomys_coucha,2
Mastomys_erythroleucus,2
Mastomys_huberti,2
Mastomys_kollmannspergeri,2
Mastomys_natalensis,2
Mastomys_pernanus,2
Matoatoa_brevipes,2
Matoatoa_spannringi,2
Matobosaurus_maltzahni,2
Matobosaurus_validus,2
Mauremys_annamensis,3
Mauremys_mutica,3
Mauremys_sinensis,3
Maxomys_alticola,3
Maxomys_baeodon,3
Maxomys_bartelsii,3
Maxomys_dollmani,3
Maxomys_hellwaldii,3
Maxomys_hylomyoides,3
Maxomys_inas,3
Maxomys_inflatus,3
Maxomys_moi,3
Maxomys_musschenbroekii,3
Maxomys_ochraceiventer,3
Maxomys_pagensis,3
Maxomys_panglima,3
Maxomys_rajah,3
Maxomys_surifer,3
Maxomys_tajuddinii,3
Maxomys_wattsi,3
Maxomys_whiteheadi,3
Mayrornis_lessoni,2
Mayrornis_schistaceus,2
Mayrornis_versicolor,2
Mazama_americana,4
Mazama_bororo,4
Mazama_bricenii,4
Mazama_chunyi,4
Mazama_gouazoubira,4
Mazama_nana,4
Mazama_nemorivaga,4
Mazama_pandora,4
Mazama_rufina,4
Mazama_temama,4
Mazaria_propinqua,1
Mearnsia_novaeguineae,2
Mearnsia_picina,2
Mecistops_cataphractus,4
Mecocerculus_calopterus,1
Mecocerculus_hellmayri,1
Mecocerculus_leucophrys,1
Mecocerculus_minor,1
Mecocerculus_poecilocercus,1
Mecocerculus_stictopterus,1
Mediodactylus_amictopholis,2
Mediodactylus_aspratilis,2
Mediodactylus_bartoni,2
Mediodactylus_brachykolon,2
Mediodactylus_dehakroensis,2
Mediodactylus_heterocercus,2
Mediodactylus_heteropholis,2
Mediodactylus_kotschyi,2
Mediodactylus_narynensis,2
Mediodactylus_oertzeni,2
Mediodactylus_russowii,2
Mediodactylus_sagittifer,2
Mediodactylus_spinicauda,2
Mediodactylus_walli,2
Medopheos_edracanthus,2
Megabyas_flammulatus,2
Megaceryle_alcyon,4
Megaceryle_lugubris,4
Megaceryle_maxima,4
Megaceryle_torquata,4
Megacrex_inepta,4
Megadendromus_nikolausi,2
Megaderma_spasma,4
Megadontomys_cryophilus,2
Megadontomys_nelsoni,2
Megadontomys_thomasi,2
Megadyptes_antipodes,4
Megaelosia_goeldii,3
Megaerops_ecaudatus,3
Megaerops_kusnotoi,3
Megaerops_niphanae,3
Megaerops_wetmorei,3
Megalampitta_gigantea,4
Megaloglossus_azagnyi,3
Megaloglossus_woermanni,3
Megaloprepia_formosa,4
Megaloprepia_magnifica,4
Megalurulus_grosvenori,2
Megalurulus_llaneae,2
Megalurulus_mariae,3
Megalurulus_rubiginosus,2
Megalurulus_rufus,3
Megalurulus_turipavae,2
Megalurulus_whitneyi,2
Megalurus_palustris,3
Megapodius_bernsteinii,4
Megapodius_cumingii,4
Megapodius_decollatus,4
Megapodius_eremita,4
Megapodius_freycinet,4
Megapodius_geelvinkianus,4
Megapodius_laperouse,4
Megapodius_layardi,4
Megapodius_nicobariensis,4
Megapodius_reinwardt,4
Megapodius_tenimberensis,4
Megarynchus_pitangua,3
Megascops_albogularis,3
Megascops_asio,3
Megascops_atricapilla,3
Megascops_barbarus,3
Megascops_choliba,3
Megascops_clarkii,3
Megascops_colombianus,3
Megascops_cooperi,3
Megascops_gilesi,3
Megascops_guatemalae,3
Megascops_hoyi,3
Megascops_ingens,4
Megascops_kennicottii,3
Megascops_koepckeae,3
Megascops_marshalli,3
Megascops_nudipes,3
Megascops_petersoni,3
Megascops_roboratus,3
Megascops_sanctaecatarinae,3
Megascops_seductus,3
Megascops_trichopsis,3
Megascops_vermiculatus,3
Megascops_watsonii,3
Megasorex_gigas,1
Megastictus_margaritatus,2
Megastomatohyla_mixe,2
Megastomatohyla_mixomaculata,2
Megastomatohyla_nubicola,2
Megastomatohyla_pellita,2
Megatriorchis_doriae,4
Megaxenops_parnaguae,2
Megazosterops_palauensis,2
Megophrys_aceras,2
Megophrys_acuta,2
Megophrys_ancrae,2
Megophrys_angka,2
Megophrys_auralensis,2
Megophrys_awuh,2
Megophrys_baluensis,2
Megophrys_baolongensis,2
Megophrys_binchuanensis,2
Megophrys_binlingensis,2
Megophrys_boettgeri,2
Megophrys_brachykolos,1
Megophrys_caobangensis,2
Megophrys_carinense,2
Megophrys_caudoprocta,2
Megophrys_cheni,2
Megophrys_chuannanensis,2
Megophrys_damrei,2
Megophrys_daweimontis,2
Megophrys_dzukou,2
Megophrys_edwardinae,2
Megophrys_elfina,2
Megophrys_fansipanensis,2
Megophrys_feae,2
Megophrys_feii,2
Megophrys_flavipunctata,2
Megophrys_gerti,2
Megophrys_gigantica,4
Megophrys_glandulosa,2
Megophrys_hansi,2
Megophrys_himalayana,2
Megophrys_hoanglienensis,2
Megophrys_huangshanensis,2
Megophrys_insularis,2
Megophrys_intermedia,2
Megophrys_jingdongensis,2
Megophrys_jinggangensis,2
Megophrys_kobayashii,2
Megophrys_koui,2
Megophrys_kuatunensis,2
Megophrys_leishanensis,2
Megophrys_lekaguli,2
Megophrys_liboensis,2
Megophrys_ligayae,2
Megophrys_lini,2
Megophrys_lishuiensis,2
Megophrys_longipes,2
Megophrys_major,3
Megophrys_mangshanensis,2
Megophrys_maosonensis,2
Megophrys_medogensis,2
Megophrys_megacephala,2
Megophrys_microstoma,2
Megophrys_minor,1
Megophrys_montana,3
Megophrys_monticola,3
Megophrys_nankiangensis,2
Megophrys_nasuta,4
Megophrys_numhbumaeng,2
Megophrys_obesa,2
Megophrys_ombrophila,2
Megophrys_omeimontis,2
Megophrys_oreocrypta,2
Megophrys_oropedion,2
Megophrys_pachyproctus,2
Megophrys_palpebralespinosa,2
Megophrys_parallela,2
Megophrys_parva,1
Megophrys_periosa,2
Megophrys_platyparietus,2
Megophrys_popei,2
Megophrys_robusta,3
Megophrys_rubrimera,2
Megophrys_sangzhiensis,2
Megophrys_serchhipii,2
Megophrys_shapingensis,2
Megophrys_shuichengensis,2
Megophrys_spinata,2
Megophrys_stejnegeri,2
Megophrys_synoria,2
Megophrys_takensis,2
Megophrys_tuberogranulata,2
Megophrys_vegrandis,2
Megophrys_wawuensis,2
Megophrys_wuliangshanensis,2
Megophrys_wushanensis,2
Megophrys_zhangi,2
Megophrys_zunhebotoensis,2
Mehelya_egbensis,2
Mehelya_gabouensis,2
Mehelya_laurenti,2
Mehelya_poensis,2
Mehelya_stenophthalmus,2
Meiglyptes_grammithorax,2
Meiglyptes_jugularis,2
Meiglyptes_tristis,2
Meiglyptes_tukki,3
Meizodon_coronatus,2
Meizodon_krameri,2
Meizodon_plumbiceps,2
Meizodon_regularis,2
Meizodon_semiornatus,2
Melaenornis_annamarulae,2
Melaenornis_ardesiacus,2
Melaenornis_brunneus,2
Melaenornis_chocolatinus,2
Melaenornis_edolioides,2
Melaenornis_fischeri,2
Melaenornis_herero,2
Melaenornis_pammelaina,2
Melaenornis_semipartitus,2
Melaenornis_silens,2
Melampitta_lugubris,2
Melanerpes_aurifrons,3
Melanerpes_cactorum,3
Melanerpes_candidus,3
Melanerpes_carolinus,3
Melanerpes_chrysauchen,3
Melanerpes_chrysogenys,3
Melanerpes_cruentatus,3
Melanerpes_erythrocephalus,3
Melanerpes_flavifrons,3
Melanerpes_formicivorus,3
Melanerpes_herminieri,3
Melanerpes_hoffmannii,3
Melanerpes_hypopolius,3
Melanerpes_lewis,3
Melanerpes_portoricensis,3
Melanerpes_pucherani,3
Melanerpes_pulcher,3
Melanerpes_pygmaeus,3
Melanerpes_radiolatus,3
Melanerpes_rubricapillus,3
Melanerpes_striatus,3
Melanerpes_superciliaris,3
Melanerpes_uropygialis,3
Melaniparus_afer,1
Melaniparus_albiventris,2
Melaniparus_carpi,2
Melaniparus_cinerascens,2
Melaniparus_fasciiventer,1
Melaniparus_fringillinus,1
Melaniparus_funereus,1
Melaniparus_griseiventris,1
Melaniparus_guineensis,1
Melaniparus_leucomelas,2
Melaniparus_leuconotus,2
Melaniparus_niger,1
Melaniparus_pallidiventris,2
Melaniparus_rufiventris,2
Melaniparus_thruppi,1
Melanitta_americana,4
Melanitta_deglandi,4
Melanitta_fusca,4
Melanitta_nigra,4
Melanitta_perspicillata,4
Melanitta_stejnegeri,4
Melanobatrachus_indicus,1
Melanocharis_arfakiana,1
Melanocharis_longicauda,1
Melanocharis_nigra,1
Melanocharis_striativentris,1
Melanocharis_versteri,1
Melanochelys_tricarinata,3
Melanochelys_trijuga,3
Melanochlora_sultanea,2
Melanocorypha_bimaculata,3
Melanocorypha_calandra,3
Melanocorypha_maxima,3
Melanocorypha_mongolica,3
Melanocorypha_yeltoniensis,3
Melanodera_melanodera,2
Melanodera_xanthogramma,2
Melanodryas_cucullata,2
Melanodryas_vittata,2
Melanomys_caliginosus,2
Melanomys_robustulus,2
Melanomys_zunigae,2
Melanopareia_elegans,2
Melanopareia_maranonica,2
Melanopareia_maximiliani,2
Melanopareia_torquata,2
Melanoperdix_niger,4
Melanophidium_bilineatum,1
Melanophidium_khairei,1
Melanophidium_punctatum,1
Melanophidium_wynaudense,1
Melanophryniscus_admirabilis,1
Melanophryniscus_alipioi,1
Melanophryniscus_atroluteus,1
Melanophryniscus_biancae,1
Melanophryniscus_cambaraensis,1
Melanophryniscus_cupreuscapularis,1
Melanophryniscus_devincenzii,1
Melanophryniscus_dorsalis,1
Melanophryniscus_estebani,1
Melanophryniscus_fulvoguttatus,1
Melanophryniscus_klappenbachi,1
Melanophryniscus_krauczuki,1
Melanophryniscus_langonei,1
Melanophryniscus_macrogranulosus,1
Melanophryniscus_milanoi,1
Melanophryniscus_montevidensis,1
Melanophryniscus_moreirae,1
Melanophryniscus_pachyrhynus,1
Melanophryniscus_paraguayensis,1
Melanophryniscus_rubriventris,1
Melanophryniscus_sanmartini,1
Melanophryniscus_setiba,1
Melanophryniscus_simplex,1
Melanophryniscus_spectabilis,1
Melanophryniscus_stelzneri,1
Melanophryniscus_tumifrons,1
Melanophryniscus_vilavelhensis,1
Melanophryniscus_xanthostomus,1
Melanoptila_glabrirostris,3
Melanorectes_nigrescens,2
Melanoseps_ater,2
Melanoseps_emmrichi,2
Melanoseps_longicauda,2
Melanoseps_loveridgei,2
Melanoseps_occidentalis,2
Melanoseps_pygmaeus,2
Melanoseps_rondoensis,2
Melanoseps_uzungwensis,2
Melanospiza_bicolor,1
Melanospiza_richardsoni,1
Melanosuchus_niger,4
Melanotis_caerulescens,3
Melanotis_hypoleucus,3
Melasmothrix_naso,1
Meleagris_gallopavo,4
Meleagris_ocellata,4
Meles_anakuma,4
Meles_leucurus,4
Meles_meles,4
Meliarchus_sclateri,3
Melichneutes_robustus,3
Melidectes_belfordi,3
Melidectes_foersteri,3
Melidectes_fuscus,3
Melidectes_leucostephes,3
Melidectes_nouhuysi,3
Melidectes_ochromelas,3
Melidectes_princeps,3
Melidectes_rufocrissalis,3
Melidectes_torquatus,3
Melidora_macrorrhina,3
Melierax_canorus,4
Melierax_metabates,4
Melierax_poliopterus,4
Melignomon_eisentrauti,2
Melignomon_zenkeri,2
Melilestes_megarhynchus,2
Meliphacator_provocator,2
Meliphaga_aruensis,2
Meliphaga_lewinii,2
Meliphaga_notata,2
Melipotes_ater,3
Melipotes_carolae,3
Melipotes_fumigatus,3
Melipotes_gymnops,3
Melithreptus_affinis,1
Melithreptus_albogularis,2
Melithreptus_brevirostris,2
Melithreptus_chloropsis,2
Melithreptus_gularis,2
Melithreptus_laetior,2
Melithreptus_lunatus,2
Melithreptus_validirostris,2
Melitograis_gilolensis,2
Mellisuga_helenae,1
Mellisuga_minima,1
Mellivora_capensis,4
Melloria_quoyi,3
Melocichla_mentalis,3
Melogale_moschata,3
Melogale_orientalis,3
Melogale_personata,3
Melomys_aerosus,2
Melomys_bannisteri,2
Melomys_bougainville,2
Melomys_burtoni,2
Melomys_capensis,2
Melomys_caurinus,2
Melomys_cervinipes,2
Melomys_cooperae,2
Melomys_dollmani,2
Melomys_fraterculus,2
Melomys_frigicola,2
Melomys_fulgens,2
Melomys_howi,2
Melomys_leucogaster,2
Melomys_lutillus,2
Melomys_matambuai,2
Melomys_obiensis,2
Melomys_paveli,2
Melomys_rufescens,2
Melomys_talaudium,2
Melonycteris_fardoulisi,4
Melonycteris_melanops,4
Melonycteris_woodfordi,4
Melopsittacus_undulatus,2
Melospiza_georgiana,2
Melospiza_lincolnii,2
Melospiza_melodia,2
Melozone_aberti,3
Melozone_albicollis,2
Melozone_biarcuata,2
Melozone_cabanisi,2
Melozone_crissalis,3
Melozone_fusca,3
Melozone_kieneri,2
Melozone_leucotis,2
Melozone_occipitalis,2
Melursus_ursinus,4
Menetes_berdmorei,2
Menetia_alanae,2
Menetia_concinna,2
Menetia_greyii,2
Menetia_maini,2
Menetia_surda,2
Mentocrex_beankaensis,3
Mentocrex_kioloides,3
Menura_alberti,4
Menura_novaehollandiae,4
Mephitis_macroura,4
Mephitis_mephitis,4
Mercurana_myristicapalustris,1
Merganetta_armata,4
Mergellus_albellus,4
Mergus_merganser,4
Mergus_octosetaceus,4
Mergus_serrator,4
Mergus_squamatus,4
Meriones_arimalius,2
Meriones_chengi,2
Meriones_crassus,2
Meriones_dahli,2
Meriones_grandis,2
Meriones_hurrianae,2
Meriones_libycus,2
Meriones_meridianus,2
Meriones_persicus,2
Meriones_rex,2
Meriones_sacramenti,2
Meriones_shawi,2
Meriones_tamariscinus,2
Meriones_tristrami,2
Meriones_unguiculatus,2
Meriones_vinogradovi,2
Meriones_zarudnyi,2
Meristogenys_amoropalamus,2
Meristogenys_dyscritus,2
Meristogenys_jerboa,2
Meristogenys_kinabaluensis,2
Meristogenys_macrophthalmus,2
Meristogenys_maryatiae,2
Meristogenys_orphnocnemis,2
Meristogenys_penrissenensis,2
Meristogenys_phaeomerus,2
Meristogenys_poecilus,2
Meristogenys_stenocephalus,2
Meristogenys_stigmachilus,2
Meristogenys_whiteheadi,2
Meroles_anchietae,2
Meroles_ctenodactylus,2
Meroles_cuneirostris,2
Meroles_knoxii,2
Meroles_micropholidotus,2
Meroles_reticulatus,2
Meroles_squamulosus,2
Meroles_suborbitalis,2
Meropogon_forsteni,3
Merops_albicollis,2
Merops_americanus,2
Merops_apiaster,3
Merops_boehmi,2
Merops_breweri,3
Merops_bullockoides,3
Merops_bulocki,2
Merops_cyanophrys,3
Merops_gularis,2
Merops_hirundineus,2
Merops_lafresnayii,2
Merops_leschenaulti,3
Merops_malimbicus,3
Merops_mentalis,2
Merops_muelleri,2
Merops_nubicoides,3
Merops_nubicus,3
Merops_oreobates,2
Merops_orientalis,2
Merops_ornatus,2
Merops_persicus,3
Merops_philippinus,3
Merops_pusillus,2
Merops_revoilii,2
Merops_superciliosus,3
Merops_variegatus,2
Merops_viridis,3
Merops_viridissimus,2
Mertensiella_caucasica,2
Mertensophryne_anotis,1
Mertensophryne_howelli,1
Mertensophryne_lindneri,1
Mertensophryne_lonnbergi,1
Mertensophryne_loveridgei,1
Mertensophryne_melanopleura,1
Mertensophryne_micranotis,1
Mertensophryne_mocquardi,1
Mertensophryne_nairobiensis,1
Mertensophryne_nyikae,1
Mertensophryne_schmidti,1
Mertensophryne_taitana,1
Mertensophryne_usambarae,1
Mertensophryne_uzunguensis,1
Merulaxis_ater,2
Merulaxis_stresemanni,2
Mesalina_adramitana,2
Mesalina_ayunensis,2
Mesalina_bahaeldini,2
Mesalina_balfouri,2
Mesalina_brevirostris,2
Mesalina_ercolinii,2
Mesalina_guttulata,2
Mesalina_kuri,2
Mesalina_martini,2
Mesalina_olivieri,2
Mesalina_pasteuri,2
Mesalina_rubropunctata,2
Mesalina_simoni,2
Mesalina_watsonana,2
Mesechinus_dauuricus,3
Mesechinus_hughi,3
Mesembrinibis_cayennensis,4
Mesembriomys_gouldii,3
Mesembriomys_macrurus,3
Mesitornis_unicolor,4
Mesitornis_variegatus,4
Mesoamericus_bilobatus,1
Mesobaena_huebneri,1
Mesobaena_rhachicephala,1
Mesocapromys_angelcabrerai,3
Mesocapromys_auritus,3
Mesocapromys_nanus,3
Mesocapromys_sanfelipensis,3
Mesocricetus_auratus,3
Mesocricetus_brandti,3
Mesocricetus_newtoni,3
Mesocricetus_raddei,3
Mesomycterus_anosyensis,2
Mesomycterus_frontoparietalis,2
Mesomycterus_gastrostictus,2
Mesomycterus_mandady,2
Mesomycterus_punctatus,2
Mesomycterus_spilostichus,2
Mesomycterus_splendidus,2
Mesomys_hispidus,3
Mesomys_leniceps,3
Mesomys_occultus,3
Mesomys_stimulax,3
Mesophylla_macconnelli,2
Mesoscincus_altamirani,2
Mesoscincus_managuae,2
Mesoscincus_schwartzei,2
Mesotes_rutilus,2
Mesotes_strigatus,2
Mesotriton_alpestris,2
Metachirus_nudicaudatus,3
Metacrinia_nichollsi,1
Metallura_aeneocauda,1
Metallura_baroni,1
Metallura_eupogon,1
Metallura_iracunda,1
Metallura_odomae,1
Metallura_phoebe,1
Metallura_theresiae,1
Metallura_tyrianthina,1
Metallura_williami,1
Metaphrynella_pollicaris,1
Metaphrynella_sundana,1
Metaphryniscus_sosai,1
Metlapilcoatlus_indomitus,2
Metlapilcoatlus_mexicanus,2
Metlapilcoatlus_nummifer,2
Metlapilcoatlus_occiduus,2
Metlapilcoatlus_olmec,2
Metopidius_indicus,4
Metopothrix_aurantiaca,1
Metriopelia_aymara,2
Metriopelia_ceciliae,2
Metriopelia_melanoptera,3
Metriopelia_morenoi,2
Micaelamys_granti,2
Micaelamys_namaquensis,2
Mico_acariensis,3
Mico_argentatus,3
Mico_chrysoleucos,3
Mico_emiliae,3
Mico_humeralifer,3
Mico_intermedius,3
Mico_leucippe,3
Mico_marcai,3
Mico_mauesi,3
Mico_melanurus,3
Mico_munduruku,3
Mico_nigriceps,3
Mico_rondoni,3
Mico_saterei,3
Micrablepharus_atticolus,1
Micrablepharus_maximiliani,1
Micrastur_buckleyi,4
Micrastur_gilvicollis,3
Micrastur_mintoni,4
Micrastur_mirandollei,4
Micrastur_plumbeus,4
Micrastur_ruficollis,3
Micrastur_semitorquatus,4
Micrathene_whitneyi,3
Micrelaps_bicoloratus,2
Micrelaps_muelleri,2
Micrelaps_vaillanti,2
Micrixalus_adonis,1
Micrixalus_candidus,1
Micrixalus_elegans,1
Micrixalus_frigidus,1
Micrixalus_fuscus,1
Micrixalus_gadgili,1
Micrixalus_herrei,1
Micrixalus_kodayari,1
Micrixalus_kottigeharensis,1
Micrixalus_kurichiyari,1
Micrixalus_mallani,1
Micrixalus_nelliyampathi,1
Micrixalus_nigraventris,1
Micrixalus_niluvasei,1
Micrixalus_nudis,1
Micrixalus_phyllophilus,1
Micrixalus_sairandhri,1
Micrixalus_sali,1
Micrixalus_saxicola,1
Micrixalus_silvaticus,1
Micrixalus_specca,1
Micrixalus_spelunca,1
Micrixalus_thampii,1
Micrixalus_uttaraghati,1
Microakodontomys_transitorius,1
Microauris_aurantolabium,2
Microbates_cinereiventris,1
Microbates_collaris,1
Microbatrachella_capensis,1
Microcaecilia_albiceps,1
Microcaecilia_butantan,1
Microcaecilia_dermatophaga,1
Microcaecilia_grandis,1
Microcaecilia_iwokramae,1
Microcaecilia_marvaleewakeae,1
Microcaecilia_nicefori,1
Microcaecilia_pricei,1
Microcaecilia_rabei,1
Microcaecilia_rochai,1
Microcaecilia_taylori,1
Microcaecilia_trombetas,1
Microcaecilia_unicolor,1
Microcarbo_africanus,4
Microcarbo_melanoleucos,4
Microcarbo_niger,4
Microcarbo_pygmaeus,4
Microcavia_australis,3
Microcavia_niata,3
Microcavia_shiptoni,3
Microcebus_arnholdi,1
Microcebus_berthae,1
Microcebus_bongolavensis,1
Microcebus_boraha,1
Microcebus_danfossi,1
Microcebus_ganzhorni,1
Microcebus_gerpi,2
Microcebus_griseorufus,1
Microcebus_jollyae,1
Microcebus_lehilahytsara,1
Microcebus_macarthurii,1
Microcebus_mamiratra,1
Microcebus_manitatra,1
Microcebus_margotmarshae,1
Microcebus_marohita,2
Microcebus_mittermeieri,1
Microcebus_murinus,2
Microcebus_myoxinus,2
Microcebus_ravelobensis,1
Microcebus_rufus,2
Microcebus_sambiranensis,1
Microcebus_simmonsi,2
Microcebus_tanosi,1
Microcebus_tavaratra,1
Microcerculus_bambla,2
Microcerculus_marginatus,2
Microcerculus_philomela,2
Microcerculus_ustulatus,2
Microchera_albocoronata,1
Microdillus_peeli,1
Microdipodops_megacephalus,1
Microdipodops_pallidus,1
Microdynamis_parva,3
Microeca_fascinans,1
Microeca_flavigaster,1
Microeca_hemixantha,1
Microeca_tormenti,1
Microgale_brevicaudata,1
Microgale_cowani,1
Microgale_dobsoni,2
Microgale_drouhardi,1
Microgale_dryas,2
Microgale_fotsifotsy,1
Microgale_gracilis,1
Microgale_grandidieri,2
Microgale_gymnorhyncha,1
Microgale_jenkinsae,1
Microgale_jobihely,1
Microgale_longicaudata,1
Microgale_majori,2
Microgale_monticola,1
Microgale_nasoloi,1
Microgale_parvula,1
Microgale_principula,2
Microgale_pusilla,1
Microgale_soricoides,1
Microgale_taiva,1
Microgale_talazaci,2
Microgale_thomasi,1
Microgecko_depressus,2
Microgecko_helenae,2
Microgecko_latifi,2
Microgecko_persicus,2
Microhierax_caerulescens,2
Microhierax_erythrogenys,2
Microhierax_fringillarius,2
Microhierax_latifrons,2
Microhierax_melanoleucos,2
Microhydromys_argenteus,1
Microhydromys_richardsoni,1
Microhyla_achatina,1
Microhyla_aurantiventris,1
Microhyla_beilunensis,1
Microhyla_berdmorei,1
Microhyla_borneensis,1
Microhyla_butleri,1
Microhyla_chakrapanii,1
Microhyla_darevskii,1
Microhyla_darreli,1
Microhyla_eos,1
Microhyla_fissipes,1
Microhyla_fodiens,1
Microhyla_heymonsi,1
Microhyla_irrawaddy,1
Microhyla_karunaratnei,1
Microhyla_kodial,1
Microhyla_kuramotoi,1
Microhyla_laterite,1
Microhyla_maculifera,1
Microhyla_malang,1
Microhyla_mantheyi,1
Microhyla_mihintalei,1
Microhyla_minuta,1
Microhyla_mixtura,1
Microhyla_mukhlesuri,1
Microhyla_mymensinghensis,1
Microhyla_nilphamariensis,1
Microhyla_okinavensis,1
Microhyla_orientalis,1
Microhyla_ornata,1
Microhyla_palmipes,1
Microhyla_picta,1
Microhyla_pineticola,1
Microhyla_pulchra,1
Microhyla_rubra,1
Microhyla_sholigari,1
Microhyla_superciliaris,1
Microhyla_taraiensis,1
Microhyla_zeylanica,1
Microkayla_adenopleura,1
Microkayla_ankohuma,1
Microkayla_boettgeri,1
Microkayla_chacaltaya,1
Microkayla_chaupi,1
Microkayla_colla,1
Microkayla_condoriri,1
Microkayla_guillei,1
Microkayla_harveyi,1
Microkayla_huayna,1
Microkayla_iani,1
Microkayla_iatamasi,1
Microkayla_illampu,1
Microkayla_illimani,1
Microkayla_kallawaya,1
Microkayla_katantika,1
Microkayla_kempffi,1
Microkayla_melanocheira,1
Microkayla_pinguis,1
Microkayla_quimsacruzis,1
Microkayla_saltator,1
Microkayla_teqta,1
Microkayla_wettsteini,1
Microligea_palustris,1
Microlophus_albemarlensis,2
Microlophus_arenarius,2
Microlophus_atacamensis,2
Microlophus_bivittatus,2
Microlophus_delanonis,2
Microlophus_duncanensis,2
Microlophus_grayii,2
Microlophus_habelii,2
Microlophus_heterolepis,2
Microlophus_indefatigabilis,2
Microlophus_jacobii,2
Microlophus_koepckeorum,2
Microlophus_occipitalis,2
Microlophus_pacificus,2
Microlophus_peruvianus,2
Microlophus_quadrivittatus,2
Microlophus_stolzmanni,2
Microlophus_tarapacensis,2
Microlophus_theresiae,2
Microlophus_theresioides,2
Microlophus_thoracicus,2
Microlophus_tigris,2
Microlophus_yanezi,2
Micromacronus_leytensis,1
Micromacronus_sordidus,1
Micromonacha_lanceolata,2
Micromys_minutus,1
Micronisus_gabar,3
Micronycteris_brosseti,2
Micronycteris_buriri,2
Micronycteris_giovanniae,2
Micronycteris_hirsuta,2
Micronycteris_megalotis,2
Micronycteris_microtis,2
Micronycteris_minuta,2
Micronycteris_sanborni,2
Micronycteris_schmidtorum,2
Micronycteris_yatesi,2
Microparra_capensis,3
Micropechis_ikaheka,2
Microperoryctes_aplini,3
Microperoryctes_longicauda,3
Microperoryctes_murina,2
Microperoryctes_papuensis,3
Micropisthodon_ochraceus,2
Micropotamogale_lamottei,2
Micropotamogale_ruwenzorii,2
Micropsitta_bruijnii,1
Micropsitta_finschii,1
Micropsitta_geelvinkiana,1
Micropsitta_keiensis,1
Micropsitta_meeki,1
Micropsitta_pusio,1
Micropternus_brachyurus,3
Micropteropus_intermedius,4
Micropteropus_pusillus,4
Microptilotis_albilineatus,1
Microptilotis_albonotatus,1
Microptilotis_analogus,1
Microptilotis_cinereifrons,1
Microptilotis_flavirictus,1
Microptilotis_fordianus,1
Microptilotis_gracilis,1
Microptilotis_imitatrix,1
Microptilotis_mimikae,1
Microptilotis_montanus,1
Microptilotis_orientalis,1
Microptilotis_reticulatus,1
Microptilotis_vicina,1
Micropygia_schomburgkii,2
Microrhopias_quixensis,1
Microryzomys_altissimus,1
Microryzomys_minutus,1
Microsciurus_alfari,2
Microsciurus_flaviventer,2
Microsciurus_mimulus,2
Microsciurus_santanderensis,2
Microspingus_alticola,2
Microspingus_cabanisi,2
Microspingus_cinereus,2
Microspingus_erythrophrys,2
Microspingus_lateralis,2
Microspingus_melanoleucus,2
Microspingus_pectoralis,2
Microspingus_torquatus,2
Microspingus_trifasciatus,2
Microstilbon_burmeisteri,1
Microtarsus_melanoleucos,1
Microtus_abbreviatus,2
Microtus_agrestis,2
Microtus_anatolicus,2
Microtus_arvalis,2
Microtus_bavaricus,2
Microtus_brachycercus,2
Microtus_breweri,2
Microtus_cabrerae,2
Microtus_californicus,2
Microtus_canicaudus,2
Microtus_chrotorrhinus,2
Microtus_clarkei,2
Microtus_daghestanicus,2
Microtus_dogramacii,2
Microtus_duodecimcostatus,2
Microtus_evoronensis,2
Microtus_felteni,2
Microtus_fortis,2
Microtus_gerbei,2
Microtus_gregalis,2
Microtus_guatemalensis,2
Microtus_guentheri,2
Microtus_hyperboreus,2
Microtus_ilaeus,2
Microtus_irani,2
Microtus_kikuchii,2
Microtus_levis,2
Microtus_liechtensteini,2
Microtus_limnophilus,2
Microtus_longicaudus,2
Microtus_lusitanicus,2
Microtus_majori,2
Microtus_maximowiczii,2
Microtus_mexicanus,2
Microtus_middendorffii,2
Microtus_miurus,2
Microtus_mongolicus,2
Microtus_montanus,2
Microtus_montebelli,2
Microtus_mujanensis,2
Microtus_multiplex,2
Microtus_oaxacensis,2
Microtus_ochrogaster,2
Microtus_oeconomus,2
Microtus_oregoni,2
Microtus_paradoxus,2
Microtus_pennsylvanicus,2
Microtus_pinetorum,2
Microtus_qazvinensis,2
Microtus_quasiater,2
Microtus_richardsoni,3
Microtus_sachalinensis,2
Microtus_savii,2
Microtus_schelkovnikovi,2
Microtus_schidlovskii,2
Microtus_socialis,2
Microtus_subterraneus,2
Microtus_tatricus,2
Microtus_thomasi,2
Microtus_townsendii,2
Microtus_transcaspicus,2
Microtus_umbrosus,2
Microtus_xanthognathus,3
Microxenops_milleri,1
Micruroides_euryxanthus,2
Micrurus_albicinctus,2
Micrurus_alleni,2
Micrurus_altirostris,2
Micrurus_ancoralis,2
Micrurus_annellatus,2
Micrurus_averyi,2
Micrurus_baliocoryphus,2
Micrurus_bernadi,2
Micrurus_bocourti,2
Micrurus_bogerti,2
Micrurus_brasiliensis,2
Micrurus_browni,2
Micrurus_camilae,2
Micrurus_catamayensis,2
Micrurus_circinalis,2
Micrurus_clarki,2
Micrurus_collaris,2
Micrurus_corallinus,2
Micrurus_decoratus,2
Micrurus_diana,2
Micrurus_diastema,2
Micrurus_dissoleucus,2
Micrurus_distans,2
Micrurus_dumerilii,2
Micrurus_elegans,2
Micrurus_ephippifer,2
Micrurus_filiformis,2
Micrurus_frontalis,2
Micrurus_fulvius,2
Micrurus_hemprichii,2
Micrurus_hippocrepis,2
Micrurus_ibiboboca,2
Micrurus_isozonus,2
Micrurus_langsdorffi,2
Micrurus_laticollaris,2
Micrurus_latifasciatus,2
Micrurus_lemniscatus,2
Micrurus_limbatus,2
Micrurus_margaritiferus,2
Micrurus_medemi,2
Micrurus_meridensis,2
Micrurus_mertensi,2
Micrurus_mipartitus,2
Micrurus_mosquitensis,2
Micrurus_multifasciatus,2
Micrurus_multiscutatus,2
Micrurus_narduccii,2
Micrurus_nattereri,2
Micrurus_nebularis,2
Micrurus_nigrocinctus,2
Micrurus_obscurus,2
Micrurus_oligoanellatus,2
Micrurus_ornatissimus,2
Micrurus_pacaraimae,2
Micrurus_pachecogili,2
Micrurus_paraensis,2
Micrurus_peruvianus,2
Micrurus_petersi,2
Micrurus_potyguara,2
Micrurus_proximans,2
Micrurus_psyches,2
Micrurus_putumayensis,2
Micrurus_pyrrhocryptus,2
Micrurus_remotus,2
Micrurus_renjifoi,2
Micrurus_ruatanus,2
Micrurus_sangilensis,2
Micrurus_scutiventris,2
Micrurus_serranus,2
Micrurus_silviae,2
Micrurus_spixii,2
Micrurus_spurrelli,2
Micrurus_steindachneri,2
Micrurus_stewarti,2
Micrurus_stuarti,2
Micrurus_surinamensis,2
Micrurus_tamaulipensis,2
Micrurus_tener,2
Micrurus_tricolor,2
Micrurus_tschudii,2
Micryletta_aishani,1
Micryletta_erythropoda,1
Micryletta_inornata,1
Micryletta_lineata,1
Micryletta_menglienica,1
Micryletta_nigromaculata,1
Micryletta_steinegeri,1
Millardia_gleadowi,2
Millardia_kathleenae,2
Millardia_kondana,2
Millardia_meltada,2
Milvago_chimachima,4
Milvus_migrans,4
Milvus_milvus,4
Mimetillus_moloneyi,1
Mimon_bennettii,3
Mimon_cozumelae,3
Mimophis_mahfalensis,2
Mimosiphonops_vermiculatus,2
Mimus_dorsalis,3
Mimus_gilvus,3
Mimus_graysoni,3
Mimus_gundlachii,3
Mimus_longicaudatus,3
Mimus_macdonaldi,3
Mimus_melanotis,3
Mimus_parvulus,3
Mimus_patagonicus,3
Mimus_polyglottos,3
Mimus_saturninus,3
Mimus_thenca,3
Mimus_triurus,3
Mindomys_hammondi,2
Minervarya_agricola,1
Minervarya_andamanensis,1
Minervarya_asmati,1
Minervarya_brevipalmata,1
Minervarya_cepfi,1
Minervarya_chiangmaiensis,1
Minervarya_chilapata,1
Minervarya_dhaka,1
Minervarya_goemchi,1
Minervarya_gomantaki,1
Minervarya_greenii,1
Minervarya_kadar,1
Minervarya_kalinga,1
Minervarya_keralensis,1
Minervarya_kirtisinghei,1
Minervarya_krishnan,1
Minervarya_manoharani,1
Minervarya_marathi,1
Minervarya_muangkanensis,1
Minervarya_mysorensis,1
Minervarya_neilcoxi,1
Minervarya_nepalensis,1
Minervarya_nicobariensis,1
Minervarya_nilagirica,1
Minervarya_pentali,1
Minervarya_pierrei,1
Minervarya_rufescens,1
Minervarya_sahyadris,1
Minervarya_sengupti,1
Minervarya_syhadrensis,1
Minervarya_teraiensis,1
Miniopterus_aelleni,2
Miniopterus_africanus,2
Miniopterus_ambohitrensis,2
Miniopterus_australis,2
Miniopterus_brachytragos,2
Miniopterus_egeri,2
Miniopterus_fraterculus,2
Miniopterus_fuscus,2
Miniopterus_gleni,2
Miniopterus_griffithsi,2
Miniopterus_inflatus,2
Miniopterus_macrocneme,2
Miniopterus_maghrebensis,2
Miniopterus_magnater,2
Miniopterus_mahafaliensis,2
Miniopterus_majori,2
Miniopterus_manavi,2
Miniopterus_medius,2
Miniopterus_natalensis,2
Miniopterus_newtoni,2
Miniopterus_petersoni,2
Miniopterus_pusillus,2
Miniopterus_schreibersii,2
Miniopterus_sororculus,2
Miniopterus_tristis,2
Minla_ignotincta,1
Mino_anais,4
Mino_dumontii,4
Mino_kreffti,4
Mintonophis_pakistanicus,2
Minyobates_steyermarki,1
Mionectes_galbinus,1
Mionectes_macconnelli,1
Mionectes_oleagineus,1
Mionectes_olivaceus,1
Mionectes_roraimae,1
Mionectes_rufiventris,1
Mionectes_striaticollis,1
Miopithecus_ogouensis,4
Miopithecus_talapoin,4
Mirafra_affinis,2
Mirafra_africana,2
Mirafra_albicauda,2
Mirafra_angolensis,2
Mirafra_apiata,2
Mirafra_ashi,2
Mirafra_assamica,2
Mirafra_cheniana,2
Mirafra_collaris,2
Mirafra_cordofanica,2
Mirafra_erythrocephala,2
Mirafra_erythroptera,2
Mirafra_fasciolata,2
Mirafra_gilletti,2
Mirafra_hypermetra,3
Mirafra_javanica,2
Mirafra_microptera,2
Mirafra_passerina,2
Mirafra_pulpa,2
Mirafra_rufa,2
Mirafra_rufocinnamomea,2
Mirafra_sharpii,2
Mirafra_somalica,2
Mirafra_williamsi,2
Miralia_alternans,2
Mirimiri_acrodonta,4
Mirza_coquereli,3
Mirza_zaza,3
Mirzamys_louiseae,2
Mirzamys_norahae,2
Mitophis_asbolepis,1
Mitophis_calypso,1
Mitophis_leptepileptus,1
Mitophis_pyrites,1
Mitrephanes_olivaceus,1
Mitrephanes_phaeocercus,1
Mitrospingus_cassinii,3
Mitrospingus_oleagineus,3
Mitu_salvini,4
Mitu_tomentosum,4
Mitu_tuberosum,4
Mixcoatlus_barbouri,2
Mixcoatlus_melanurus,2
Mixophyes_balbus,4
Mixophyes_carbinensis,4
Mixophyes_coggeri,4
Mixophyes_fasciolatus,4
Mixophyes_fleayi,4
Mixophyes_hihihorlo,4
Mixophyes_iteratus,4
Mixophyes_schevilli,4
Mixornis_bornensis,2
Mixornis_flavicollis,2
Mixornis_gularis,2
Mixornis_kelleyi,2
Mixornis_prillwitzi,2
Mniotilta_varia,1
Mochlus_afer,2
Mochlus_brevicaudis,2
Mochlus_fernandi,2
Mochlus_grandisonianus,2
Mochlus_guineensis,2
Mochlus_hinkeli,2
Mochlus_laeviceps,2
Mochlus_lanceolatus,2
Mochlus_mabuiiformis,2
Mochlus_mafianus,2
Mochlus_mocquardi,2
Mochlus_paedocarinatus,2
Mochlus_pembanus,2
Mochlus_productus,2
Mochlus_simonettai,2
Mochlus_somalicus,2
Mochlus_striatus,2
Mochlus_sundevallii,2
Mochlus_tanae,2
Mochlus_vinciguerrae,2
Modulatrix_stictigula,2
Mogera_etigo,2
Mogera_imaizumii,2
Mogera_insularis,2
Mogera_robusta,2
Mogera_tokudae,2
Mogera_wogura,2
Mohoua_albicilla,2
Mohoua_novaeseelandiae,2
Mohoua_ochrocephala,2
Mokopirirakau_cryptozoicus,2
Mokopirirakau_granulatus,2
Mokopirirakau_kahutarae,2
Mokopirirakau_nebulosus,2
Moloch_horridus,2
Molossops_aequatorianus,2
Molossops_mattogrossensis,2
Molossops_temminckii,2
Molossus_alvarezi,3
Molossus_aztecus,3
Molossus_bondae,3
Molossus_coibensis,3
Molossus_currentium,3
Molossus_molossus,3
Molossus_pretiosus,3
Molossus_rufus,3
Molossus_sinaloae,3
Molothrus_aeneus,3
Molothrus_armenti,3
Molothrus_ater,3
Molothrus_bonariensis,3
Molothrus_oryzivorus,3
Molothrus_rufoaxillaris,3
Momotus_aequatorialis,3
Momotus_bahamensis,3
Momotus_coeruliceps,3
Momotus_lessonii,3
Momotus_mexicanus,3
Momotus_momota,3
Momotus_subrufescens,3
Monachella_coultasi,1
Monachella_muelleriana,1
Monarcha_castaneiventris,2
Monarcha_cinerascens,2
Monarcha_frater,2
Monarcha_megarhynchus,2
Monarcha_melanopsis,2
Monarcha_richardsii,2
Monarcha_ugiensis,1
Monasa_atra,3
Monasa_flavirostris,3
Monasa_morphoeus,3
Monasa_nigrifrons,3
Monias_benschi,3
Monilesaurus_acanthocephalus,2
Monilesaurus_ellioti,2
Monilesaurus_montanus,2
Monilesaurus_rouxii,2
Monodelphis_adusta,2
Monodelphis_americana,1
Monodelphis_brevicaudata,2
Monodelphis_dimidiata,2
Monodelphis_domestica,2
Monodelphis_emiliae,1
Monodelphis_glirina,2
Monodelphis_handleyi,2
Monodelphis_iheringi,1
Monodelphis_kunsi,1
Monodelphis_osgoodi,1
Monodelphis_palliolata,2
Monodelphis_peruviana,1
Monodelphis_reigi,1
Monodelphis_ronaldi,1
Monodelphis_scalops,2
Monodelphis_unistriata,1
Monopeltis_adercae,1
Monopeltis_anchietae,1
Monopeltis_capensis,1
Monopeltis_decosteri,1
Monopeltis_galeata,1
Monopeltis_guentheri,1
Monopeltis_infuscata,1
Monopeltis_jugularis,1
Monopeltis_kabindae,1
Monopeltis_leonhardi,1
Monopeltis_luandae,1
Monopeltis_mauricei,1
Monopeltis_perplexus,1
Monopeltis_remaclei,1
Monopeltis_rhodesiana,1
Monopeltis_scalper,1
Monopeltis_schoutedeni,1
Monopeltis_sphenorhynchus,1
Monopeltis_vanderysti,1
Monopeltis_zambezensis,1
Montaspis_gilvomaculata,2
Montatheris_hindii,2
Montecincla_cachinnans,3
Montecincla_fairbanki,3
Montecincla_jerdoni,3
Montecincla_meridionalis,3
Monticola_angolensis,3
Monticola_brevipes,3
Monticola_cinclorhyncha,3
Monticola_erythronotus,3
Monticola_explorator,3
Monticola_gularis,3
Monticola_imerina,3
Monticola_rufiventris,3
Monticola_rufocinereus,3
Monticola_rupestris,3
Monticola_saxatilis,3
Monticola_semirufus,3
Monticola_sharpei,3
Monticola_solitarius,3
Monticolomys_koopmani,1
Montifringilla_adamsi,2
Montifringilla_henrici,2
Montifringilla_nivalis,3
Montivipera_albicornuta,2
Montivipera_albizona,2
Montivipera_bornmuelleri,2
Montivipera_bulgardaghica,2
Montivipera_latifii,2
Montivipera_raddei,2
Montivipera_wagneri,2
Montivipera_xanthina,2
Mopanveldophis_zebrinus,2
Mops_bakarii,3
Mops_brachypterus,3
Mops_condylurus,3
Mops_congicus,3
Mops_demonstrator,3
Mops_leucostigma,3
Mops_midas,3
Mops_mops,3
Mops_nanulus,3
Mops_niveiventer,3
Mops_petersoni,3
Mops_sarasinorum,3
Mops_spurrelli,3
Mops_thersites,3
Mops_trevori,3
Morelia_bredli,4
Morelia_carinata,4
Morelia_spilota,4
Morelia_viridis,4
Morenia_ocellata,3
Morenia_petersi,3
Morerella_cyanophthalma,1
Morethia_adelaidensis,2
Morethia_boulengeri,2
Morethia_butleri,2
Morethia_lineoocellata,2
Morethia_obscura,2
Morethia_ruficauda,2
Morethia_storri,2
Morethia_taeniopleura,2
Mormoops_megalophylla,2
Mormopterus_acetabulosus,2
Mormopterus_beccarii,2
Mormopterus_cobourgianus,2
Mormopterus_eleryi,2
Mormopterus_francoismoutoui,2
Mormopterus_halli,2
Mormopterus_jugularis,2
Mormopterus_kalinowskii,2
Mormopterus_kitcheneri,2
Mormopterus_lumsdenae,2
Mormopterus_minutus,2
Mormopterus_norfolkensis,2
Mormopterus_phrudus,2
Mormopterus_planiceps,2
Mormopterus_ridei,2
Morococcyx_erythropygus,3
Morphnarchus_princeps,4
Morphnus_guianensis,4
Moschiola_indica,4
Moschiola_kathygre,4
Moschiola_meminna,4
Moschus_anhuiensis,4
Moschus_berezovskii,4
Moschus_chrysogaster,4
Moschus_cupreus,4
Moschus_fuscus,4
Moschus_leucogaster,4
Moschus_moschiferus,4
Mosia_nigrescens,2
Motacilla_aguimp,2
Motacilla_alba,2
Motacilla_capensis,2
Motacilla_cinerea,2
Motacilla_citreola,2
Motacilla_clara,2
Motacilla_flava,2
Motacilla_flaviventris,2
Motacilla_grandis,2
Motacilla_maderaspatensis,2
Motacilla_samveasnae,2
Motacilla_tschutschensis,2
Moupinia_poecilotis,1
Muhtarophis_barani,2
Mulleripicus_fuliginosus,4
Mulleripicus_fulvus,4
Mulleripicus_funebris,4
Mulleripicus_pulverulentus,4
Mungos_gambianus,4
Mungos_mungo,4
Mungotictis_decemlineata,3
Muntiacus_atherodes,4
Muntiacus_crinifrons,4
Muntiacus_feae,4
Muntiacus_gongshanensis,4
Muntiacus_montanus,4
Muntiacus_muntjak,4
Muntiacus_puhoatensis,4
Muntiacus_putaoensis,4
Muntiacus_reevesi,4
Muntiacus_rooseveltorum,4
Muntiacus_truongsonensis,4
Muntiacus_vaginalis,4
Muntiacus_vuquangensis,4
Murexia_habbema,2
Murexia_longicaudata,2
Murexia_melanurus,2
Murexia_naso,2
Murexia_rothschildi,2
Muriculus_imberbis,1
Murina_aenea,2
Murina_annamitica,2
Murina_aurata,2
Murina_balaensis,2
Murina_beelzebub,2
Murina_bicolor,2
Murina_cyclotis,2
Murina_feae,2
Murina_fionae,2
Murina_florium,2
Murina_gracilis,2
Murina_harpioloides,2
Murina_harrisoni,2
Murina_hilgendorfi,2
Murina_huttoni,2
Murina_leucogaster,2
Murina_lorelieae,2
Murina_puta,2
Murina_recondita,2
Murina_rozendaali,2
Murina_ryukyuana,2
Murina_suilla,2
Murina_tubinaris,2
Murina_ussuriensis,2
Mus_baoulei,1
Mus_booduga,1
Mus_bufo,1
Mus_callewaerti,1
Mus_caroli,1
Mus_cervicolor,1
Mus_cookii,1
Mus_crociduroides,1
Mus_cypriacus,1
Mus_famulus,1
Mus_fernandoni,1
Mus_fragilicauda,1
Mus_goundae,1
Mus_haussa,1
Mus_indutus,1
Mus_macedonicus,1
Mus_mahomet,1
Mus_mattheyi,1
Mus_mayori,1
Mus_minutoides,1
Mus_musculoides,1
Mus_neavei,1
Mus_oubanguii,1
Mus_pahari,1
Mus_phillipsi,1
Mus_platythrix,1
Mus_saxicola,1
Mus_setulosus,1
Mus_setzeri,1
Mus_shortridgei,1
Mus_sorella,1
Mus_spicilegus,1
Mus_spretus,1
Mus_tenellus,1
Mus_terricolor,1
Mus_triton,1
Mus_vulcani,1
Muscardinus_avellanarius,1
Muscicapa_adusta,1
Muscicapa_aquatica,1
Muscicapa_cassini,1
Muscicapa_dauurica,1
Muscicapa_epulata,1
Muscicapa_ferruginea,1
Muscicapa_gambagae,1
Muscicapa_griseisticta,1
Muscicapa_muttui,1
Muscicapa_randi,1
Muscicapa_segregata,1
Muscicapa_sethsmithi,1
Muscicapa_sibirica,1
Muscicapa_striata,1
Muscigralla_brevicauda,1
Muscipipra_vetula,2
Muscisaxicola_albifrons,2
Muscisaxicola_albilora,2
Muscisaxicola_alpinus,2
Muscisaxicola_capistratus,2
Muscisaxicola_cinereus,2
Muscisaxicola_flavinucha,2
Muscisaxicola_fluviatilis,2
Muscisaxicola_frontalis,2
Muscisaxicola_griseus,2
Muscisaxicola_juninensis,2
Muscisaxicola_maclovianus,2
Muscisaxicola_maculirostris,2
Muscisaxicola_occipitalis,2
Muscisaxicola_rufivertex,2
Musonycteris_harrisoni,2
Musophaga_rossae,4
Musophaga_violacea,4
Musseromys_anacuao,1
Musseromys_beneficus,1
Musseromys_gulantang,1
Musseromys_inopinatus,1
Mussurana_bicolor,2
Mussurana_montana,2
Mussurana_quimi,2
Mustela_africana,3
Mustela_altaica,3
Mustela_erminea,3
Mustela_eversmanii,3
Mustela_felipei,2
Mustela_frenata,2
Mustela_itatsi,3
Mustela_kathiah,2
Mustela_lutreola,3
Mustela_lutreolina,3
Mustela_nigripes,3
Mustela_nivalis,1
Mustela_nudipes,3
Mustela_putorius,3
Mustela_sibirica,3
Mustela_strigidorsa,2
Mustela_subpalmata,2
Mustela_tonkinensis,2
Myadestes_coloratus,2
Myadestes_elisabeth,2
Myadestes_genibarbis,2
Myadestes_lanaiensis,2
Myadestes_melanops,2
Myadestes_obscurus,2
Myadestes_occidentalis,2
Myadestes_palmeri,2
Myadestes_ralloides,2
Myadestes_townsendi,2
Myadestes_unicolor,2
Mycerobas_affinis,3
Mycerobas_carnipes,3
Mycerobas_icterioides,3
Mycerobas_melanozanthos,3
Mycteria_americana,4
Mycteria_cinerea,4
Mycteria_ibis,4
Mycteria_leucocephala,4
Mydaus_javanensis,4
Mydaus_marchei,4
Myersiella_microps,1
Myersiohyla_aromatica,1
Myersiohyla_chamaeleo,1
Myersiohyla_inparquesi,1
Myersiohyla_liliae,1
Myersiohyla_loveridgei,1
Myersiohyla_neblinaria,1
Myersophis_alpestris,2
Myiagra_alecto,2
Myiagra_atra,1
Myiagra_azureocapilla,2
Myiagra_caledonica,1
Myiagra_castaneigularis,2
Myiagra_cervinicauda,1
Myiagra_cervinicolor,1
Myiagra_cyanoleuca,2
Myiagra_eichhorni,1
Myiagra_erythrops,1
Myiagra_ferrocyanea,1
Myiagra_galeata,1
Myiagra_hebetior,1
Myiagra_inquieta,2
Myiagra_nana,1
Myiagra_rubecula,2
Myiagra_ruficollis,2
Myiagra_vanikorensis,2
Myiarchus_antillarum,2
Myiarchus_apicalis,2
Myiarchus_barbirostris,2
Myiarchus_cephalotes,2
Myiarchus_cinerascens,2
Myiarchus_crinitus,3
Myiarchus_ferox,2
Myiarchus_magnirostris,2
Myiarchus_nugator,2
Myiarchus_nuttingi,2
Myiarchus_oberi,2
Myiarchus_panamensis,2
Myiarchus_phaeocephalus,2
Myiarchus_sagrae,2
Myiarchus_semirufus,2
Myiarchus_stolidus,2
Myiarchus_swainsoni,2
Myiarchus_tuberculifer,2
Myiarchus_tyrannulus,3
Myiarchus_validus,3
Myiarchus_venezuelensis,2
Myiarchus_yucatanensis,2
Myiobius_atricaudus,1
Myiobius_barbatus,1
Myiobius_sulphureipygius,1
Myiobius_villosus,1
Myioborus_albifacies,1
Myioborus_albifrons,1
Myioborus_brunniceps,1
Myioborus_cardonai,1
Myioborus_castaneocapilla,1
Myioborus_chrysops,1
Myioborus_flavivertex,1
Myioborus_melanocephalus,1
Myioborus_miniatus,1
Myioborus_ornatus,1
Myioborus_pariae,1
Myioborus_pictus,1
Myioborus_torquatus,1
Myiodynastes_bairdii,3
Myiodynastes_chrysocephalus,3
Myiodynastes_hemichrysus,3
Myiodynastes_luteiventris,3
Myiodynastes_maculatus,3
Myiodynastes_solitarius,3
Myiomela_cambodiana,2
Myiomela_diana,2
Myiomela_leucura,2
Myiopagis_caniceps,1
Myiopagis_cinerea,1
Myiopagis_cotta,1
Myiopagis_flavivertex,1
Myiopagis_gaimardii,1
Myiopagis_olallai,1
Myiopagis_parambae,1
Myiopagis_subplacens,1
Myiopagis_viridicata,1
Myiophobus_crypterythrus,1
Myiophobus_cryptoxanthus,1
Myiophobus_fasciatus,1
Myiophobus_flavicans,1
Myiophobus_inornatus,1
Myiophobus_phoenicomitra,1
Myiophobus_roraimae,1
Myiophobus_rufescens,1
Myiopsitta_luchsi,3
Myiopsitta_monachus,3
Myiornis_albiventris,1
Myiornis_atricapillus,1
Myiornis_auricularis,1
Myiornis_ecaudatus,1
Myiotheretes_fumigatus,3
Myiotheretes_fuscorufus,3
Myiotheretes_pernix,3
Myiotheretes_striaticollis,3
Myiothlypis_basilica,2
Myiothlypis_bivittata,2
Myiothlypis_chlorophrys,2
Myiothlypis_chrysogaster,2
Myiothlypis_cinereicollis,2
Myiothlypis_conspicillata,2
Myiothlypis_coronata,2
Myiothlypis_euophrys,2
Myiothlypis_flaveola,2
Myiothlypis_fraseri,2
Myiothlypis_fulvicauda,2
Myiothlypis_leucoblephara,2
Myiothlypis_leucophrys,2
Myiothlypis_luteoviridis,2
Myiothlypis_mesoleuca,2
Myiothlypis_nigrocristata,2
Myiothlypis_rivularis,2
Myiothlypis_roraimae,2
Myiothlypis_signata,2
Myiothlypis_striaticeps,2
Myiotriccus_ornatus,1
Myiotriccus_phoenicurus,1
Myiozetetes_cayanensis,2
Myiozetetes_granadensis,2
Myiozetetes_luteiventris,2
Myiozetetes_similis,2
Mylomys_dybowskii,3
Mylomys_rex,3
Myobatrachus_gouldii,1
Myocastor_coypus,4
Myodes_andersoni,2
Myodes_californicus,2
Myodes_centralis,2
Myodes_gapperi,2
Myodes_glareolus,2
Myodes_regulus,2
Myodes_rex,2
Myodes_rufocanus,2
Myodes_rutilus,2
Myodes_shanseius,2
Myodes_smithii,2
Myoictis_leucura,2
Myoictis_melas,2
Myoictis_wallacei,2
Myoictis_wavicus,2
Myomimus_personatus,1
Myomimus_roachi,1
Myomimus_setzeri,1
Myomyscus_angolensis,2
Myomyscus_brockmani,2
Myomyscus_verreauxii,2
Myomyscus_yemeni,2
Myonycteris_brachycephala,4
Myonycteris_leptodon,4
Myonycteris_relicta,4
Myonycteris_torquata,4
Myophonus_blighi,4
Myophonus_borneensis,4
Myophonus_caeruleus,4
Myophonus_castaneus,4
Myophonus_glaucinus,4
Myophonus_horsfieldii,4
Myophonus_insularis,4
Myophonus_melanurus,4
Myophonus_robinsoni,4
Myoprocta_acouchy,3
Myoprocta_pratti,3
Myopterus_daubentonii,2
Myopterus_whitleyi,2
Myopus_schisticolor,1
Myornis_senilis,1
Myosciurus_pumilio,1
Myosorex_babaulti,1
Myosorex_blarina,1
Myosorex_bururiensis,1
Myosorex_cafer,1
Myosorex_eisentrauti,1
Myosorex_geata,1
Myosorex_gnoskei,1
Myosorex_jejei,1
Myosorex_kabogoensis,1
Myosorex_kihaulei,1
Myosorex_longicaudatus,1
Myosorex_okuensis,1
Myosorex_rumpii,1
Myosorex_schalleri,1
Myosorex_sclateri,1
Myosorex_varius,1
Myosorex_zinki,1
Myospalax_aspalax,3
Myospalax_myospalax,3
Myospalax_psilurus,3
Myotis_adversus,2
Myotis_albescens,2
Myotis_alcathoe,2
Myotis_annamiticus,2
Myotis_annatessae,2
Myotis_annectans,2
Myotis_atacamensis,2
Myotis_ater,2
Myotis_aurascens,2
Myotis_auriculus,2
Myotis_austroriparius,2
Myotis_bechsteinii,2
Myotis_blythii,2
Myotis_bocagii,2
Myotis_bombinus,2
Myotis_borneoensis,2
Myotis_brandtii,2
Myotis_californicus,2
Myotis_capaccinii,2
Myotis_chiloensis,2
Myotis_chinensis,2
Myotis_ciliolabrum,2
Myotis_cobanensis,2
Myotis_csorbai,2
Myotis_dasycneme,2
Myotis_daubentonii,2
Myotis_davidii,2
Myotis_dieteri,2
Myotis_diminutus,2
Myotis_dinellii,2
Myotis_dominicensis,2
Myotis_elegans,2
Myotis_emarginatus,2
Myotis_escalerai,2
Myotis_evotis,2
Myotis_federatus,2
Myotis_formosus,2
Myotis_fortidens,2
Myotis_frater,2
Myotis_goudoti,2
Myotis_grisescens,2
Myotis_hasseltii,2
Myotis_hermani,2
Myotis_horsfieldii,2
Myotis_ikonnikovi,2
Myotis_indochinensis,2
Myotis_izecksohni,2
Myotis_keaysi,2
Myotis_keenii,2
Myotis_laniger,2
Myotis_lavali,2
Myotis_leibii,2
Myotis_levis,2
Myotis_longipes,2
Myotis_lucifugus,2
Myotis_macrodactylus,2
Myotis_macropus,2
Myotis_melanorhinus,2
Myotis_moluccarum,2
Myotis_montivagus,2
Myotis_morrisi,2
Myotis_muricola,2
Myotis_myotis,2
Myotis_mystacinus,2
Myotis_nattereri,2
Myotis_nesopolus,2
Myotis_nigricans,2
Myotis_nipalensis,2
Myotis_nyctor,2
Myotis_occultus,2
Myotis_oxyotus,2
Myotis_peninsularis,2
Myotis_pequinius,2
Myotis_petax,2
Myotis_peytoni,2
Myotis_pilosus,2
Myotis_planiceps,2
Myotis_pruinosus,2
Myotis_punicus,2
Myotis_ridleyi,2
Myotis_riparius,2
Myotis_rosseti,2
Myotis_ruber,2
Myotis_rufopictus,2
Myotis_schaubi,2
Myotis_scotti,2
Myotis_secundus,2
Myotis_septentrionalis,2
Myotis_sibiricus,2
Myotis_sicarius,2
Myotis_siligorensis,2
Myotis_simus,2
Myotis_sodalis,2
Myotis_soror,2
Myotis_stalkeri,2
Myotis_thysanodes,2
Myotis_tricolor,2
Myotis_velifer,2
Myotis_vivesi,2
Myotis_volans,2
Myotis_welwitschii,2
Myotis_yanbarensis,2
Myotis_yumanensis,2
Myriopholis_adleri,1
Myriopholis_albiventer,1
Myriopholis_algeriensis,1
Myriopholis_blanfordii,1
Myriopholis_boueti,1
Myriopholis_braccianii,1
Myriopholis_burii,1
Myriopholis_cairi,1
Myriopholis_erythraeus,1
Myriopholis_filiformis,1
Myriopholis_ionidesi,1
Myriopholis_lanzai,1
Myriopholis_longicauda,1
Myriopholis_macrorhyncha,1
Myriopholis_macrura,1
Myriopholis_narirostris,1
Myriopholis_natatrix,1
Myriopholis_nursii,1
Myriopholis_occipitalis,1
Myriopholis_perreti,1
Myriopholis_rouxestevae,1
Myriopholis_wilsoni,1
Myrmeciza_longipes,2
Myrmecobius_fasciatus,3
Myrmecocichla_aethiops,2
Myrmecocichla_arnotti,2
Myrmecocichla_formicivora,2
Myrmecocichla_melaena,2
Myrmecocichla_monticola,2
Myrmecocichla_nigra,2
Myrmecocichla_tholloni,2
Myrmecophaga_tridactyla,4
Myrmelastes_brunneiceps,2
Myrmelastes_caurensis,2
Myrmelastes_humaythae,2
Myrmelastes_hyperythrus,2
Myrmelastes_leucostigma,2
Myrmelastes_rufifacies,2
Myrmelastes_saturatus,2
Myrmelastes_schistaceus,2
Myrmia_micrura,1
Myrmoborus_leucophrys,2
Myrmoborus_lophotes,2
Myrmoborus_lugubris,2
Myrmoborus_melanurus,2
Myrmoborus_myotherinus,2
Myrmochanes_hemileucus,1
Myrmoderus_eowilsoni,2
Myrmoderus_ferrugineus,2
Myrmoderus_loricatus,2
Myrmoderus_ruficauda,2
Myrmoderus_squamosus,2
Myrmophylax_atrothorax,2
Myrmorchilus_strigilatus,2
Myrmornis_stictoptera,2
Myrmornis_torquata,2
Myrmothera_campanisona,3
Myrmothera_simplex,3
Myrmotherula_ambigua,1
Myrmotherula_assimilis,1
Myrmotherula_axillaris,1
Myrmotherula_behni,1
Myrmotherula_brachyura,1
Myrmotherula_cherriei,1
Myrmotherula_grisea,1
Myrmotherula_ignota,1
Myrmotherula_iheringi,1
Myrmotherula_klagesi,1
Myrmotherula_longicauda,1
Myrmotherula_longipennis,1
Myrmotherula_luctuosa,1
Myrmotherula_menetriesii,1
Myrmotherula_minor,1
Myrmotherula_multostriata,1
Myrmotherula_pacifica,1
Myrmotherula_schisticolor,1
Myrmotherula_sclateri,1
Myrmotherula_snowi,1
Myrmotherula_sunensis,1
Myrmotherula_surinamensis,1
Myrmotherula_unicolor,1
Myrmotherula_urosticta,1
Myron_karnsi,2
Myron_resetari,2
Myrrophis_bennettii,2
Myrrophis_chinensis,2
Myrtis_fanny,1
Mysateles_melanurus,3
Mysateles_prehensilis,3
Mystacina_robusta,2
Mystacina_tuberculata,2
Mystacornis_crossleyi,2
Mysticellus_franki,1
Mystromys_albicaudatus,3
Myza_celebensis,3
Myza_sarasinorum,3
Myzomela_adolphinae,1
Myzomela_albigula,1
Myzomela_batjanensis,1
Myzomela_blasii,1
Myzomela_boiei,1
Myzomela_caledonica,1
Myzomela_cardinalis,1
Myzomela_chloroptera,1
Myzomela_cineracea,1
Myzomela_cruentata,1
Myzomela_dammermani,1
Myzomela_eichhorni,1
Myzomela_eques,1
Myzomela_erythrina,1
Myzomela_erythrocephala,1
Myzomela_erythromelas,1
Myzomela_jugularis,1
Myzomela_kuehni,1
Myzomela_lafargei,1
Myzomela_longirostris,1
Myzomela_malaitae,1
Myzomela_melanocephala,1
Myzomela_nigrita,1
Myzomela_obscura,1
Myzomela_pammelaena,1
Myzomela_pulchella,1
Myzomela_rosenbergii,1
Myzomela_rubratra,1
Myzomela_rubrobrunnea,1
Myzomela_rubrotincta,1
Myzomela_sanguinolenta,1
Myzomela_sclateri,1
Myzomela_simplex,1
Myzomela_tristrami,1
Myzomela_vulnerata,1
Myzomela_wakoloensis,1
Myzopoda_aurita,2
Myzopoda_schliemanni,2
Myzornis_pyrrhoura,1
Nactus_acutus,2
Nactus_cheverti,2
Nactus_coindemirensis,2
Nactus_durrellorum,2
Nactus_eboracensis,2
Nactus_galgajuga,2
Nactus_kunan,2
Nactus_multicarinatus,2
Nactus_pelagicus,2
Nactus_serpensinsula,2
Nactus_sphaerodactylodes,2
Nactus_vankampeni,2
Nadzikambia_baylissi,2
Nadzikambia_mlanjensis,2
Naemorhedus_baileyi,4
Naemorhedus_caudatus,4
Naemorhedus_goral,4
Naja_anchietae,2
Naja_annulata,2
Naja_annulifera,2
Naja_arabica,2
Naja_ashei,2
Naja_atra,2
Naja_christyi,2
Naja_haje,2
Naja_kaouthia,2
Naja_katiensis,2
Naja_mandalayensis,2
Naja_melanoleuca,2
Naja_mossambica,2
Naja_multifasciata,2
Naja_naja,2
Naja_nigricincta,2
Naja_nigricollis,2
Naja_nivea,2
Naja_nubiae,2
Naja_oxiana,2
Naja_pallida,2
Naja_peroescobari,2
Naja_philippinensis,2
Naja_sagittifera,2
Naja_samarensis,2
Naja_savannula,2
Naja_senegalensis,2
Naja_siamensis,2
Naja_sputatrix,2
Naja_subfulva,2
Naja_sumatrana,2
Namazonurus_campbelli,2
Namazonurus_lawrenci,2
Namazonurus_namaquensis,2
Namazonurus_peersi,2
Namazonurus_pustulatus,2
Namibiana_gracilior,1
Namibiana_labialis,1
Namibiana_latifrons,1
Namibiana_occidentalis,1
Namibiana_rostrata,1
Nandinia_binotata,4
Nanger_dama,4
Nanger_granti,4
Nanger_soemmerringii,4
Nangura_spinosa,2
Nannophryne_apolobambica,1
Nannophryne_corynetes,1
Nannophryne_variegata,1
Nannophrys_ceylonensis,1
Nannophrys_marmorata,1
Nannophrys_naeyakai,1
Nannopsittaca_dachilleae,3
Nannopsittaca_panychlora,3
Nannopterum_auritus,4
Nannopterum_brasilianus,4
Nannoscincus_exos,1
Nannoscincus_fuscus,1
Nannoscincus_garrulus,1
Nannoscincus_gracilis,1
Nannoscincus_greeri,1
Nannoscincus_hanchisteus,1
Nannoscincus_humectus,1
Nannoscincus_koniambo,1
Nannoscincus_manautei,1
Nannoscincus_mariei,1
Nannoscincus_rankini,1
Nannoscincus_slevini,1
Nannosciurus_melanotis,1
Nannospalax_ehrenbergi,3
Nannospalax_leucodon,3
Nannospalax_xanthodon,3
Nanohyla_annamensis,1
Nanohyla_annectens,1
Nanohyla_arboricola,1
Nanohyla_marmorata,1
Nanohyla_nanapollexa,1
Nanohyla_perparva,1
Nanohyla_petrigena,1
Nanohyla_pulchella,1
Nanonycteris_veldkampii,3
Nanorana_aenea,2
Nanorana_annandalii,2
Nanorana_arnoldi,2
Nanorana_arunachalensis,2
Nanorana_blanfordii,2
Nanorana_chayuensis,2
Nanorana_conaensis,2
Nanorana_ercepeae,2
Nanorana_feae,2
Nanorana_gammii,2
Nanorana_kangxianensis,2
Nanorana_liebigii,2
Nanorana_maculosa,2
Nanorana_medogensis,2
Nanorana_minica,2
Nanorana_mokokchungensis,2
Nanorana_parkeri,3
Nanorana_phrynoides,2
Nanorana_pleskei,3
Nanorana_polunini,2
Nanorana_quadranus,2
Nanorana_rarica,2
Nanorana_rostandi,2
Nanorana_sichuanensis,2
Nanorana_taihangnica,2
Nanorana_unculuanus,2
Nanorana_ventripunctata,2
Nanorana_vicina,2
Nanorana_yunnanensis,2
Napaeozapus_insignis,1
Napothera_epilepidota,1
Narophis_bimaculatus,2
Narudasia_festiva,1
Nasalis_larvatus,4
Nasica_longirostris,3
Nasikabatrachus_bhupathi,4
Nasikabatrachus_sahyadrensis,4
Nasua_narica,4
Nasua_nasua,4
Nasuella_meridensis,4
Nasuella_olivacea,4
Nasutixalus_jerdonii,1
Nasutixalus_medogensis,1
Nasutixalus_yingjiangensis,1
Natalobatrachus_bonebergi,1
Natalus_major,1
Natalus_mexicanus,1
Natalus_stramineus,1
Natalus_tumidirostris,1
Natriciteres_bipostocularis,2
Natriciteres_fuliginoides,2
Natriciteres_olivacea,2
Natriciteres_pembana,2
Natriciteres_sylvatica,2
Natriciteres_variegata,2
Natrix_astreptophora,2
Natrix_helvetica,2
Natrix_maura,2
Natrix_natrix,2
Natrix_tessellata,2
Naultinus_elegans,2
Naultinus_gemmeus,2
Naultinus_grayii,2
Naultinus_manukanus,2
Naultinus_punctatus,2
Naultinus_rudis,2
Naultinus_stellatus,2
Naultinus_tuberculatus,2
Neacomys_dubosti,1
Neacomys_guianae,1
Neacomys_minutus,1
Neacomys_musseri,1
Neacomys_paracou,1
Neacomys_pictus,1
Neacomys_spinosus,1
Neacomys_tenuipes,1
Neafrapus_boehmi,1
Neafrapus_cassini,1
Neamblysomus_gunningi,2
Neamblysomus_julianae,2
Necromys_amoenus,2
Necromys_benefactus,2
Necromys_lactens,2
Necromys_lasiurus,2
Necromys_lenguarum,2
Necromys_obscurus,2
Necromys_temchuki,2
Necromys_urichi,2
Necrosyrtes_monachus,4
Nectarinia_bocagii,1
Nectarinia_famosa,2
Nectarinia_johnstoni,2
Nectarinia_kilimensis,2
Nectarinia_purpureiventris,1
Nectarinia_tacazze,2
Nectocaecilia_petersii,1
Nectogale_elegans,1
Nectomys_apicalis,3
Nectomys_grandis,3
Nectomys_palmipes,3
Nectomys_rattus,3
Nectomys_squamipes,3
Nectophryne_afra,1
Nectophryne_batesii,1
Nectophrynoides_cryptus,1
Nectophrynoides_frontierei,1
Nectophrynoides_laevis,1
Nectophrynoides_laticeps,1
Nectophrynoides_minutus,1
Nectophrynoides_paulae,1
Nectophrynoides_poyntoni,1
Nectophrynoides_pseudotornieri,1
Nectophrynoides_tornieri,1
Nectophrynoides_vestergaardi,1
Nectophrynoides_viviparus,1
Nectophrynoides_wendyae,1
Neelaps_calonotos,2
Nelsonia_goldmani,1
Nelsonia_neotomodon,1
Nemosia_pileata,1
Nemosia_rourei,1
Neobatrachus_albipes,3
Neobatrachus_aquilonius,3
Neobatrachus_fulvus,2
Neobatrachus_kunapalari,2
Neobatrachus_pelobatoides,3
Neobatrachus_pictus,2
Neobatrachus_sudelli,3
Neobatrachus_sutor,2
Neobatrachus_wilsmorei,3
Neochen_jubata,4
Neochmia_evangelinae,1
Neochmia_modesta,1
Neochmia_phaeton,1
Neochmia_ruficauda,1
Neochmia_temporalis,1
Neocichla_gutturalis,2
Neocossyphus_poensis,3
Neocossyphus_rufus,3
Neocrex_colombiana,3
Neocrex_erythrops,3
Neoctantes_niger,2
Neodon_forresti,2
Neodon_irene,2
Neodon_juldaschi,2
Neodon_linzhiensis,2
Neodon_sikimensis,2
Neodrepanis_coruscans,1
Neodrepanis_hypoxantha,1
Neofelis_diardi,4
Neofelis_nebulosa,4
Neofiber_alleni,3
Neohylomys_hainanensis,2
Neolalage_banksiana,1
Neolestes_torquatus,2
Neomicroxus_bogotensis,1
Neomicroxus_latebricola,1
Neomixis_pallidior,1
Neomixis_striatigula,1
Neomixis_tenella,1
Neomixis_viridis,1
Neomorphus_geoffroyi,4
Neomorphus_pucheranii,4
Neomorphus_radiolosus,4
Neomorphus_rufipennis,4
Neomys_anomalus,1
Neomys_fodiens,1
Neomys_teres,1
Neonycteris_pusilla,2
Neopalaia_pulchra,2
Neopelma_aurifrons,2
Neopelma_chrysocephalum,2
Neopelma_chrysolophum,2
Neopelma_pallescens,2
Neopelma_sulphureiventer,2
Neophascogale_lorentzii,3
Neophedina_cincta,2
Neophema_chrysogaster,3
Neophema_chrysostoma,3
Neophema_elegans,3
Neophema_petrophila,3
Neophema_pulchella,3
Neophema_splendida,3
Neophron_percnopterus,4
Neopipo_cinnamomea,1
Neopsephotus_bourkii,3
Neopsittacus_musschenbroekii,3
Neopsittacus_pullicauda,3
Neopteryx_frosti,4
Neoromicia_brunnea,2
Neoromicia_capensis,2
Neoromicia_flavescens,2
Neoromicia_guineensis,2
Neoromicia_isabella,2
Neoromicia_malagasyensis,2
Neoromicia_matroka,2
Neoromicia_melckorum,2
Neoromicia_nana,2
Neoromicia_rendalli,2
Neoromicia_robertsi,2
Neoromicia_roseveari,2
Neoromicia_somalica,2
Neoromicia_tenuipinnis,2
Neoromicia_zuluensis,2
Neosuthora_davidiana,1
Neotamias_alpinus,2
Neotamias_amoenus,2
Neotamias_bulleri,2
Neotamias_canipes,2
Neotamias_cinereicollis,2
Neotamias_dorsalis,2
Neotamias_durangae,2
Neotamias_merriami,2
Neotamias_minimus,2
Neotamias_obscurus,2
Neotamias_ochrogenys,2
Neotamias_palmeri,2
Neotamias_panamintinus,2
Neotamias_quadrimaculatus,2
Neotamias_quadrivittatus,2
Neotamias_ruficaudus,2
Neotamias_rufus,2
Neotamias_senex,2
Neotamias_siskiyou,2
Neotamias_sonomae,2
Neotamias_speciosus,2
Neotamias_townsendii,2
Neotamias_umbrinus,2
Neotetracus_sinensis,2
Neothraupis_fasciata,2
Neotis_denhami,4
Neotis_heuglinii,4
Neotis_ludwigii,4
Neotis_nuba,4
Neotoma_albigula,3
Neotoma_angustapalata,3
Neotoma_bryanti,3
Neotoma_chrysomelas,3
Neotoma_cinerea,3
Neotoma_devia,3
Neotoma_floridana,3
Neotoma_fuscipes,3
Neotoma_goldmani,3
Neotoma_insularis,3
Neotoma_lepida,3
Neotoma_leucodon,3
Neotoma_macrotis,3
Neotoma_magister,3
Neotoma_mexicana,3
Neotoma_micropus,3
Neotoma_nelsoni,3
Neotoma_palatina,3
Neotoma_phenax,3
Neotoma_stephensi,3
Neotomodon_alstoni,2
Neotomys_ebriosus,3
Neotragus_batesi,4
Neotragus_pygmaeus,4
Neovison_vison,4
Neoxolmis_rufiventris,3
Nephelomyias_lintoni,1
Nephelomyias_ochraceiventris,1
Nephelomyias_pulcher,1
Nephelomys_albigularis,3
Nephelomys_auriventer,3
Nephelomys_caracolus,3
Nephelomys_devius,3
Nephelomys_keaysi,3
Nephelomys_levipes,3
Nephelomys_meridensis,3
Nephelornis_oneilli,1
Nephrurus_amyae,2
Nephrurus_asper,2
Nephrurus_deleani,2
Nephrurus_laevissimus,2
Nephrurus_levis,2
Nephrurus_sheai,2
Nephrurus_stellatus,2
Nephrurus_vertebralis,2
Nephrurus_wheeleri,2
Nerodia_erythrogaster,3
Nerodia_fasciata,3
Nerodia_harteri,3
Nerodia_paucimaculata,3
Nerodia_rhombifer,3
Nerodia_sipedon,3
Nesasio_solomonensis,4
Nesillas_brevicaudata,1
Nesillas_lantzii,1
Nesillas_mariae,1
Nesillas_typica,1
Nesocharis_ansorgei,1
Nesocharis_capistrata,1
Nesocharis_shelleyi,1
Nesoctites_micromegas,3
Nesoenas_mayeri,4
Nesoenas_picturatus,4
Nesokia_bunnii,3
Nesokia_indica,3
Nesolagus_netscheri,4
Nesolagus_timminsi,4
Nesomys_audeberti,3
Nesomys_lambertoni,3
Nesomys_rufus,3
Nesophlox_evelynae,1
Nesophlox_lyrura,1
Nesopsar_nigerrimus,2
Nesoptilotis_flavicollis,2
Nesoptilotis_leucotis,2
Nesorohyla_kanaima,2
Nesoromys_ceramicus,3
Nesoryzomys_fernandinae,2
Nesoryzomys_narboroughi,2
Nesoryzomys_swarthi,2
Nesospingus_speculiferus,2
Nesotragus_moschatus,4
Nessia_bipes,1
Nessia_burtonii,1
Nessia_deraniyagalai,1
Nessia_didactyla,1
Nessia_gansi,1
Nessia_hickanala,1
Nessia_layardi,1
Nessia_monodactyla,1
Nessia_sarasinorum,1
Nestor_meridionalis,4
Nestor_notabilis,4
Netta_erythrophthalma,4
Netta_peposaca,4
Netta_rufina,4
Nettapus_auritus,4
Nettapus_coromandelianus,4
Nettapus_pulchellus,4
Neurergus_barani,2
Neurergus_crocatus,3
Neurergus_derjugini,2
Neurergus_strauchii,2
Neurotrichus_gibbsii,1
Neusticomys_ferreirai,1
Neusticomys_monticolus,1
Neusticomys_mussoi,1
Neusticomys_oyapocki,1
Neusticomys_peruviensis,1
Neusticomys_venezuelae,1
Neusticurus_bicarinatus,1
Neusticurus_medemi,1
Neusticurus_racenisi,1
Neusticurus_rudis,1
Neusticurus_tatei,1
Newtonia_amphichroa,1
Newtonia_archboldi,1
Newtonia_brunneicauda,1
Newtonia_fanovanae,1
Nicator_chloris,3
Nicator_gularis,3
Nicator_vireo,3
Niceforonia_adenobrachia,1
Niceforonia_aderca,1
Niceforonia_araiodactyla,1
Niceforonia_babax,1
Niceforonia_brunnea,1
Niceforonia_dolops,1
Niceforonia_elassodiscus,1
Niceforonia_fallaciosa,1
Niceforonia_latens,1
Niceforonia_lucida,1
Niceforonia_mantipus,1
Niceforonia_nana,1
Niceforonia_nigrovittata,1
Niceforonia_peraccai,1
Nidirana_adenopleura,3
Nidirana_chapaensis,2
Nidirana_daunchina,2
Nidirana_hainanensis,2
Nidirana_lini,2
Nidirana_okinavana,2
Nidirana_pleuraden,2
Nigrita_bicolor,1
Nigrita_canicapillus,2
Nigrita_fusconotus,1
Nigrita_luteifrons,1
Nilaus_afer,2
Nilgiritragus_hylocrius,4
Nilopegamys_plumbeus,2
Nilssonia_formosa,4
Nilssonia_gangetica,4
Nilssonia_hurum,4
Nilssonia_leithii,4
Nilssonia_nigricans,4
Niltava_davidi,2
Niltava_grandis,3
Niltava_macgrigoriae,2
Niltava_oatesi,2
Niltava_sumatrana,2
Niltava_sundara,2
Niltava_vivida,2
Nimbaphrynoides_occidentalis,1
Ningaui_ridei,1
Ningaui_timealeyi,1
Ningaui_yvonneae,1
Ninia_atrata,1
Ninia_celata,1
Ninia_diademata,1
Ninia_espinali,1
Ninia_franciscoi,1
Ninia_hudsoni,1
Ninia_maculata,1
Ninia_pavimentata,1
Ninia_psephota,1
Ninia_sebae,1
Ninox_affinis,3
Ninox_boobook,4
Ninox_burhani,3
Ninox_connivens,4
Ninox_forbesi,3
Ninox_granti,3
Ninox_hantu,3
Ninox_hypogramma,3
Ninox_ios,3
Ninox_jacquinoti,3
Ninox_japonica,4
Ninox_leucopsis,4
Ninox_leventisi,3
Ninox_malaitae,3
Ninox_meeki,3
Ninox_mindorensis,3
Ninox_novaeseelandiae,4
Ninox_obscura,4
Ninox_ochracea,3
Ninox_odiosa,3
Ninox_philippensis,3
Ninox_punctulata,3
Ninox_randi,3
Ninox_reyi,3
Ninox_roseoaxillaris,3
Ninox_rudolfi,3
Ninox_rufa,4
Ninox_rumseyi,3
Ninox_scutulata,4
Ninox_spilocephala,3
Ninox_spilonotus,3
Ninox_squamipila,4
Ninox_strenua,4
Ninox_sumbaensis,3
Ninox_theomacha,3
Ninox_variegata,3
Ninurta_coeruleopunctatus,2
Nipponia_nippon,4
Nisaetus_alboniger,4
Nisaetus_bartelsi,4
Nisaetus_cirrhatus,4
Nisaetus_floris,4
Nisaetus_lanceolatus,4
Nisaetus_nanus,4
Nisaetus_nipalensis,4
Nisaetus_philippensis,4
Nisaetus_pinskeri,4
Niviventer_andersoni,3
Niviventer_brahma,3
Niviventer_cameroni,3
Niviventer_confucianus,3
Niviventer_coninga,3
Niviventer_cremoriventer,3
Niviventer_culturatus,3
Niviventer_eha,3
Niviventer_excelsior,3
Niviventer_fraternus,3
Niviventer_fulvescens,3
Niviventer_hinpoon,3
Niviventer_langbianis,3
Niviventer_lepturus,3
Niviventer_niviventer,3
Niviventer_rapit,3
Niviventer_tenaster,3
Noblella_bagrecito,1
Noblella_carrascoicola,1
Noblella_chirihampatu,1
Noblella_madreselva,1
Noblella_peruviana,1
Noblella_pygmaea,1
Noblella_ritarasquinae,1
Noblella_usurpator,1
Noctilio_albiventris,4
Noctilio_leporinus,4
Nok_hualon,2
Nomascus_annamensis,4
Nomascus_concolor,4
Nomascus_gabriellae,4
Nomascus_hainanus,4
Nomascus_leucogenys,4
Nomascus_nasutus,4
Nomascus_siki,4
Nomonyx_dominicus,4
Nonnula_amaurocephala,2
Nonnula_brunnea,2
Nonnula_frontalis,2
Nonnula_rubecula,2
Nonnula_ruficapilla,2
Nonnula_sclateri,2
Northiella_haematogaster,3
Notaden_bennettii,3
Notaden_melanoscaphus,3
Notaden_nichollsi,3
Notaden_weigeli,3
Notechis_scutatus,3
Notharchus_hyperrhynchus,3
Notharchus_macrorhynchos,3
Notharchus_ordii,3
Notharchus_pectoralis,3
Notharchus_subtectus,3
Notharchus_swainsoni,3
Notharchus_tectus,3
Nothobachia_ablephara,1
Nothocercus_bonapartei,4
Nothocercus_julius,4
Nothocercus_nigrocapillus,4
Nothocrax_urumutum,4
Nothophryne_baylissi,1
Nothophryne_broadleyi,1
Nothophryne_inagoensis,1
Nothophryne_ribauensis,1
Nothophryne_unilurio,1
Nothoprocta_cinerascens,4
Nothoprocta_curvirostris,4
Nothoprocta_ornata,4
Nothoprocta_pentlandii,4
Nothoprocta_perdicaria,4
Nothoprocta_taczanowskii,4
Nothopsis_rugosus,2
Nothura_boraquira,4
Nothura_darwinii,4
Nothura_maculosa,4
Nothura_minor,3
Notiomys_edwardsii,1
Notiomystis_cincta,2
Notiosorex_cockrumi,1
Notiosorex_crawfordi,1
Notiosorex_evotis,1
Notiosorex_villai,1
Notochelys_platynota,3
Notocitellus_adocetus,3
Notocitellus_annulatus,3
Notomabuya_frenata,1
Notomys_alexis,2
Notomys_aquilo,2
Notomys_cervinus,2
Notomys_fuscus,2
Notomys_mitchellii,2
Notopholia_corusca,3
Notophthalmus_meridionalis,1
Notophthalmus_perstriatus,1
Notophthalmus_viridescens,1
Notopteris_macdonaldi,4
Notopteris_neocaledonica,4
Notoryctes_caurinus,2
Notoryctes_typhlops,2
Notoscincus_butleri,1
Notoscincus_ornatus,1
Nototriton_abscondens,1
Nototriton_barbouri,1
Nototriton_brodiei,1
Nototriton_costaricense,1
Nototriton_gamezi,1
Nototriton_guanacaste,1
Nototriton_lignicola,1
Nototriton_limnospectator,1
Nototriton_major,1
Nototriton_matama,1
Nototriton_mime,1
Nototriton_nelsoni,1
Nototriton_oreadorum,1
Nototriton_picadoi,1
Nototriton_picucha,1
Nototriton_richardi,1
Nototriton_saslaya,1
Nototriton_stuarti,1
Nototriton_tapanti,1
Nototriton_tomamorum,1
Nubeoscincus_glacialis,1
Nubeoscincus_stellaris,1
Nucifraga_caryocatactes,4
Nucifraga_columbiana,4
Nucifraga_hemispila,4
Nucifraga_multipunctata,4
Nucras_aurantiaca,1
Nucras_boulengeri,1
Nucras_broadleyi,1
Nucras_caesicaudata,1
Nucras_holubi,1
Nucras_intertexta,1
Nucras_lalandii,1
Nucras_livida,1
Nucras_ornata,1
Nucras_scalaris,1
Nucras_taeniolata,1
Nucras_tessellata,1
Numenius_americanus,4
Numenius_arquata,4
Numenius_madagascariensis,4
Numenius_minutus,4
Numenius_phaeopus,4
Numenius_tahitiensis,4
Numenius_tenuirostris,4
Numida_meleagris,4
Nyctalus_aviator,3
Nyctalus_azoreum,3
Nyctalus_furvus,3
Nyctalus_lasiopterus,3
Nyctalus_leisleri,3
Nyctalus_montanus,3
Nyctalus_noctula,3
Nyctalus_plancyi,3
Nyctanassa_violacea,4
Nyctanolis_pernix,1
Nyctereutes_procyonoides,4
Nycteris_arge,2
Nycteris_aurita,2
Nycteris_gambiensis,2
Nycteris_grandis,2
Nycteris_hispida,2
Nycteris_intermedia,2
Nycteris_javanica,2
Nycteris_macrotis,2
Nycteris_major,2
Nycteris_nana,2
Nycteris_parisii,2
Nycteris_thebaica,2
Nycteris_tragata,2
Nycteris_vinsoni,2
Nycteris_woodi,2
Nyctibates_corrugatus,1
Nyctibatrachus_acanthodermis,1
Nyctibatrachus_aliciae,1
Nyctibatrachus_anamallaiensis,1
Nyctibatrachus_athirappillyensis,1
Nyctibatrachus_beddomii,1
Nyctibatrachus_danieli,1
Nyctibatrachus_dattatreyaensis,1
Nyctibatrachus_deccanensis,1
Nyctibatrachus_deveni,1
Nyctibatrachus_gavi,1
Nyctibatrachus_grandis,1
Nyctibatrachus_humayuni,1
Nyctibatrachus_indraneili,1
Nyctibatrachus_jog,1
Nyctibatrachus_karnatakaensis,1
Nyctibatrachus_kempholeyensis,1
Nyctibatrachus_kumbara,1
Nyctibatrachus_major,1
Nyctibatrachus_manalari,1
Nyctibatrachus_mewasinghi,1
Nyctibatrachus_minimus,1
Nyctibatrachus_minor,1
Nyctibatrachus_periyar,1
Nyctibatrachus_petraeus,1
Nyctibatrachus_pillaii,1
Nyctibatrachus_poocha,1
Nyctibatrachus_pulivijayani,1
Nyctibatrachus_radcliffei,1
Nyctibatrachus_robinmoorei,1
Nyctibatrachus_sabarimalai,1
Nyctibatrachus_sanctipalustris,1
Nyctibatrachus_shiradi,1
Nyctibatrachus_sylvaticus,1
Nyctibatrachus_vasanthi,1
Nyctibatrachus_vrijeuni,1
Nyctibatrachus_webilla,1
Nyctibius_aethereus,4
Nyctibius_grandis,4
Nyctibius_griseus,4
Nyctibius_jamaicensis,4
Nyctibius_leucopterus,3
Nyctibius_maculosus,3
Nycticebus_bancanus,3
Nycticebus_bengalensis,4
Nycticebus_borneanus,3
Nycticebus_coucang,3
Nycticebus_hilleri,3
Nycticebus_javanicus,3
Nycticebus_kayan,3
Nycticebus_menagensis,3
Nycticebus_pygmaeus,3
Nycticeinops_schlieffeni,2
Nycticeius_humeralis,2
Nycticorax_caledonicus,4
Nycticorax_nycticorax,4
Nycticryphes_semicollaris,3
Nyctidromus_albicollis,3
Nyctidromus_anthonyi,3
Nyctiellus_lepidus,1
Nyctimantis_arapapa,2
Nyctimantis_bokermanni,2
Nyctimantis_brunoi,2
Nyctimantis_galeata,2
Nyctimantis_pomba,2
Nyctimantis_rugiceps,2
Nyctimantis_siemersi,2
Nyctimene_aello,4
Nyctimene_albiventer,4
Nyctimene_cephalotes,4
Nyctimene_certans,4
Nyctimene_cyclotis,4
Nyctimene_draconilla,4
Nyctimene_keasti,4
Nyctimene_major,4
Nyctimene_malaitensis,4
Nyctimene_minutus,4
Nyctimene_rabori,4
Nyctimene_robinsoni,4
Nyctimene_vizcaccia,4
Nyctimystes_avocalis,2
Nyctimystes_bivocalis,2
Nyctimystes_calcaratus,2
Nyctimystes_cheesmani,2
Nyctimystes_cryptochrysos,2
Nyctimystes_daymani,2
Nyctimystes_disruptus,2
Nyctimystes_eucavatus,2
Nyctimystes_fluviatilis,2
Nyctimystes_foricula,2
Nyctimystes_granti,2
Nyctimystes_gularis,2
Nyctimystes_humeralis,2
Nyctimystes_intercastellus,2
Nyctimystes_kubori,2
Nyctimystes_kuduki,2
Nyctimystes_latratus,2
Nyctimystes_montanus,2
Nyctimystes_myolae,2
Nyctimystes_narinosus,2
Nyctimystes_obsoletus,2
Nyctimystes_ocreptus,2
Nyctimystes_oktediensis,2
Nyctimystes_papua,2
Nyctimystes_perimetri,2
Nyctimystes_persimilis,2
Nyctimystes_pulcher,2
Nyctimystes_sauroni,2
Nyctimystes_semipalmatus,2
Nyctimystes_trachydermis,2
Nyctimystes_traunae,2
Nyctimystes_tyleri,2
Nyctimystes_zweifeli,2
Nyctinomops_aurispinosus,3
Nyctinomops_femorosaccus,3
Nyctinomops_laticaudatus,3
Nyctinomops_macrotis,3
Nyctiphrynus_mcleodii,2
Nyctiphrynus_ocellatus,3
Nyctiphrynus_rosenbergi,3
Nyctiphrynus_yucatanicus,2
Nyctipolus_hirundinaceus,3
Nyctipolus_nigrescens,3
Nyctiprogne_leucopyga,2
Nyctiprogne_vielliardi,2
Nyctixalus_margaritifer,1
Nyctixalus_pictus,1
Nyctixalus_spinosus,1
Nyctomys_sumichrasti,2
Nyctophilopython_oenpelliensis,2
Nyctophilus_arnhemensis,2
Nyctophilus_bifax,2
Nyctophilus_corbeni,2
Nyctophilus_geoffroyi,2
Nyctophilus_gouldi,2
Nyctophilus_heran,2
Nyctophilus_microdon,2
Nyctophilus_microtis,2
Nyctophilus_sherrini,2
Nyctophilus_shirleyae,2
Nyctophilus_walkeri,2
Nyctyornis_amictus,3
Nyctyornis_athertoni,3
Nymphargus_anomalus,1
Nymphargus_armatus,1
Nymphargus_balionotus,1
Nymphargus_bejaranoi,1
Nymphargus_buenaventura,1
Nymphargus_cariticommatus,1
Nymphargus_caucanus,1
Nymphargus_chami,1
Nymphargus_chancas,1
Nymphargus_cochranae,1
Nymphargus_colomai,1
Nymphargus_cristinae,1
Nymphargus_garciae,1
Nymphargus_grandisonae,1
Nymphargus_griffithsi,1
Nymphargus_humboldti,1
Nymphargus_ignotus,1
Nymphargus_lasgralarias,1
Nymphargus_laurae,1
Nymphargus_lindae,1
Nymphargus_luminosus,1
Nymphargus_luteopunctatus,1
Nymphargus_manduriacu,1
Nymphargus_mariae,1
Nymphargus_megistus,1
Nymphargus_mixomaculatus,1
Nymphargus_nephelophila,1
Nymphargus_ocellatus,1
Nymphargus_oreonympha,1
Nymphargus_phenax,1
Nymphargus_pluvialis,1
Nymphargus_posadae,1
Nymphargus_prasinus,1
Nymphargus_rosada,1
Nymphargus_ruizi,1
Nymphargus_siren,1
Nymphargus_spilotus,1
Nymphargus_sucre,1
Nymphargus_vicenteruedai,1
Nymphargus_wileyi,1
Nymphicus_hollandicus,3
Nystactes_noanamae,3
Nystactes_tamatia,3
Nystalus_chacuru,3
Nystalus_maculatus,3
Nystalus_radiatus,3
Nystalus_striolatus,3
Occidozyga_baluensis,1
Occidozyga_celebensis,1
Occidozyga_diminutiva,1
Occidozyga_floresiana,1
Occidozyga_laevis,1
Occidozyga_lima,1
Occidozyga_magnapustulosa,1
Occidozyga_martensii,1
Occidozyga_rhacoda,1
Occidozyga_semipalmata,1
Occidozyga_sumatrana,1
Occidozyga_tompotika,1
Oceanites_gracilis,2
Oceanites_oceanicus,3
Ochetorhynchus_andaecola,2
Ochetorhynchus_melanurus,2
Ochetorhynchus_phoenicurus,2
Ochetorhynchus_ruficaudus,2
Ochotona_alpina,2
Ochotona_argentata,2
Ochotona_cansus,2
Ochotona_collaris,2
Ochotona_coreana,2
Ochotona_curzoniae,2
Ochotona_dauurica,2
Ochotona_erythrotis,2
Ochotona_forresti,2
Ochotona_gloveri,2
Ochotona_hoffmanni,2
Ochotona_hyperborea,2
Ochotona_iliensis,2
Ochotona_koslowi,2
Ochotona_ladacensis,2
Ochotona_macrotis,2
Ochotona_mantchurica,2
Ochotona_nubrica,2
Ochotona_opaca,2
Ochotona_pallasii,2
Ochotona_princeps,3
Ochotona_pusilla,2
Ochotona_roylei,2
Ochotona_rufescens,2
Ochotona_rutila,2
Ochotona_syrinx,2
Ochotona_thibetana,2
Ochotona_thomasi,2
Ochotona_turuchanensis,2
Ochrotomys_nuttalli,1
Ochthoeca_cinnamomeiventris,2
Ochthoeca_fumicolor,2
Ochthoeca_leucophrys,2
Ochthoeca_nigrita,2
Ochthoeca_oenanthoides,2
Ochthoeca_piurae,2
Ochthoeca_rufipectoralis,2
Ochthoeca_salvini,2
Ochthoeca_superciliosa,2
Ochthoeca_thoracica,2
Ochthornis_littoralis,1
Ocreatus_underwoodii,1
Octodon_bridgesi,3
Octodon_degus,3
Octodon_lunatus,3
Octodon_pacificus,3
Octodontomys_gliroides,3
Octomys_mimax,3
Ocyceros_birostris,4
Ocyceros_gingalensis,4
Ocyceros_griseus,4
Ocyphaps_lophotes,4
Odocoileus_hemionus,4
Odocoileus_virginianus,4
Odontobatrachus_arndti,2
Odontobatrachus_fouta,2
Odontobatrachus_natator,2
Odontobatrachus_smithi,2
Odontobatrachus_ziama,2
Odontophorus_atrifrons,4
Odontophorus_balliviani,4
Odontophorus_capueira,4
Odontophorus_columbianus,4
Odontophorus_dialeucos,4
Odontophorus_erythrops,4
Odontophorus_gujanensis,4
Odontophorus_guttatus,4
Odontophorus_hyperythrus,4
Odontophorus_leucolaemus,4
Odontophorus_melanonotus,4
Odontophorus_melanotis,4
Odontophorus_speciosus,4
Odontophorus_stellatus,4
Odontophorus_strophium,4
Odontophrynus_achalensis,2
Odontophrynus_americanus,3
Odontophrynus_barrioi,3
Odontophrynus_carvalhoi,3
Odontophrynus_cordobae,3
Odontophrynus_cultripes,3
Odontophrynus_juquinha,3
Odontophrynus_lavillai,3
Odontophrynus_maisuma,3
Odontophrynus_monachus,3
Odontophrynus_occidentalis,3
Odontorchilus_branickii,1
Odontorchilus_cinereus,1
Odontospiza_griseicapilla,1
Odorrana_absita,3
Odorrana_amamiensis,2
Odorrana_anlungensis,3
Odorrana_aureola,3
Odorrana_bacboensis,3
Odorrana_banaorum,3
Odorrana_bolavensis,3
Odorrana_cangyuanensis,3
Odorrana_chapaensis,3
Odorrana_chloronota,3
Odorrana_exiliversabilis,3
Odorrana_fengkaiensis,3
Odorrana_geminata,3
Odorrana_gigatympana,3
Odorrana_grahami,3
Odorrana_graminea,4
Odorrana_hainanensis,3
Odorrana_hejiangensis,3
Odorrana_hosii,4
Odorrana_huanggangensis,3
Odorrana_indeprensa,3
Odorrana_ishikawae,2
Odorrana_jingdongensis,3
Odorrana_junlianensis,3
Odorrana_khalam,3
Odorrana_kuangwuensis,3
Odorrana_kweichowensis,3
Odorrana_leporipes,3
Odorrana_lipuensis,3
Odorrana_livida,3
Odorrana_lungshengensis,3
Odorrana_macrotympana,3
Odorrana_margaretae,3
Odorrana_mawphlangensis,3
Odorrana_monjerai,3
Odorrana_morafkai,3
Odorrana_mutschmanni,3
Odorrana_nanjiangensis,3
Odorrana_narina,2
Odorrana_nasica,3
Odorrana_nasuta,3
Odorrana_orba,3
Odorrana_rotodora,3
Odorrana_schmackeri,3
Odorrana_splendida,3
Odorrana_supranarina,2
Odorrana_swinhoana,3
Odorrana_tianmuii,3
Odorrana_tiannanensis,3
Odorrana_tormota,2
Odorrana_trankieni,3
Odorrana_utsunomiyaorum,2
Odorrana_versabilis,2
Odorrana_wuchuanensis,3
Odorrana_yentuensis,3
Odorrana_yizhangensis,3
Odorrana_yunnanensis,3
Odorrana_zhaoi,3
Oecomys_auyantepui,2
Oecomys_bicolor,2
Oecomys_catherinae,2
Oecomys_cleberi,2
Oecomys_concolor,2
Oecomys_flavicans,2
Oecomys_mamorae,2
Oecomys_paricola,2
Oecomys_phaeotis,2
Oecomys_rex,2
Oecomys_roberti,2
Oecomys_rutilus,2
Oecomys_speciosus,2
Oecomys_superans,2
Oecomys_trinitatis,2
Oedipina_alfaroi,1
Oedipina_alleni,1
Oedipina_altura,1
Oedipina_berlini,1
Oedipina_capitalina,1
Oedipina_carablanca,1
Oedipina_chortiorum,1
Oedipina_collaris,1
Oedipina_complex,1
Oedipina_cyclocauda,1
Oedipina_elongata,1
Oedipina_fortunensis,1
Oedipina_gephyra,1
Oedipina_gracilis,1
Oedipina_grandis,1
Oedipina_ignea,1
Oedipina_kasios,1
Oedipina_koehleri,1
Oedipina_leptopoda,1
Oedipina_maritima,1
Oedipina_motaguae,1
Oedipina_nica,1
Oedipina_nimaso,1
Oedipina_pacificensis,1
Oedipina_parvipes,1
Oedipina_paucidentata,1
Oedipina_poelzi,1
Oedipina_pseudouniformis,1
Oedipina_quadra,1
Oedipina_salvadorensis,1
Oedipina_savagei,1
Oedipina_stenopodia,1
Oedipina_stuarti,1
Oedipina_taylori,1
Oedipina_tomasi,1
Oedipina_tzutujilorum,1
Oedipina_uniformis,1
Oedistoma_iliolophus,1
Oedistoma_pygmaeum,1
Oedura_argentea,2
Oedura_bella,2
Oedura_castelnaui,2
Oedura_cincta,2
Oedura_coggeri,2
Oedura_elegans,2
Oedura_filicipoda,2
Oedura_fimbria,2
Oedura_gemmata,2
Oedura_gracilis,2
Oedura_lineata,2
Oedura_luritja,2
Oedura_marmorata,2
Oedura_monilis,2
Oedura_murrumanu,2
Oedura_picta,2
Oedura_tryoni,2
Oena_capensis,3
Oenanthe_albifrons,2
Oenanthe_albonigra,2
Oenanthe_bottae,2
Oenanthe_chrysopygia,2
Oenanthe_cypriaca,2
Oenanthe_deserti,2
Oenanthe_dubia,2
Oenanthe_familiaris,1
Oenanthe_finschii,2
Oenanthe_frenata,2
Oenanthe_fusca,2
Oenanthe_heuglinii,2
Oenanthe_hispanica,1
Oenanthe_isabellina,2
Oenanthe_leucopyga,2
Oenanthe_leucura,3
Oenanthe_lugens,2
Oenanthe_melanura,2
Oenanthe_moesta,2
Oenanthe_monacha,2
Oenanthe_oenanthe,2
Oenanthe_phillipsi,2
Oenanthe_picata,2
Oenanthe_pileata,2
Oenanthe_pleschanka,2
Oenanthe_scotocerca,2
Oenanthe_seebohmi,2
Oenanthe_xanthoprymna,2
Oenomys_hypoxanthus,3
Oenomys_ornatus,3
Ogmodon_vitianus,1
Ognorhynchus_icterotis,4
Okapia_johnstoni,4
Olallamys_albicauda,3
Olallamys_edax,3
Oligodon_affinis,2
Oligodon_albocinctus,2
Oligodon_ancorus,2
Oligodon_annamensis,2
Oligodon_annulifer,2
Oligodon_arnensis,2
Oligodon_barroni,2
Oligodon_bitorquatus,2
Oligodon_bivirgatus,2
Oligodon_booliati,2
Oligodon_brevicauda,2
Oligodon_calamarius,2
Oligodon_catenatus,2
Oligodon_chinensis,2
Oligodon_cinereus,2
Oligodon_cruentatus,2
Oligodon_cyclurus,2
Oligodon_deuvei,2
Oligodon_dorsalis,2
Oligodon_eberhardti,2
Oligodon_erythrogaster,2
Oligodon_erythrorhachis,2
Oligodon_everetti,2
Oligodon_fasciolatus,2
Oligodon_forbesi,2
Oligodon_formosanus,2
Oligodon_hamptoni,2
Oligodon_inornatus,2
Oligodon_joynsoni,2
Oligodon_juglandifer,2
Oligodon_kheriensis,2
Oligodon_lacroixi,2
Oligodon_lipipengi,2
Oligodon_lungshenensis,2
Oligodon_macrurus,2
Oligodon_maculatus,2
Oligodon_mcdougalli,2
Oligodon_melaneus,2
Oligodon_melanozonatus,2
Oligodon_meyerinkii,2
Oligodon_modestus,2
Oligodon_moricei,2
Oligodon_mouhoti,2
Oligodon_nikhili,2
Oligodon_notospilus,2
Oligodon_ocellatus,2
Oligodon_octolineatus,2
Oligodon_ornatus,2
Oligodon_perkinsi,2
Oligodon_petronellae,2
Oligodon_planiceps,2
Oligodon_praefrontalis,2
Oligodon_pseudotaeniatus,2
Oligodon_pulcherrimus,2
Oligodon_purpurascens,2
Oligodon_saintgironsi,2
Oligodon_signatus,2
Oligodon_splendidus,2
Oligodon_sublineatus,2
Oligodon_taeniatus,2
Oligodon_taeniolatus,2
Oligodon_theobaldi,2
Oligodon_torquatus,2
Oligodon_travancoricus,2
Oligodon_trilineatus,2
Oligodon_unicolor,2
Oligodon_venustus,2
Oligodon_vertebralis,2
Oligodon_waandersi,2
Oligodon_wagneri,2
Oligodon_woodmasoni,2
Oligoryzomys_andinus,1
Oligoryzomys_arenalis,1
Oligoryzomys_brendae,1
Oligoryzomys_chacoensis,1
Oligoryzomys_delticola,1
Oligoryzomys_destructor,1
Oligoryzomys_eliurus,1
Oligoryzomys_flavescens,1
Oligoryzomys_fornesi,1
Oligoryzomys_fulvescens,1
Oligoryzomys_griseolus,1
Oligoryzomys_longicaudatus,1
Oligoryzomys_magellanicus,1
Oligoryzomys_microtis,1
Oligoryzomys_moojeni,1
Oligoryzomys_nigripes,1
Oligoryzomys_rupestris,1
Oligoryzomys_stramineus,1
Oligoryzomys_vegetus,1
Oligosoma_acrinasum,2
Oligosoma_aeneum,2
Oligosoma_alani,2
Oligosoma_albornense,2
Oligosoma_auroraense,2
Oligosoma_awakopaka,2
Oligosoma_burganae,2
Oligosoma_chloronoton,2
Oligosoma_elium,2
Oligosoma_fallai,2
Oligosoma_grande,2
Oligosoma_hardyi,2
Oligosoma_homalonotum,2
Oligosoma_hoparatea,2
Oligosoma_inconspicuum,2
Oligosoma_judgei,2
Oligosoma_kokowai,2
Oligosoma_levidensum,2
Oligosoma_lichenigerum,2
Oligosoma_lineoocellatum,2
Oligosoma_longipes,2
Oligosoma_maccanni,2
Oligosoma_macgregori,2
Oligosoma_microlepis,2
Oligosoma_moco,2
Oligosoma_newmani,2
Oligosoma_nigriplantare,2
Oligosoma_notosaurus,2
Oligosoma_oliveri,2
Oligosoma_ornatum,2
Oligosoma_otagense,2
Oligosoma_pikitanga,2
Oligosoma_polychroma,2
Oligosoma_prasinum,2
Oligosoma_repens,2
Oligosoma_robinsoni,2
Oligosoma_roimata,2
Oligosoma_salmo,2
Oligosoma_smithi,2
Oligosoma_stenotis,2
Oligosoma_striatum,2
Oligosoma_suteri,2
Oligosoma_taumakae,2
Oligosoma_tekakahu,2
Oligosoma_toka,2
Oligosoma_townsi,2
Oligosoma_waimatense,2
Oligosoma_whitakeri,2
Oligosoma_zelandicum,2
Ololygon_agilis,1
Ololygon_albicans,1
Ololygon_alcatraz,1
Ololygon_angrensis,1
Ololygon_arduoa,1
Ololygon_argyreornata,1
Ololygon_ariadne,1
Ololygon_aromothyella,1
Ololygon_atrata,1
Ololygon_belloni,1
Ololygon_berthae,1
Ololygon_brieni,1
Ololygon_caissara,1
Ololygon_canastrensis,1
Ololygon_cardosoi,1
Ololygon_carnevallii,1
Ololygon_catharinae,1
Ololygon_centralis,1
Ololygon_cosenzai,1
Ololygon_faivovichi,1
Ololygon_feioi,1
Ololygon_flavoguttata,1
Ololygon_goya,1
Ololygon_heyeri,1
Ololygon_hiemalis,1
Ololygon_humilis,1
Ololygon_insperata,1
Ololygon_jureia,1
Ololygon_kautskyi,1
Ololygon_littoralis,1
Ololygon_littorea,1
Ololygon_longilinea,1
Ololygon_luizotavioi,1
Ololygon_machadoi,1
Ololygon_melanodactyla,1
Ololygon_melloi,1
Ololygon_muriciensis,1
Ololygon_obtriangulata,1
Ololygon_peixotoi,1
Ololygon_perpusilla,1
Ololygon_pombali,1
Ololygon_ranki,1
Ololygon_rizibilis,1
Ololygon_skaios,1
Ololygon_skuki,1
Ololygon_strigilata,1
Ololygon_trapicheiroi,1
Ololygon_tripui,1
Ololygon_tupinamba,1
Ololygon_v-signata,1
Omanosaura_cyanura,2
Omanosaura_jayakari,2
Ombrana_sikimensis,2
Ommatotriton_nesterovi,2
Ommatotriton_ophryticus,2
Ommatotriton_vittatus,2
Omoadiphas_aurula,1
Omoadiphas_cannula,1
Omoadiphas_texiguatensis,1
Oncostoma_cinereigulare,1
Oncostoma_olivaceum,1
Ondatra_zibethicus,4
Oneillornis_lunulatus,2
Oneillornis_salvini,2
Oninia_senglaubi,1
Onychodactylus_fischeri,2
Onychodactylus_fuscus,2
Onychodactylus_intermedius,2
Onychodactylus_japonicus,2
Onychodactylus_kinneburi,2
Onychodactylus_koreanus,2
Onychodactylus_nipponoborealis,2
Onychodactylus_tsukubaensis,2
Onychodactylus_zhangyapingi,2
Onychodactylus_zhaoermii,2
Onychogalea_fraenata,4
Onychogalea_unguifera,4
Onychognathus_albirostris,4
Onychognathus_blythii,3
Onychognathus_frater,3
Onychognathus_fulgidus,3
Onychognathus_morio,4
Onychognathus_nabouroup,3
Onychognathus_neumanni,3
Onychognathus_salvadorii,3
Onychognathus_tenuirostris,3
Onychognathus_tristramii,4
Onychognathus_walleri,3
Onychomys_arenicola,2
Onychomys_leucogaster,2
Onychomys_torridus,2
Onychoprion_aleuticus,3
Onychoprion_lunatus,3
Onychorhynchus_coronatus,2
Onychorhynchus_mexicanus,2
Onychorhynchus_occidentalis,1
Onychorhynchus_swainsoni,1
Onychostruthus_taczanowskii,2
Oocatochus_rufodorsatus,2
Oophaga_anchicayensis,1
Oophaga_andresi,1
Oophaga_granulifera,1
Oophaga_occultator,1
Oophaga_pumilio,1
Oophaga_solanensis,1
Oophaga_sylvatica,1
Oophaga_vicentei,1
Opheodrys_aestivus,2
Opheodrys_vernalis,2
Ophidiocephalus_taeniatus,2
Ophiodes_fragilis,2
Ophiodes_intermedius,2
Ophiodes_striatus,2
Ophiodes_vertebralis,2
Ophiomorus_blanfordii,2
Ophiomorus_brevipes,2
Ophiomorus_chernovi,2
Ophiomorus_latastii,2
Ophiomorus_nuchalis,2
Ophiomorus_persicus,2
Ophiomorus_punctatissimus,2
Ophiomorus_raithmai,2
Ophiomorus_streeti,2
Ophiomorus_tridactylus,2
Ophiophagus_hannah,4
Ophioscincus_cooloolensis,2
Ophioscincus_ophioscincus,2
Ophioscincus_truncatus,2
Ophisaurus_attenuatus,2
Ophisaurus_ceroni,2
Ophisaurus_compressus,2
Ophisaurus_incomptus,2
Ophisaurus_mimicus,2
Ophisaurus_ventralis,2
Ophisops_beddomei,1
Ophisops_elbaensis,1
Ophisops_elegans,1
Ophisops_jerdonii,1
Ophisops_kutchensis,1
Ophisops_leschenaultii,1
Ophisops_microlepis,1
Ophisops_minor,1
Ophisops_occidentalis,1
Ophisops_pushkarensis,1
Ophryacus_undulatus,2
Ophrysia_superciliosa,3
Opisthocomus_hoazin,4
Opisthoprora_euryptera,1
Opisthothylax_immaculatus,1
Opisthotropis_alcalai,2
Opisthotropis_andersonii,2
Opisthotropis_cheni,2
Opisthotropis_cucae,2
Opisthotropis_daovantieni,2
Opisthotropis_guangxiensis,2
Opisthotropis_hungtai,2
Opisthotropis_jacobi,2
Opisthotropis_kikuzatoi,2
Opisthotropis_kuatunensis,2
Opisthotropis_lateralis,2
Opisthotropis_latouchii,2
Opisthotropis_laui,2
Opisthotropis_maculosa,2
Opisthotropis_maxwelli,2
Opisthotropis_shenzhenensis,2
Opisthotropis_spenceri,2
Opisthotropis_tamdaoensis,2
Opisthotropis_typica,2
Opisthotropis_zhaoermii,2
Oplurus_cuvieri,2
Oplurus_cyclurus,2
Oplurus_fierinensis,2
Oplurus_grandidieri,2
Oplurus_quadrimaculatus,2
Oplurus_saxicola,2
Oporornis_agilis,1
Orchesticus_abeillei,2
Oreamnos_americanus,4
Oreobates_amarakaeri,1
Oreobates_antrum,1
Oreobates_ayacucho,1
Oreobates_barituensis,1
Oreobates_berdemenos,1
Oreobates_chiquitanus,1
Oreobates_choristolemma,1
Oreobates_cruralis,1
Oreobates_discoidalis,1
Oreobates_gemcare,1
Oreobates_granulosus,1
Oreobates_heterodactylus,1
Oreobates_ibischi,1
Oreobates_lehri,1
Oreobates_lundbergi,1
Oreobates_machiguenga,1
Oreobates_madidi,1
Oreobates_pereger,1
Oreobates_quixensis,1
Oreobates_remotus,1
Oreobates_sanctaecrucis,1
Oreobates_sanderi,1
Oreobates_saxatilis,1
Oreobates_yanucu,1
Oreobates_zongoensis,1
Oreocalamus_hanitschi,1
Oreocharis_arfaki,3
Oreocossypha_isabellae,2
Oreocryptophis_porphyraceus,2
Oreoica_gutturalis,3
Oreolais_pulcher,1
Oreolais_ruwenzorii,1
Oreolalax_chuanbeiensis,2
Oreolalax_granulosus,2
Oreolalax_jingdongensis,2
Oreolalax_liangbeiensis,2
Oreolalax_lichuanensis,2
Oreolalax_major,2
Oreolalax_multipunctatus,2
Oreolalax_nanjiangensis,2
Oreolalax_omeimontis,2
Oreolalax_pingii,2
Oreolalax_popei,2
Oreolalax_puxiongensis,2
Oreolalax_rhodostigmatus,2
Oreolalax_rugosus,2
Oreolalax_schmidti,2
Oreolalax_sterlingae,2
Oreolalax_weigoldi,2
Oreolalax_xiangchengensis,2
Oreomystis_bairdi,2
Oreonympha_albolimbata,1
Oreonympha_nobilis,1
Oreophasis_derbianus,4
Oreophilais_robertsi,1
Oreopholus_ruficollis,3
Oreophryne_albitympanum,1
Oreophryne_albomaculata,1
Oreophryne_albopunctata,1
Oreophryne_alticola,1
Oreophryne_ampelos,1
Oreophryne_anamiatoi,1
Oreophryne_anser,1
Oreophryne_anthonyi,1
Oreophryne_anulata,1
Oreophryne_asplenicola,1
Oreophryne_atrigularis,1
Oreophryne_aurora,1
Oreophryne_banshee,1
Oreophryne_biroi,1
Oreophryne_brachypus,1
Oreophryne_brevicrus,1
Oreophryne_brevirostris,1
Oreophryne_brunnea,1
Oreophryne_cameroni,1
Oreophryne_celebensis,1
Oreophryne_choerophrynoides,1
Oreophryne_clamata,1
Oreophryne_crucifer,1
Oreophryne_curator,1
Oreophryne_equus,1
Oreophryne_ezra,1
Oreophryne_flava,1
Oreophryne_flavomaculata,1
Oreophryne_frontifasciata,1
Oreophryne_furu,1
Oreophryne_gagneorum,1
Oreophryne_geislerorum,1
Oreophryne_geminus,1
Oreophryne_graminis,1
Oreophryne_habbemensis,1
Oreophryne_hypsiops,1
Oreophryne_idenburgensis,1
Oreophryne_inornata,1
Oreophryne_insulana,1
Oreophryne_jeffersoniana,1
Oreophryne_kampeni,1
Oreophryne_kapisa,1
Oreophryne_lemur,1
Oreophryne_loriae,1
Oreophryne_matawan,1
Oreophryne_meliades,1
Oreophryne_mertoni,1
Oreophryne_minuta,1
Oreophryne_moluccensis,1
Oreophryne_monticola,1
Oreophryne_nicolasi,1
Oreophryne_notata,1
Oreophryne_oviprotector,1
Oreophryne_parkopanorum,1
Oreophryne_penelopeia,1
Oreophryne_philosylleptoris,1
Oreophryne_phoebe,1
Oreophryne_picticrus,1
Oreophryne_pseudasplenicola,1
Oreophryne_pseudunicolor,1
Oreophryne_roedeli,1
Oreophryne_rookmaakeri,1
Oreophryne_sibilans,1
Oreophryne_streiffeleri,1
Oreophryne_terrestris,1
Oreophryne_unicolor,1
Oreophryne_variabilis,1
Oreophryne_waira,1
Oreophryne_wapoga,1
Oreophryne_zimmeri,1
Oreophrynella_cryptica,1
Oreophrynella_dendronastes,1
Oreophrynella_huberi,1
Oreophrynella_macconnelli,1
Oreophrynella_nigra,1
Oreophrynella_quelchii,1
Oreophrynella_seegobini,1
Oreophrynella_vasquezi,1
Oreophrynella_weiassipuensis,1
Oreopsar_bolivianus,3
Oreopsittacus_arfaki,2
Oreornis_chrysogenys,3
Oreortyx_pictus,4
Oreoryzomys_balneator,1
Oreosaurus_achlyens,1
Oreosaurus_cephalolineatus,1
Oreosaurus_inanis,1
Oreosaurus_luctuosus,1
Oreosaurus_mcdiarmidi,1
Oreosaurus_rhodogaster,1
Oreosaurus_shrevei,1
Oreoscoptes_montanus,3
Oreoscopus_gutturalis,1
Oreostruthus_fuliginosus,1
Oreothlypis_gutturalis,1
Oreothlypis_superciliosa,1
Oreothraupis_arremonops,3
Oreotragus_oreotragus,4
Oreotrochilus_adela,1
Oreotrochilus_chimborazo,1
Oreotrochilus_estella,1
Oreotrochilus_leucopleurus,1
Oreotrochilus_melanogaster,1
Oreotrochilus_stolzmanni,1
Orientocoluber_spinalis,2
Origma_solitaria,1
Oriolia_bernieri,3
Oriolus_albiloris,3
Oriolus_auratus,3
Oriolus_bouroensis,3
Oriolus_brachyrynchus,3
Oriolus_chinensis,3
Oriolus_chlorocephalus,3
Oriolus_consanguineus,3
Oriolus_crassirostris,3
Oriolus_cruentus,3
Oriolus_decipiens,3
Oriolus_finschi,3
Oriolus_flavocinctus,3
Oriolus_forsteni,3
Oriolus_hosii,3
Oriolus_isabellae,3
Oriolus_kundoo,3
Oriolus_larvatus,3
Oriolus_melanotis,3
Oriolus_mellianus,3
Oriolus_monacha,3
Oriolus_nigripennis,3
Oriolus_oriolus,3
Oriolus_percivali,3
Oriolus_phaeochromus,3
Oriolus_sagittatus,3
Oriolus_steerii,3
Oriolus_szalayi,3
Oriolus_tenuirostris,3
Oriolus_traillii,3
Oriolus_xanthonotus,3
Oriolus_xanthornus,3
Oriturus_superciliosus,2
Orlitia_borneensis,4
Ornithion_brunneicapillus,1
Ornithion_inerme,1
Ornithion_semiflavum,1
Ornithorhynchus_anatinus,4
Ornithuroscincus_albodorsalis,1
Ornithuroscincus_noctua,1
Ornithuroscincus_nototaenia,1
Ornithuroscincus_venemai,1
Ornorectes_cristatus,2
Orochelidon_andecola,1
Orochelidon_flavipes,1
Orochelidon_murina,1
Orosaura_nebulosylvestris,1
Ortalis_araucuan,4
Ortalis_canicollis,4
Ortalis_cinereiceps,4
Ortalis_columbiana,4
Ortalis_erythroptera,4
Ortalis_garrula,4
Ortalis_guttata,4
Ortalis_leucogastra,4
Ortalis_motmot,4
Ortalis_poliocephala,4
Ortalis_ruficauda,4
Ortalis_squamata,4
Ortalis_superciliaris,4
Ortalis_vetula,4
Ortalis_wagleri,4
Orthogeomys_cavator,3
Orthogeomys_cuniculus,3
Orthogeomys_grandis,3
Orthogeomys_heterodus,3
Orthogeomys_hispidus,3
Orthogeomys_underwoodi,3
Orthogonys_chloricterus,3
Orthonyx_novaeguineae,3
Orthonyx_spaldingii,3
Orthonyx_temminckii,3
Orthopsittaca_manilatus,4
Orthorhyncus_cristatus,1
Orthotomus_atrogularis,1
Orthotomus_castaneiceps,1
Orthotomus_chaktomuk,1
Orthotomus_chloronotus,1
Orthotomus_cinereiceps,1
Orthotomus_derbianus,1
Orthotomus_frontalis,1
Orthotomus_nigriceps,1
Orthotomus_ruficeps,1
Orthotomus_samarensis,1
Orthotomus_sepium,1
Orthotomus_sericeus,1
Orthotomus_sutorius,1
Ortygospiza_atricollis,1
Ortyxelos_meiffrenii,2
Orycteropus_afer,4
Oryctolagus_cuniculus,4
Oryx_beisa,4
Oryx_gazella,4
Oryx_leucoryx,4
Oryzomys_couesi,2
Oryzomys_dimidiatus,2
Oryzomys_gorgasi,2
Oryzomys_palustris,2
Oryzorictes_hova,1
Oryzorictes_tetradactylus,1
Oscaecilia_bassleri,2
Oscaecilia_elongata,2
Oscaecilia_equatorialis,2
Oscaecilia_hypereumeces,2
Oscaecilia_koepckeorum,2
Oscaecilia_ochrocephala,2
Oscaecilia_osae,2
Oscaecilia_polyzona,2
Osgoodomys_banderanus,2
Osornophryne_angel,1
Osornophryne_antisana,1
Osornophryne_bufoniformis,1
Osornophryne_cofanorum,1
Osornophryne_guacamayo,1
Osornophryne_occidentalis,1
Osornophryne_percrassa,1
Osornophryne_puruanta,1
Osornophryne_simpsoni,1
Osornophryne_sumacoensis,1
Osornophryne_talipes,1
Osteocephalus_alboguttatus,3
Osteocephalus_buckleyi,3
Osteocephalus_cabrerai,3
Osteocephalus_camufatus,3
Osteocephalus_cannatellai,3
Osteocephalus_carri,3
Osteocephalus_castaneicola,3
Osteocephalus_deridens,3
Osteocephalus_duellmani,3
Osteocephalus_festae,3
Osteocephalus_fuscifacies,3
Osteocephalus_helenae,3
Osteocephalus_heyeri,3
Osteocephalus_leoniae,3
Osteocephalus_leprieurii,3
Osteocephalus_mimeticus,2
Osteocephalus_mutabor,3
Osteocephalus_oophagus,3
Osteocephalus_planiceps,3
Osteocephalus_sangay,3
Osteocephalus_subtilis,2
Osteocephalus_taurinus,4
Osteocephalus_verruciger,2
Osteocephalus_vilarsi,3
Osteocephalus_yasuni,3
Osteolaemus_tetraspis,4
Osteopilus_crucialis,2
Osteopilus_dominicensis,3
Osteopilus_marianae,3
Osteopilus_ocellatus,3
Osteopilus_pulchrilineatus,3
Osteopilus_septentrionalis,4
Osteopilus_vastus,4
Osteopilus_wilderi,3
Otidiphaps_aruensis,4
Otidiphaps_cervicalis,4
Otidiphaps_insularis,4
Otidiphaps_nobilis,4
Otis_tarda,4
Otocichla_mupinensis,3
Otocolobus_manul,4
Otocryptis_nigristigma,2
Otocryptis_wiegmanni,2
Otocyon_megalotis,4
Otolemur_crassicaudatus,4
Otolemur_garnettii,4
Otomops_harrisoni,4
Otomops_johnstonei,4
Otomops_madagascariensis,4
Otomops_martiensseni,4
Otomops_papuensis,4
Otomops_secundus,4
Otomops_wroughtoni,4
Otomys_anchietae,3
Otomys_angoniensis,3
Otomys_auratus,3
Otomys_barbouri,3
Otomys_burtoni,3
Otomys_cuanzensis,3
Otomys_dartmouthi,3
Otomys_denti,3
Otomys_irroratus,3
Otomys_karoensis,3
Otomys_lacustris,3
Otomys_laminatus,3
Otomys_occidentalis,3
Otomys_sloggetti,2
Otomys_tropicalis,3
Otomys_typus,3
Otomys_unisulcatus,3
Otonycteris_hemprichii,3
Otonyctomys_hatti,1
Otophryne_pyburni,2
Otophryne_robusta,2
Otophryne_steyermarki,2
Otopteropus_cartilagonodus,4
Otosaurus_cumingii,2
Otospermophilus_beecheyi,3
Otospermophilus_variegatus,3
Ototylomys_phyllotis,3
Otus_alfredi,3
Otus_alius,3
Otus_angelinae,3
Otus_bakkamoena,3
Otus_balli,2
Otus_beccarii,3
Otus_brookii,3
Otus_brucei,3
Otus_capnodes,2
Otus_collari,2
Otus_cyprius,2
Otus_elegans,2
Otus_enganensis,2
Otus_everetti,3
Otus_feae,2
Otus_fuliginosus,2
Otus_gurneyi,4
Otus_hartlaubi,2
Otus_icterorhynchus,2
Otus_ireneae,2
Otus_jolandae,2
Otus_lempiji,3
Otus_lettia,3
Otus_longicornis,3
Otus_magicus,3
Otus_manadensis,3
Otus_mantananensis,3
Otus_mayottensis,2
Otus_megalotis,3
Otus_mendeni,3
Otus_mentawi,3
Otus_mindorensis,3
Otus_mirus,3
Otus_moheliensis,2
Otus_nigrorum,3
Otus_pamelae,2
Otus_pauliani,2
Otus_pembaensis,2
Otus_rufescens,2
Otus_rutilus,2
Otus_sagittatus,3
Otus_scops,2
Otus_semitorques,3
Otus_senegalensis,2
Otus_siaoensis,2
Otus_silvicola,3
Otus_socotranus,2
Otus_spilocephalus,2
Otus_sulaensis,3
Otus_sunia,2
Otus_tempestatis,2
Otus_thilohoffmanni,2
Otus_umbra,2
Ourebia_ourebi,4
Ouroborus_cataphractus,2
Ovibos_moschatus,4
Ovis_ammon,4
Ovis_canadensis,4
Ovis_dalli,4
Ovis_gmelini,4
Ovis_nivicola,4
Ovis_vignei,4
Ovophis_convictus,2
Ovophis_makazayazaya,2
Ovophis_monticola,2
Ovophis_okinavensis,2
Ovophis_tonkinensis,2
Ovophis_zayuensis,2
Oxybelis_aeneus,2
Oxybelis_brevirostris,2
Oxybelis_fulgidus,2
Oxybelis_wilsoni,2
Oxylabes_madagascariensis,2
Oxymycterus_amazonicus,2
Oxymycterus_angularis,2
Oxymycterus_caparoae,2
Oxymycterus_dasytrichus,2
Oxymycterus_delator,2
Oxymycterus_hiska,2
Oxymycterus_hispidus,2
Oxymycterus_inca,2
Oxymycterus_josei,2
Oxymycterus_nasutus,2
Oxymycterus_paramensis,2
Oxymycterus_quaestor,2
Oxymycterus_roberti,2
Oxymycterus_rufus,2
Oxymycterus_wayku,2
Oxypogon_cyanolaemus,1
Oxypogon_guerinii,1
Oxypogon_lindenii,1
Oxypogon_stuebelii,1
Oxyrhabdium_leporinum,2
Oxyrhabdium_modestum,2
Oxyrhopus_clathratus,2
Oxyrhopus_doliatus,2
Oxyrhopus_erdisii,2
Oxyrhopus_fitzingeri,2
Oxyrhopus_formosus,2
Oxyrhopus_guibei,2
Oxyrhopus_leucomelas,2
Oxyrhopus_marcapatae,2
Oxyrhopus_melanogenys,2
Oxyrhopus_occipitalis,2
Oxyrhopus_petolarius,2
Oxyrhopus_rhombifer,2
Oxyrhopus_trigeminus,2
Oxyrhopus_vanidicus,2
Oxyruncus_cristatus,3
Oxyura_australis,4
Oxyura_ferruginea,4
Oxyura_jamaicensis,4
Oxyura_leucocephala,4
Oxyura_maccoa,4
Oxyura_vittata,4
Oxyuranus_microlepidotus,3
Oxyuranus_scutellatus,3
Oxyuranus_temporalis,3
Ozimops_loriae,2
Ozimops_petersi,2
Ozotoceros_bezoarticus,4
Pachycalamus_brevis,1
Pachycare_flavogriseum,1
Pachycephala_albiventris,2
Pachycephala_arctitorquis,2
Pachycephala_aurea,2
Pachycephala_caledonica,2
Pachycephala_cinerea,2
Pachycephala_feminina,2
Pachycephala_fulvotincta,2
Pachycephala_griseiceps,2
Pachycephala_griseonota,2
Pachycephala_homeyeri,2
Pachycephala_hyperythra,2
Pachycephala_hypoxantha,2
Pachycephala_implicata,2
Pachycephala_inornata,2
Pachycephala_lanioides,3
Pachycephala_leucogastra,2
Pachycephala_lorentzi,2
Pachycephala_melanura,2
Pachycephala_mentalis,2
Pachycephala_meyeri,2
Pachycephala_modesta,2
Pachycephala_monacha,2
Pachycephala_nudigula,2
Pachycephala_olivacea,2
Pachycephala_orioloides,2
Pachycephala_orpheus,2
Pachycephala_par,2
Pachycephala_pectoralis,2
Pachycephala_phaionota,2
Pachycephala_philippinensis,2
Pachycephala_richardsi,2
Pachycephala_rufiventris,2
Pachycephala_rufogularis,3
Pachycephala_schlegelii,2
Pachycephala_simplex,2
Pachycephala_soror,2
Pachycephala_sulfuriventer,2
Pachycephala_tenebrosa,2
Pachycephala_teysmanni,2
Pachycephala_vitiensis,2
Pachycephalopsis_hattamensis,2
Pachycephalopsis_poliosoma,2
Pachycoccyx_audeberti,3
Pachydactylus_acuminatus,2
Pachydactylus_affinis,2
Pachydactylus_amoenus,2
Pachydactylus_angolensis,2
Pachydactylus_atorquatus,2
Pachydactylus_austeni,2
Pachydactylus_barnardi,2
Pachydactylus_bicolor,2
Pachydactylus_boehmei,2
Pachydactylus_capensis,2
Pachydactylus_caraculicus,2
Pachydactylus_carinatus,2
Pachydactylus_etultra,2
Pachydactylus_fasciatus,2
Pachydactylus_formosus,2
Pachydactylus_gaiasensis,2
Pachydactylus_geitje,2
Pachydactylus_griffini,2
Pachydactylus_haackei,2
Pachydactylus_katanganus,2
Pachydactylus_kladaroderma,2
Pachydactylus_kobosensis,2
Pachydactylus_kochii,2
Pachydactylus_labialis,2
Pachydactylus_latirostris,2
Pachydactylus_macrolepis,2
Pachydactylus_maculatus,2
Pachydactylus_maraisi,2
Pachydactylus_mariquensis,2
Pachydactylus_mclachlani,2
Pachydactylus_monicae,2
Pachydactylus_montanus,2
Pachydactylus_namaquensis,2
Pachydactylus_oculatus,2
Pachydactylus_oreophilus,2
Pachydactylus_oshaughnessyi,2
Pachydactylus_otaviensis,2
Pachydactylus_parascutatus,2
Pachydactylus_punctatus,2
Pachydactylus_purcelli,2
Pachydactylus_rangei,2
Pachydactylus_reconditus,2
Pachydactylus_robertsi,2
Pachydactylus_rugosus,2
Pachydactylus_sansteynae,2
Pachydactylus_scherzi,2
Pachydactylus_scutatus,2
Pachydactylus_serval,2
Pachydactylus_tigrinus,2
Pachydactylus_tsodiloensis,2
Pachydactylus_vansoni,2
Pachydactylus_vanzyli,2
Pachydactylus_visseri,2
Pachydactylus_wahlbergii,2
Pachydactylus_waterbergensis,2
Pachydactylus_weberi,2
Pachydactylus_werneri,2
Pachyhynobius_shangchengensis,4
Pachyptila_belcheri,4
Pachyptila_crassirostris,4
Pachyptila_desolata,4
Pachyptila_salvini,4
Pachyptila_turtur,4
Pachyptila_vittata,4
Pachyramphus_aglaiae,3
Pachyramphus_albogriseus,2
Pachyramphus_castaneus,2
Pachyramphus_cinnamomeus,2
Pachyramphus_griseigularis,2
Pachyramphus_homochrous,2
Pachyramphus_major,3
Pachyramphus_marginatus,2
Pachyramphus_minor,2
Pachyramphus_niger,3
Pachyramphus_polychopterus,2
Pachyramphus_rufus,2
Pachyramphus_spodiurus,2
Pachyramphus_surinamus,2
Pachyramphus_uropygialis,2
Pachyramphus_validus,3
Pachyramphus_versicolor,2
Pachyramphus_viridis,2
Pachyramphus_xanthogenys,2
Pachysylvia_aurantiifrons,1
Pachysylvia_decurtata,1
Pachysylvia_hypochrysea,2
Pachysylvia_hypoxantha,1
Pachysylvia_muscicapina,1
Pachysylvia_semibrunnea,1
Pachytriton_airobranchiatus,4
Pachytriton_archospotus,4
Pachytriton_brevipes,3
Pachytriton_changi,3
Pachytriton_feii,3
Pachytriton_granulosus,3
Pachytriton_inexpectatus,3
Pachytriton_moi,3
Pachytriton_wuguanfui,3
Pachytriton_xanthospilos,3
Pachyuromys_duprasi,1
Paedophryne_amauensis,1
Paedophryne_dekot,1
Paedophryne_kathismaphlox,1
Paedophryne_oyatabu,1
Paedophryne_swiftorum,1
Paedophryne_titan,1
Paedophryne_verrucosa,1
Pagophila_eburnea,4
Paguma_larvata,4
Palawanomys_furvus,2
Palea_steindachneri,3
Paleosuchus_palpebrosus,4
Paleosuchus_trigonatus,4
Palleon_lolontany,1
Palleon_nasus,1
Palmeria_dolei,2
Paludipasser_locustella,1
Palusophis_bifossatus,2
Pamelaescincus_gardineri,1
Pan_paniscus,4
Pan_troglodytes,4
Panaspis_africana,1
Panaspis_annobonensis,1
Panaspis_breviceps,1
Panaspis_burgeoni,1
Panaspis_cabindae,1
Panaspis_duruarum,1
Panaspis_helleri,1
Panaspis_maculicollis,1
Panaspis_megalurus,1
Panaspis_namibiana,1
Panaspis_seydeli,1
Panaspis_tancredii,1
Panaspis_thomensis,1
Panaspis_togoensis,1
Panaspis_tristaoi,1
Panaspis_wahlbergii,1
Panaspis_wilsoni,1
Pandion_haliaetus,4
Pangshura_smithii,3
Pangshura_sylhetensis,3
Pangshura_tecta,3
Pangshura_tentoria,3
Panolopus_costatus,2
Panolopus_curtissi,2
Panolopus_marcanoi,2
Panopa_carvalhoi,1
Panopa_croizati,1
Pantepuisaurus_rodriguesi,1
Panterpe_insignis,1
Panthera_leo,4
Panthera_onca,4
Panthera_pardus,4
Panthera_tigris,4
Panthera_uncia,4
Pantherophis_alleghaniensis,3
Pantherophis_bairdi,3
Pantherophis_emoryi,3
Pantherophis_guttatus,3
Pantherophis_obsoletus,3
Pantherophis_ramspotti,3
Pantherophis_slowinskii,3
Pantherophis_spiloides,3
Pantherophis_vulpinus,3
Pantholops_hodgsonii,4
Panurus_biarmicus,2
Panyptila_cayennensis,2
Panyptila_sanctihieronymi,2
Papagomys_armandvillei,3
Papio_anubis,4
Papio_cynocephalus,4
Papio_hamadryas,4
Papio_kindae,4
Papio_papio,4
Papio_ursinus,4
Pappogeomys_bulleri,3
Papuascincus_morokanus,1
Papuascincus_phaeodes,1
Papuascincus_stanleyanus,1
Papurana_arfaki,2
Papurana_attigua,2
Papurana_aurata,2
Papurana_celebensis,2
Papurana_daemeli,3
Papurana_elberti,2
Papurana_florensis,2
Papurana_garritor,3
Papurana_grisea,2
Papurana_jimiensis,2
Papurana_kreffti,2
Papurana_milleti,2
Papurana_milneana,2
Papurana_moluccana,2
Papurana_novaeguineae,3
Papurana_papua,3
Papurana_supragrisea,2
Papurana_volkerjane,2
Papurana_waliesa,2
Parabuteo_leucorrhous,4
Parabuteo_unicinctus,4
Paracassina_kounhiensis,1
Paracassina_obscura,1
Paraclaravis_geoffroyi,3
Paraclaravis_mondetoura,3
Paracontias_brocchii,1
Paracontias_fasika,1
Paracontias_hafa,1
Paracontias_hildebrandti,1
Paracontias_holomelas,1
Paracontias_kankana,1
Paracontias_manify,1
Paracontias_milloti,1
Paracontias_minimus,1
Paracontias_rothschildi,1
Paracontias_tsararano,1
Paracontias_vermisaurus,1
Paracrinia_haswelli,1
Paracrocidura_graueri,1
Paracrocidura_maxima,1
Paracrocidura_schoutedeni,1
Paracynictis_selousi,4
Paradactylodon_persicus,2
Paradelma_orientalis,2
Paradigalla_brevicauda,4
Paradigalla_carunculata,4
Paradipus_ctenodactylus,2
Paradisaea_apoda,4
Paradisaea_decora,4
Paradisaea_guilielmi,4
Paradisaea_minor,4
Paradisaea_raggiana,4
Paradisaea_rubra,4
Paradisornis_rudolphi,4
Paradoxophyla_palmata,1
Paradoxophyla_tiarano,1
Paradoxornis_flavirostris,2
Paradoxornis_guttaticollis,2
Paradoxornis_heudei,2
Paradoxurus_hermaphroditus,4
Paradoxurus_jerdoni,4
Paradoxurus_zeylonensis,4
Paraechinus_aethiopicus,3
Paraechinus_hypomelas,3
Paraechinus_micropus,3
Paraechinus_nudiventris,3
Paragalago_cocos,2
Paragalago_granti,2
Paragalago_orinus,2
Paragalago_rondoensis,2
Paragalago_zanzibaricus,2
Paragallinula_angulata,3
Paragehyra_gabriellae,1
Paragehyra_petiti,1
Parahyaena_brunnea,4
Parahydromys_asper,3
Paralaudakia_badakhshana,2
Paralaudakia_bochariensis,2
Paralaudakia_caucasia,2
Paralaudakia_erythrogaster,2
Paralaudakia_himalayana,2
Paralaudakia_lehmanni,2
Paralaudakia_microlepis,2
Paralaudakia_stoliczkana,2
Paraleptomys_rufilatus,2
Paraleptomys_wilhelmina,2
Paramelomys_gressitti,2
Paramelomys_levipes,2
Paramelomys_lorentzii,2
Paramelomys_mollis,2
Paramelomys_moncktoni,2
Paramelomys_naso,2
Paramelomys_platyops,2
Paramelomys_rubex,2
Paramelomys_steini,2
Paramesotriton_aurantius,2
Paramesotriton_caudopunctatus,3
Paramesotriton_chinensis,3
Paramesotriton_deloustali,3
Paramesotriton_fuzhongensis,2
Paramesotriton_guangxiensis,3
Paramesotriton_hongkongensis,3
Paramesotriton_labiatus,3
Paramesotriton_longliensis,2
Paramesotriton_qixilingensis,2
Paramesotriton_wulingensis,2
Paramesotriton_yunwuensis,2
Paramesotriton_zhijinensis,2
Paramythia_montium,3
Paramythia_olivacea,3
Parantechinus_apicalis,2
Paranyctimene_raptor,3
Paranyctimene_tenax,3
Parapelophryne_scalpta,1
Paraphimophis_rusticus,2
Parapistocalamus_hedigeri,1
Pararhadinaea_melanogaster,2
Parascalops_breweri,2
Parascaptor_leucura,2
Parastenophis_betsileanus,2
Parastrellus_hesperus,1
Paratelmatobius_cardosoi,1
Paratelmatobius_gaigeae,1
Paratelmatobius_mantiqueira,1
Paratelmatobius_poecilogaster,1
Paratelmatobius_segallai,1
Paratelmatobius_yepiranga,1
Paratriaenops_auritus,2
Paratriaenops_furculus,2
Paratriaenops_pauliani,2
Paraxenodermus_borneensis,2
Paraxerus_alexandri,2
Paraxerus_boehmi,2
Paraxerus_cepapi,2
Paraxerus_cooperi,2
Paraxerus_flavovittis,2
Paraxerus_lucifer,2
Paraxerus_ochraceus,2
Paraxerus_palliatus,2
Paraxerus_poensis,2
Paraxerus_vexillarius,2
Paraxerus_vincenti,2
Pardaliparus_amabilis,1
Pardaliparus_elegans,1
Pardaliparus_venustulus,1
Pardalotus_punctatus,1
Pardalotus_quadragintus,1
Pardalotus_rubricatus,1
Pardalotus_striatus,1
Pardirallus_maculatus,4
Pardirallus_nigricans,4
Pardirallus_sanguinolentus,4
Pardofelis_marmorata,4
Pareas_boulengeri,2
Pareas_carinatus,2
Pareas_chinensis,2
Pareas_formosensis,2
Pareas_hamptoni,2
Pareas_iwasakii,2
Pareas_margaritophorus,2
Pareas_monticola,2
Pareas_niger,2
Pareas_nigriceps,2
Pareas_nuchalis,2
Pareas_stanleyi,2
Pareas_xuelinensis,2
Paremballonura_atrata,2
Paremballonura_tiavato,2
Pareudiastes_silvestris,3
Parkerthraustes_humeralis,2
Parkesia_motacilla,2
Parkesia_noveboracensis,2
Parmoptila_jamesoni,1
Parmoptila_rubrifrons,1
Parmoptila_woodhousei,1
Paroaria_baeri,2
Paroaria_capitata,2
Paroaria_coronata,2
Paroaria_dominicana,2
Paroaria_gularis,2
Paroaria_nigrogenis,2
Paroedura_androyensis,2
Paroedura_bastardi,2
Paroedura_gracilis,2
Paroedura_homalorhina,2
Paroedura_ibityensis,2
Paroedura_karstophila,2
Paroedura_lohatsara,2
Paroedura_maingoka,2
Paroedura_masobe,2
Paroedura_oviceps,2
Paroedura_picta,2
Paroedura_sanctijohannis,2
Paroedura_stellata,2
Paroedura_stumpffi,2
Paroedura_tanjaka,2
Paroedura_vahiny,2
Paroedura_vazimba,2
Parophasma_galinieri,2
Paroplocephalus_atriceps,2
Paroreomyza_maculata,2
Paroreomyza_montana,2
Parotia_berlepschi,4
Parotia_carolae,3
Parotia_lawesii,3
Parotia_sefilata,4
Parotia_wahnesi,3
Parotomys_brantsii,2
Parotomys_littledalei,2
Paruromys_dominator,3
Parus_major,2
Parus_monticolus,2
Paruwrobates_erythromos,1
Paruwrobates_whymperi,1
Parvilacerta_fraasii,1
Parvilacerta_parva,1
Parvimolge_townsendi,1
Parvoscincus_abstrusus,1
Parvoscincus_agtorum,1
Parvoscincus_arvindiesmosi,1
Parvoscincus_aurorus,1
Parvoscincus_banahaoensis,1
Parvoscincus_beyeri,1
Parvoscincus_boyingi,1
Parvoscincus_decipiens,1
Parvoscincus_duwendorum,1
Parvoscincus_hadros,1
Parvoscincus_igorotorum,1
Parvoscincus_jimmymcguirei,1
Parvoscincus_kitangladensis,1
Parvoscincus_laterimaculatus,1
Parvoscincus_lawtoni,1
Parvoscincus_leucospilos,1
Parvoscincus_luzonensis,1
Parvoscincus_manananggalae,1
Parvoscincus_palaliensis,1
Parvoscincus_palawanensis,1
Parvoscincus_sisoni,1
Parvoscincus_steerei,1
Parvoscincus_tagapayo,1
Parvoscincus_tikbalangi,1
Passer_ammodendri,2
Passer_castanopterus,2
Passer_cinnamomeus,2
Passer_cordofanicus,2
Passer_diffusus,2
Passer_domesticus,2
Passer_eminibey,2
Passer_euchlorus,2
Passer_flaveolus,2
Passer_gongonensis,2
Passer_griseus,2
Passer_hemileucus,2
Passer_hispaniolensis,2
Passer_iagoensis,2
Passer_insularis,2
Passer_italiae,2
Passer_luteus,2
Passer_melanurus,2
Passer_moabiticus,2
Passer_montanus,2
Passer_motitensis,2
Passer_pyrrhonotus,2
Passer_rufocinctus,2
Passer_shelleyi,2
Passer_simplex,2
Passer_suahelicus,2
Passer_swainsonii,2
Passer_zarudnyi,2
Passerculus_bairdii,2
Passerculus_guttatus,2
Passerculus_henslowii,2
Passerculus_rostratus,2
Passerculus_sanctorum,2
Passerculus_sandwichensis,2
Passerella_arborea,2
Passerella_iliaca,3
Passerella_megarhyncha,3
Passerella_schistacea,3
Passerella_unalaschcensis,3
Passerina_amoena,2
Passerina_caerulea,3
Passerina_ciris,2
Passerina_cyanea,2
Passerina_leclancherii,2
Passerina_rositae,2
Passerina_versicolor,2
Pastor_roseus,3
Patagioenas_albilinea,4
Patagioenas_albipennis,4
Patagioenas_araucana,4
Patagioenas_caribaea,4
Patagioenas_cayennensis,4
Patagioenas_corensis,4
Patagioenas_fasciata,4
Patagioenas_flavirostris,4
Patagioenas_goodsoni,4
Patagioenas_inornata,4
Patagioenas_leucocephala,4
Patagioenas_maculosa,4
Patagioenas_nigrirostris,4
Patagioenas_oenops,4
Patagioenas_picazuro,4
Patagioenas_plumbea,4
Patagioenas_speciosa,4
Patagioenas_squamosa,4
Patagioenas_subvinacea,4
Patagona_gigas,2
Pattonomys_carrikeri,3
Pattonomys_occasius,3
Pattonomys_semivillosus,3
Paucidentomys_vermidax,2
Paulamys_naso,2
Pauxi_koepckeae,4
Pauxi_pauxi,4
Pauxi_unicornis,4
Pavo_cristatus,4
Pavo_muticus,4
Pecari_tajacu,4
Pectinator_spekei,3
Pedetes_capensis,4
Pedetes_surdaster,4
Pedionomus_torquatus,3
Pedioplanis_benguelensis,1
Pedioplanis_breviceps,1
Pedioplanis_burchelli,1
Pedioplanis_gaerdesi,1
Pedioplanis_haackei,1
Pedioplanis_huntleyi,1
Pedioplanis_husabensis,1
Pedioplanis_inornata,1
Pedioplanis_laticeps,1
Pedioplanis_lineoocellata,1
Pedioplanis_namaquensis,1
Pedioplanis_rubens,1
Pedioplanis_undata,1
Pedostibes_tuberculosus,2
Pelargopsis_amauroptera,4
Pelargopsis_capensis,4
Pelargopsis_melanorhyncha,4
Pelea_capreolus,4
Pelecanoides_georgicus,3
Pelecanoides_urinatrix,3
Pelecanus_conspicillatus,4
Pelecanus_crispus,4
Pelecanus_erythrorhynchos,4
Pelecanus_onocrotalus,4
Pelecanus_philippensis,4
Pelecanus_rufescens,4
Peliperdix_albogularis,4
Peliperdix_coqui,3
Peliperdix_lathami,4
Peliperdix_schlegelii,4
Pellorneum_albiventre,2
Pellorneum_capistratum,2
Pellorneum_fuscocapillus,2
Pellorneum_nigrocapitatum,2
Pellorneum_palustre,2
Pellorneum_ruficeps,2
Pelobates_balcanicus,3
Pelobates_cultripes,4
Pelobates_fuscus,4
Pelobates_syriacus,3
Pelobates_varaldii,3
Pelobates_vespertinus,3
Pelochelys_bibroni,4
Pelochelys_cantorii,4
Pelochelys_signifera,4
Pelodytes_atlanticus,1
Pelodytes_caucasicus,1
Pelodytes_ibericus,1
Pelodytes_punctatus,1
Pelomedusa_galeata,3
Pelomys_campanae,2
Pelomys_fallax,2
Pelomys_hopkinsi,2
Pelomys_isseli,2
Pelomys_minor,2
Pelophryne_albotaeniata,1
Pelophryne_api,1
Pelophryne_brevipes,1
Pelophryne_guentheri,1
Pelophryne_lighti,1
Pelophryne_linanitensis,1
Pelophryne_misera,1
Pelophryne_murudensis,1
Pelophryne_penrissenensis,1
Pelophryne_rhopophilia,1
Pelophryne_saravacensis,1
Pelophryne_signata,1
Pelophylax_bedriagae,3
Pelophylax_caralitanus,3
Pelophylax_cerigensis,2
Pelophylax_chosenicus,3
Pelophylax_cretensis,2
Pelophylax_cypriensis,2
Pelophylax_epeiroticus,3
Pelophylax_fukienensis,2
Pelophylax_kurtmuelleri,3
Pelophylax_lessonae,3
Pelophylax_nigromaculatus,3
Pelophylax_perezi,3
Pelophylax_plancyi,3
Pelophylax_porosus,3
Pelophylax_ridibundus,4
Pelophylax_saharicus,3
Pelophylax_tenggerensis,2
Pelophylax_terentievi,2
Peltohyas_australis,3
Peltophryne_armata,2
Peltophryne_cataulaciceps,3
Peltophryne_dunni,2
Peltophryne_empusa,3
Peltophryne_florentinoi,2
Peltophryne_fustiger,3
Peltophryne_guentheri,3
Peltophryne_gundlachi,3
Peltophryne_lemur,3
Peltophryne_longinasus,3
Peltophryne_peltocephala,4
Peltophryne_taladai,2
Peltops_blainvillii,2
Peltops_montanus,2
Pelturagonia_borneensis,2
Pelturagonia_cephalum,2
Pelturagonia_nigrilabris,2
Pelturagonia_spiniceps,2
Pelusios_niger,3
Penelope_albipennis,4
Penelope_argyrotis,4
Penelope_barbata,4
Penelope_dabbenei,4
Penelope_jacquacu,4
Penelope_jacucaca,4
Penelope_marail,4
Penelope_montagnii,4
Penelope_obscura,4
Penelope_ochrogaster,4
Penelope_ortoni,4
Penelope_perspicax,4
Penelope_pileata,4
Penelope_purpurascens,4
Penelope_superciliaris,4
Penelopides_affinis,4
Penelopides_manillae,4
Penelopides_mindorensis,4
Penelopides_panini,4
Penelopina_nigra,4
Peneoenanthe_pulverulenta,2
Peneothello_bimaculata,2
Peneothello_cryptoleuca,2
Peneothello_cyanus,2
Peneothello_sigillata,2
Pentalagus_furnessi,4
Penthetor_lucasi,4
Perameles_bougainville,3
Perameles_gunnii,3
Perameles_nasuta,3
Percnostola_arenarum,2
Percnostola_rufifrons,2
Perdicula_argoondah,3
Perdicula_asiatica,3
Perdicula_erythrorhyncha,3
Perdicula_manipurensis,3
Perdix_dauurica,4
Perdix_hodgsoniae,4
Perdix_perdix,4
Pericrocotus_albifrons,1
Pericrocotus_brevirostris,2
Pericrocotus_cantonensis,1
Pericrocotus_cinnamomeus,1
Pericrocotus_divaricatus,1
Pericrocotus_erythropygius,1
Pericrocotus_ethologus,2
Pericrocotus_flammeus,2
Pericrocotus_igneus,1
Pericrocotus_lansbergei,1
Pericrocotus_miniatus,1
Pericrocotus_montanus,1
Pericrocotus_roseus,2
Pericrocotus_solaris,2
Pericrocotus_tegimae,1
Perimyotis_subflavus,1
Periparus_ater,1
Periparus_rubidiventris,1
Periparus_rufonuchalis,1
Perisoreus_canadensis,3
Perisoreus_infaustus,3
Perisoreus_internigrans,3
Perissocephalus_tricolor,4
Pernis_apivorus,4
Pernis_celebensis,4
Pernis_ptilorhynchus,4
Pernis_steerei,4
Perochirus_ateles,1
Perochirus_guentheri,1
Perochirus_scutellatus,1
Perodicticus_edwardsi,4
Perodicticus_ibeanus,4
Perodicticus_potto,4
Perognathus_alticola,1
Perognathus_amplus,1
Perognathus_fasciatus,1
Perognathus_flavescens,1
Perognathus_flavus,1
Perognathus_inornatus,1
Perognathus_longimembris,1
Perognathus_merriami,1
Perognathus_parvus,1
Peromyscus_attwateri,2
Peromyscus_aztecus,2
Peromyscus_beatae,2
Peromyscus_boylii,2
Peromyscus_bullatus,2
Peromyscus_californicus,2
Peromyscus_caniceps,1
Peromyscus_crinitus,1
Peromyscus_dickeyi,2
Peromyscus_difficilis,2
Peromyscus_eremicus,1
Peromyscus_eva,1
Peromyscus_fraterculus,1
Peromyscus_furvus,2
Peromyscus_gossypinus,2
Peromyscus_grandis,2
Peromyscus_gratus,2
Peromyscus_guardia,2
Peromyscus_guatemalensis,2
Peromyscus_gymnotis,2
Peromyscus_hooperi,2
Peromyscus_hylocetes,2
Peromyscus_interparietalis,1
Peromyscus_keeni,2
Peromyscus_leucopus,2
Peromyscus_levipes,2
Peromyscus_madrensis,2
Peromyscus_maniculatus,1
Peromyscus_mayensis,2
Peromyscus_megalops,2
Peromyscus_mekisturus,1
Peromyscus_melanocarpus,1
Peromyscus_melanophrys,1
Peromyscus_melanotis,1
Peromyscus_melanurus,1
Peromyscus_merriami,1
Peromyscus_mexicanus,1
Peromyscus_nasutus,1
Peromyscus_ochraventer,1
Peromyscus_pectoralis,1
Peromyscus_perfulvus,1
Peromyscus_polionotus,1
Peromyscus_polius,1
Peromyscus_pseudocrinitus,1
Peromyscus_sagax,1
Peromyscus_schmidlyi,1
Peromyscus_sejugis,1
Peromyscus_simulus,1
Peromyscus_slevini,1
Peromyscus_spicilegus,1
Peromyscus_stephani,1
Peromyscus_stirtoni,1
Peromyscus_truei,1
Peromyscus_winkelmanni,1
Peromyscus_yucatanicus,1
Peromyscus_zarhynchus,1
Peropteryx_kappleri,1
Peropteryx_leucoptera,1
Peropteryx_macrotis,1
Peropteryx_pallidoptera,1
Peropteryx_trinitatis,1
Peroryctes_broadbenti,3
Peroryctes_raffrayana,3
Petaurillus_emiliae,1
Petaurillus_hosei,1
Petaurillus_kinlochii,1
Petaurista_alborufus,4
Petaurista_elegans,4
Petaurista_leucogenys,4
Petaurista_magnificus,4
Petaurista_mechukaensis,4
Petaurista_mishmiensis,4
Petaurista_nobilis,4
Petaurista_petaurista,4
Petaurista_philippensis,4
Petaurista_xanthotis,4
Petauroides_volans,4
Petaurus_abidi,3
Petaurus_australis,3
Petaurus_biacensis,3
Petaurus_breviceps,3
Petaurus_gracilis,3
Petaurus_norfolcensis,3
Petinomys_crinitus,2
Petinomys_fuscocapillus,2
Petinomys_genibarbis,2
Petinomys_hageni,2
Petinomys_lugens,2
Petinomys_mindanensis,2
Petinomys_setosus,2
Petinomys_vordermanni,2
Petracola_labioocularis,1
Petracola_ventrimaculatus,1
Petracola_waka,1
Petrochelidon_ariel,2
Petrochelidon_fluvicola,2
Petrochelidon_fulva,2
Petrochelidon_nigricans,2
Petrochelidon_preussi,2
Petrochelidon_pyrrhonota,2
Petrochelidon_rufigula,2
Petrochelidon_rufocollaris,2
Petrochelidon_spilodera,2
Petrodromus_tetradactylus,3
Petrogale_assimilis,4
Petrogale_brachyotis,4
Petrogale_burbidgei,4
Petrogale_coenensis,4
Petrogale_concinna,4
Petrogale_godmani,4
Petrogale_herberti,4
Petrogale_inornata,4
Petrogale_lateralis,4
Petrogale_mareeba,4
Petrogale_penicillata,4
Petrogale_persephone,4
Petrogale_purpureicollis,4
Petrogale_rothschildi,4
Petrogale_sharmani,4
Petrogale_xanthopus,4
Petroica_archboldi,1
Petroica_australis,1
Petroica_bivittata,1
Petroica_boodang,1
Petroica_goodenovii,1
Petroica_longipes,2
Petroica_macrocephala,2
Petroica_phoenicea,1
Petroica_pusilla,1
Petroica_rodinogaster,1
Petroica_rosea,1
Petroica_traversi,2
Petromus_typicus,3
Petromyscus_barbouri,1
Petromyscus_collinus,1
Petromyscus_monticularis,1
Petromyscus_shortridgei,1
Petronia_petronia,3
Petropedetes_cameronensis,2
Petropedetes_euskircheni,2
Petropedetes_johnstoni,2
Petropedetes_juliawurstnerae,2
Petropedetes_newtonii,2
Petropedetes_palmipes,2
Petropedetes_parkeri,2
Petropedetes_perreti,2
Petropedetes_vulpiae,2
Petrophassa_albipennis,3
Petrophassa_rufipennis,3
Petropseudes_dahli,4
Petrosaurus_mearnsi,2
Petrosaurus_repens,2
Petrosaurus_slevini,2
Petrosaurus_thalassinus,2
Peucaea_aestivalis,2
Peucaea_botterii,2
Peucaea_carpalis,2
Peucaea_cassinii,2
Peucaea_humeralis,2
Peucaea_mystacalis,2
Peucaea_ruficauda,2
Peucaea_sumichrasti,2
Peucedramus_taeniatus,1
Pezopetes_capitalis,3
Pezoporus_occidentalis,3
Pezoporus_wallicus,3
Phacellodomus_dorsalis,2
Phacellodomus_erythrophthalmus,2
Phacellodomus_ferrugineigula,2
Phacellodomus_inornatus,2
Phacellodomus_maculipectus,2
Phacellodomus_ruber,2
Phacellodomus_rufifrons,2
Phacellodomus_sibilatrix,2
Phacellodomus_striaticeps,2
Phacellodomus_striaticollis,2
Phacochoerus_aethiopicus,4
Phacochoerus_africanus,4
Phaenicophaeus_curvirostris,3
Phaenicophaeus_diardi,3
Phaenicophaeus_oeneicaudus,3
Phaenicophaeus_pyrrhocephalus,3
Phaenicophaeus_sumatranus,3
Phaenicophaeus_tristis,3
Phaenicophaeus_viridirostris,3
Phaenicophilus_palmarum,3
Phaenicophilus_poliocephalus,3
Phaenomys_ferrugineus,2
Phaenostictus_mcleannani,3
Phaeognathus_hubrichti,3
Phaeomyias_murina,1
Phaeomyias_tumbezana,1
Phaeoscincus_ouinensis,1
Phaeoscincus_taomensis,1
Phaethornis_aethopygus,1
Phaethornis_anthophilus,1
Phaethornis_atrimentalis,1
Phaethornis_augusti,1
Phaethornis_baroni,1
Phaethornis_bourcieri,1
Phaethornis_eurynome,1
Phaethornis_griseogularis,1
Phaethornis_guy,1
Phaethornis_hispidus,1
Phaethornis_idaliae,1
Phaethornis_koepckeae,1
Phaethornis_longirostris,1
Phaethornis_longuemareus,1
Phaethornis_major,1
Phaethornis_malaris,1
Phaethornis_mexicanus,1
Phaethornis_nattereri,1
Phaethornis_philippii,1
Phaethornis_porcullae,1
Phaethornis_pretrei,1
Phaethornis_ruber,1
Phaethornis_rupurumii,1
Phaethornis_squalidus,1
Phaethornis_striigularis,1
Phaethornis_stuarti,1
Phaethornis_subochraceus,1
Phaethornis_superciliosus,1
Phaethornis_syrmatophorus,1
Phaethornis_yaruqui,1
Phaetusa_simplex,4
Phainopepla_nitens,2
Phainoptila_melanoxantha,3
Phaiomys_leucurus,1
Phalacrocorax_carbo,4
Phalacrocorax_fuscicollis,4
Phalacrocorax_nigrogularis,4
Phalacrocorax_sulcirostris,4
Phalacrocorax_varius,4
Phalaenoptilus_nuttallii,3
Phalanger_alexandrae,4
Phalanger_carmelitae,4
Phalanger_gymnotis,4
Phalanger_intercastellanus,4
Phalanger_lullulae,4
Phalanger_matabiru,4
Phalanger_matanim,4
Phalanger_mimicus,4
Phalanger_orientalis,4
Phalanger_ornatus,4
Phalanger_rothschildi,4
Phalanger_sericeus,4
Phalanger_vestitus,4
Phalaropus_fulicarius,3
Phalaropus_lobatus,3
Phalcoboenus_albogularis,4
Phalcoboenus_australis,4
Phalcoboenus_carunculatus,4
Phalcoboenus_chimango,3
Phalcoboenus_megalopterus,4
Phalotris_bilineatus,2
Phalotris_concolor,2
Phalotris_cuyanus,2
Phalotris_labiomaculatus,2
Phalotris_lativittatus,2
Phalotris_lemniscatus,2
Phalotris_matogrossensis,2
Phalotris_mertensi,2
Phalotris_multipunctatus,2
Phalotris_nasutus,2
Phalotris_nigrilatus,2
Phalotris_reticulatus,2
Phalotris_sansebastiani,2
Phalotris_tricolor,2
Phaner_electromontis,3
Phaner_furcifer,3
Phaner_pallescens,3
Phaner_parienti,3
Phantasmarana_apuana,1
Phantasmarana_bocainensis,1
Phantasmarana_boticariana,1
Phantasmarana_jordanensis,1
Phantasmarana_lutzae,1
Phantasmarana_massarti,1
Phapitreron_amethystinus,3
Phapitreron_brevirostris,3
Phapitreron_brunneiceps,3
Phapitreron_cinereiceps,3
Phapitreron_frontalis,3
Phapitreron_leucotis,3
Phapitreron_maculipectus,3
Phapitreron_nigrorum,3
Phaps_chalcoptera,4
Phaps_elegans,3
Phaps_histrionica,4
Pharomachrus_antisianus,4
Pharomachrus_auriceps,4
Pharomachrus_fulgidus,4
Pharomachrus_mocinno,4
Pharomachrus_pavoninus,4
Pharotis_imogene,2
Phascogale_calura,3
Phascogale_pirata,3
Phascogale_tapoatafa,3
Phascolarctos_cinereus,4
Phascolosorex_doriae,2
Phascolosorex_dorsalis,2
Phasianus_colchicus,4
Phasianus_versicolor,4
Phasmahyla_cochranae,1
Phasmahyla_cruzi,1
Phasmahyla_exilis,1
Phasmahyla_guttata,1
Phasmahyla_jandaia,1
Phasmahyla_lisbella,1
Phasmahyla_spectabilis,1
Phasmahyla_timbo,1
Phasmasaurus_maruia,1
Phasmasaurus_tillieri,1
Phataginus_tetradactyla,4
Phataginus_tricuspis,4
Phedina_borbonica,2
Phedinopsis_brazzae,1
Phegornis_mitchellii,3
Phelpsia_inornata,1
Phelsuma_abbotti,2
Phelsuma_andamanensis,2
Phelsuma_antanosy,2
Phelsuma_astriata,2
Phelsuma_barbouri,2
Phelsuma_berghofi,2
Phelsuma_borai,2
Phelsuma_borbonica,2
Phelsuma_breviceps,2
Phelsuma_cepediana,2
Phelsuma_comorensis,2
Phelsuma_dorsivittata,2
Phelsuma_dubia,2
Phelsuma_flavigularis,2
Phelsuma_gouldi,2
Phelsuma_grandis,3
Phelsuma_guentheri,2
Phelsuma_guimbeaui,2
Phelsuma_guttata,2
Phelsuma_hielscheri,2
Phelsuma_hoeschi,2
Phelsuma_inexpectata,2
Phelsuma_kely,2
Phelsuma_klemmeri,2
Phelsuma_kochi,2
Phelsuma_laticauda,2
Phelsuma_lineata,2
Phelsuma_madagascariensis,2
Phelsuma_malamakibo,2
Phelsuma_masohoala,2
Phelsuma_modesta,2
Phelsuma_mutabilis,2
Phelsuma_nigristriata,2
Phelsuma_ornata,2
Phelsuma_parkeri,2
Phelsuma_parva,2
Phelsuma_pasteuri,2
Phelsuma_pronki,2
Phelsuma_pusilla,2
Phelsuma_quadriocellata,2
Phelsuma_ravenala,2
Phelsuma_robertmertensi,2
Phelsuma_roesleri,2
Phelsuma_seippi,2
Phelsuma_serraticauda,2
Phelsuma_standingi,2
Phelsuma_sundbergi,2
Phelsuma_v-nigra,2
Phelsuma_vanheygeni,2
Phenacomys_intermedius,1
Phenacomys_ungava,1
Pheucticus_aureoventris,3
Pheucticus_chrysogaster,3
Pheucticus_chrysopeplus,3
Pheucticus_ludovicianus,3
Pheucticus_melanocephalus,3
Pheucticus_tibialis,3
Pheugopedius_atrogularis,2
Pheugopedius_columbianus,2
Pheugopedius_coraya,2
Pheugopedius_eisenmanni,2
Pheugopedius_euophrys,2
Pheugopedius_fasciatoventris,2
Pheugopedius_felix,2
Pheugopedius_genibarbis,2
Pheugopedius_maculipectus,2
Pheugopedius_mystacalis,2
Pheugopedius_paucimaculatus,2
Pheugopedius_rutilus,2
Pheugopedius_schulenbergi,2
Pheugopedius_sclateri,2
Pheugopedius_spadix,2
Phibalura_boliviana,3
Phibalura_flavirostris,3
Phigys_solitarius,3
Philander_andersoni,3
Philander_deltae,3
Philander_frenatus,3
Philander_mcilhennyi,3
Philander_mondolfii,3
Philander_olrogi,3
Philander_opossum,3
Philantomba_maxwellii,4
Philantomba_monticola,4
Philantomba_walteri,4
Philautus_abditus,1
Philautus_acutirostris,1
Philautus_acutus,1
Philautus_amoenus,1
Philautus_aurantium,1
Philautus_aurifasciatus,1
Philautus_bunitus,1
Philautus_cardamonus,1
Philautus_catbaensis,1
Philautus_cinerascens,1
Philautus_cornutus,1
Philautus_davidlabangi,1
Philautus_disgregus,1
Philautus_erythrophthalmus,1
Philautus_everetti,1
Philautus_gunungensis,1
Philautus_hosii,1
Philautus_ingeri,1
Philautus_juliandringi,1
Philautus_kempii,1
Philautus_kerangae,1
Philautus_larutensis,1
Philautus_leitensis,1
Philautus_longicrus,1
Philautus_macroscelis,1
Philautus_maosonensis,1
Philautus_microdiscus,1
Philautus_mjobergi,1
Philautus_namdaphaensis,1
Philautus_nephophilus,1
Philautus_pallidipes,1
Philautus_petersi,1
Philautus_poecilius,1
Philautus_refugii,1
Philautus_saueri,1
Philautus_schmackeri,1
Philautus_surdus,1
Philautus_surrufus,1
Philautus_tectus,1
Philautus_tytthus,1
Philautus_umbra,1
Philautus_vermiculatus,1
Philautus_worcesteri,1
Philemon_albitorques,3
Philemon_argenticeps,3
Philemon_brassi,3
Philemon_buceroides,3
Philemon_citreogularis,3
Philemon_cockerelli,3
Philemon_corniculatus,3
Philemon_diemenensis,3
Philemon_eichhorni,3
Philemon_fuscicapillus,3
Philemon_inornatus,3
Philemon_kisserensis,3
Philemon_meyeri,3
Philemon_moluccensis,3
Philemon_plumigenis,3
Philemon_subcorniculatus,3
Philentoma_pyrhoptera,2
Philentoma_velata,2
Philepitta_castanea,2
Philepitta_schlegeli,2
Philesturnus_carunculatus,3
Philesturnus_rufusater,3
Philetairus_socius,2
Philetor_brachypterus,1
Philochortus_hardeggeri,2
Philochortus_intermedius,2
Philochortus_neumanni,2
Philochortus_phillipsi,2
Philochortus_rudolfensis,2
Philochortus_spinalis,2
Philochortus_zolii,2
Philodryas_aestiva,2
Philodryas_agassizii,2
Philodryas_arnaldoi,2
Philodryas_baroni,2
Philodryas_boliviana,2
Philodryas_chamissonis,2
Philodryas_cordata,2
Philodryas_livida,2
Philodryas_mattogrossensis,2
Philodryas_nattereri,2
Philodryas_olfersii,2
Philodryas_patagoniensis,2
Philodryas_psammophidea,2
Philodryas_trilineata,2
Philodryas_varia,2
Philohydor_lictor,2
Philoria_frosti,1
Philoria_kundagungan,1
Philoria_loveridgei,1
Philoria_pughi,1
Philoria_richmondensis,1
Philoria_sphagnicola,1
Philortyx_fasciatus,3
Philothamnus_angolensis,2
Philothamnus_battersbyi,2
Philothamnus_bequaerti,2
Philothamnus_carinatus,2
Philothamnus_dorsalis,2
Philothamnus_girardi,2
Philothamnus_heterodermus,2
Philothamnus_heterolepidotus,2
Philothamnus_hoplogaster,2
Philothamnus_hughesi,2
Philothamnus_irregularis,2
Philothamnus_macrops,2
Philothamnus_natalensis,2
Philothamnus_nitidus,2
Philothamnus_occidentalis,2
Philothamnus_ornatus,2
Philothamnus_punctatus,2
Philothamnus_ruandae,2
Philothamnus_semivariegatus,2
Philothamnus_thomensis,2
Philydor_atricapillus,2
Philydor_erythrocercum,2
Philydor_erythropterum,2
Philydor_fuscipenne,2
Philydor_pyrrhodes,2
Philydor_rufum,2
Phimophis_guerini,2
Phimophis_guianensis,2
Phimophis_vittatus,2
Phimosus_infuscatus,4
Phisalixella_arctifasciata,2
Phisalixella_iarakaensis,2
Phisalixella_tulearensis,2
Phisalixella_variabilis,2
Phlegopsis_borbae,3
Phlegopsis_erythroptera,3
Phlegopsis_nigromaculata,3
Phleocryptes_melanops,2
Phloeomys_cumingi,4
Phloeomys_pallidus,4
Phlogophilus_harterti,1
Phlogophilus_hemileucurus,1
Phoboscincus_bocourti,2
Phoboscincus_garnieri,2
Phodilus_assimilis,4
Phodilus_badius,4
Phodilus_prigoginei,4
Phodopus_campbelli,1
Phodopus_roborovskii,1
Phodopus_sungorus,1
Phoebastria_irrorata,4
Phoenicircus_carnifex,3
Phoenicircus_nigricollis,3
Phoenicolacerta_cyanisparsa,2
Phoenicolacerta_kulzeri,2
Phoenicolacerta_laevis,2
Phoenicolacerta_troodica,2
Phoeniconaias_minor,4
Phoenicoparrus_andinus,4
Phoenicoparrus_jamesi,4
Phoenicopterus_chilensis,4
Phoenicopterus_roseus,4
Phoeniculus_bollei,3
Phoeniculus_damarensis,3
Phoeniculus_purpureus,3
Phoeniculus_somaliensis,3
Phoenicurus_alaschanicus,2
Phoenicurus_auroreus,2
Phoenicurus_bicolor,1
Phoenicurus_coeruleocephala,2
Phoenicurus_erythrogastrus,2
Phoenicurus_erythronotus,2
Phoenicurus_frontalis,2
Phoenicurus_fuliginosus,2
Phoenicurus_hodgsoni,2
Phoenicurus_leucocephalus,2
Phoenicurus_moussieri,1
Phoenicurus_ochruros,2
Phoenicurus_phoenicurus,2
Phoenicurus_schisticeps,2
Pholia_sharpii,3
Pholidobolus_affinis,1
Pholidobolus_dicrus,1
Pholidobolus_hillisi,1
Pholidobolus_macbrydei,1
Pholidobolus_montium,1
Pholidobolus_prefrontalis,1
Pholidobolus_vertebralis,1
Pholidornis_rushiae,1
Pholidoscelis_alboguttatus,2
Pholidoscelis_atratus,2
Pholidoscelis_auberi,2
Pholidoscelis_chrysolaemus,2
Pholidoscelis_corax,2
Pholidoscelis_corvinus,2
Pholidoscelis_desechensis,2
Pholidoscelis_erythrocephalus,2
Pholidoscelis_exsul,2
Pholidoscelis_fuscatus,2
Pholidoscelis_griswoldi,2
Pholidoscelis_lineolatus,2
Pholidoscelis_major,2
Pholidoscelis_maynardii,2
Pholidoscelis_plei,2
Pholidoscelis_pluvianotatus,2
Pholidoscelis_polops,2
Pholidoscelis_taeniurus,2
Pholidoscelis_wetmorei,2
Phonipara_canora,1
Phoniscus_atrox,1
Phoniscus_jagorii,1
Phoniscus_papuensis,1
Phonygammus_keraudrenii,3
Phoxophrys_tuberculata,2
Phragmacia_substriata,1
Phrygilus_atriceps,2
Phrygilus_gayi,2
Phrygilus_patagonicus,2
Phrygilus_punensis,2
Phrynella_pulchra,1
Phrynobatrachus_acridoides,1
Phrynobatrachus_acutirostris,1
Phrynobatrachus_afiabirago,1
Phrynobatrachus_africanus,1
Phrynobatrachus_albomarginatus,1
Phrynobatrachus_alleni,1
Phrynobatrachus_ambanguluensis,1
Phrynobatrachus_annulatus,1
Phrynobatrachus_anotis,1
Phrynobatrachus_asper,1
Phrynobatrachus_auritus,1
Phrynobatrachus_batesii,1
Phrynobatrachus_bequaerti,1
Phrynobatrachus_breviceps,1
Phrynobatrachus_brevipalmatus,1
Phrynobatrachus_bullans,1
Phrynobatrachus_calcaratus,1
Phrynobatrachus_chukuchuku,1
Phrynobatrachus_cornutus,1
Phrynobatrachus_cricogaster,1
Phrynobatrachus_cryptotis,1
Phrynobatrachus_dalcqi,1
Phrynobatrachus_danko,1
Phrynobatrachus_dendrobates,1
Phrynobatrachus_discogularis,1
Phrynobatrachus_dispar,1
Phrynobatrachus_elberti,1
Phrynobatrachus_francisci,1
Phrynobatrachus_fraterculus,1
Phrynobatrachus_gastoni,1
Phrynobatrachus_ghanensis,1
Phrynobatrachus_giorgii,1
Phrynobatrachus_graueri,1
Phrynobatrachus_guineensis,1
Phrynobatrachus_gutturosus,1
Phrynobatrachus_hieroglyphicus,1
Phrynobatrachus_horsti,1
Phrynobatrachus_hylaios,1
Phrynobatrachus_inexpectatus,1
Phrynobatrachus_intermedius,1
Phrynobatrachus_irangi,1
Phrynobatrachus_jimzimkusi,1
Phrynobatrachus_kakamikro,1
Phrynobatrachus_keniensis,1
Phrynobatrachus_kinangopensis,1
Phrynobatrachus_krefftii,1
Phrynobatrachus_latifrons,1
Phrynobatrachus_leveleve,1
Phrynobatrachus_liberiensis,1
Phrynobatrachus_mababiensis,1
Phrynobatrachus_mayokoensis,1
Phrynobatrachus_minutus,1
Phrynobatrachus_nanus,1
Phrynobatrachus_natalensis,1
Phrynobatrachus_njiomock,1
Phrynobatrachus_ogoensis,1
Phrynobatrachus_pakenhami,1
Phrynobatrachus_pallidus,1
Phrynobatrachus_parkeri,1
Phrynobatrachus_parvulus,1
Phrynobatrachus_perpalmatus,1
Phrynobatrachus_petropedetoides,1
Phrynobatrachus_phyllophilus,1
Phrynobatrachus_pintoi,1
Phrynobatrachus_plicatus,1
Phrynobatrachus_pygmaeus,1
Phrynobatrachus_rainerguentheri,1
Phrynobatrachus_rouxi,1
Phrynobatrachus_rungwensis,1
Phrynobatrachus_ruthbeateae,1
Phrynobatrachus_sandersoni,1
Phrynobatrachus_scapularis,1
Phrynobatrachus_scheffleri,1
Phrynobatrachus_schioetzi,1
Phrynobatrachus_steindachneri,1
Phrynobatrachus_sternfeldi,1
Phrynobatrachus_stewartae,1
Phrynobatrachus_sulfureogularis,1
Phrynobatrachus_taiensis,1
Phrynobatrachus_tokba,1
Phrynobatrachus_ukingensis,1
Phrynobatrachus_ungujae,1
Phrynobatrachus_uzungwensis,1
Phrynobatrachus_versicolor,1
Phrynobatrachus_villiersi,1
Phrynobatrachus_werneri,1
Phrynocephalus_alpherakii,2
Phrynocephalus_arabicus,2
Phrynocephalus_axillaris,2
Phrynocephalus_clarkorum,2
Phrynocephalus_erythrurus,2
Phrynocephalus_euptilopus,2
Phrynocephalus_forsythii,2
Phrynocephalus_frontalis,2
Phrynocephalus_golubewii,2
Phrynocephalus_guttatus,2
Phrynocephalus_helioscopus,2
Phrynocephalus_horvathi,2
Phrynocephalus_incertus,2
Phrynocephalus_interscapularis,2
Phrynocephalus_kuschakewitschi,2
Phrynocephalus_longicaudatus,2
Phrynocephalus_luteoguttatus,2
Phrynocephalus_maculatus,2
Phrynocephalus_melanurus,2
Phrynocephalus_moltschanovi,2
Phrynocephalus_mystaceus,2
Phrynocephalus_ornatus,2
Phrynocephalus_persicus,2
Phrynocephalus_przewalskii,2
Phrynocephalus_putjatai,2
Phrynocephalus_raddei,2
Phrynocephalus_reticulatus,2
Phrynocephalus_rossikowi,2
Phrynocephalus_saidalievi,2
Phrynocephalus_sakoi,2
Phrynocephalus_scutellatus,2
Phrynocephalus_sogdianus,2
Phrynocephalus_strauchi,2
Phrynocephalus_theobaldi,2
Phrynocephalus_versicolor,2
Phrynocephalus_vlangalii,2
Phrynoidis_asper,4
Phrynoidis_juxtasper,4
Phrynomantis_affinis,2
Phrynomantis_annectens,2
Phrynomantis_bifasciatus,2
Phrynomantis_microps,2
Phrynomantis_somalicus,2
Phrynomedusa_appendiculata,2
Phrynomedusa_bokermanni,2
Phrynomedusa_dryade,2
Phrynonax_poecilonotus,2
Phrynonax_polylepis,2
Phrynonax_shropshirei,2
Phrynops_williamsi,3
Phrynopus_anancites,1
Phrynopus_auriculatus,1
Phrynopus_badius,1
Phrynopus_barthlenae,1
Phrynopus_bracki,1
Phrynopus_bufoides,1
Phrynopus_capitalis,1
Phrynopus_chaparroi,1
Phrynopus_curator,1
Phrynopus_daemon,1
Phrynopus_dagmarae,1
Phrynopus_dumicola,1
Phrynopus_heimorum,1
Phrynopus_horstpauli,1
Phrynopus_interstinctus,1
Phrynopus_inti,1
Phrynopus_juninensis,1
Phrynopus_kauneorum,1
Phrynopus_kotosh,1
Phrynopus_lapidoides,1
Phrynopus_lechriorhynchus,1
Phrynopus_miroslawae,1
Phrynopus_montium,1
Phrynopus_nicoleae,1
Phrynopus_oblivius,1
Phrynopus_paucari,1
Phrynopus_personatus,1
Phrynopus_peruanus,1
Phrynopus_pesantesi,1
Phrynopus_tautzorum,1
Phrynopus_thompsoni,1
Phrynopus_tribulosus,1
Phrynopus_unchog,1
Phrynopus_valquii,1
Phrynopus_vestigiatus,1
Phrynosoma_asio,2
Phrynosoma_blainvillii,2
Phrynosoma_braconnieri,2
Phrynosoma_cornutum,2
Phrynosoma_coronatum,2
Phrynosoma_ditmarsi,2
Phrynosoma_douglasii,2
Phrynosoma_goodei,2
Phrynosoma_hernandesi,2
Phrynosoma_mcallii,2
Phrynosoma_modestum,2
Phrynosoma_orbiculare,2
Phrynosoma_platyrhinos,2
Phrynosoma_solare,2
Phrynosoma_taurus,2
Phylidonyris_niger,2
Phylidonyris_novaehollandiae,2
Phylidonyris_pyrrhopterus,2
Phyllaemulor_bracteatus,3
Phyllanthus_atripennis,3
Phyllanthus_bohndorffi,3
Phyllanthus_rubiginosus,3
Phyllastrephus_albigula,2
Phyllastrephus_albigularis,2
Phyllastrephus_baumanni,2
Phyllastrephus_cabanisi,2
Phyllastrephus_cerviniventris,2
Phyllastrephus_debilis,2
Phyllastrephus_fischeri,2
Phyllastrephus_flavostriatus,2
Phyllastrephus_fulviventris,2
Phyllastrephus_hypochloris,2
Phyllastrephus_icterinus,2
Phyllastrephus_lorenzi,2
Phyllastrephus_poensis,2
Phyllastrephus_poliocephalus,2
Phyllastrephus_strepitans,3
Phyllastrephus_terrestris,3
Phyllastrephus_viridiceps,2
Phyllastrephus_xavieri,2
Phyllergates_cucullatus,1
Phyllergates_heterolaemus,1
Phyllobates_aurotaenia,2
Phyllobates_bicolor,2
Phyllobates_lugubris,2
Phyllobates_terribilis,2
Phyllobates_vittatus,2
Phyllodactylus_angustidigitus,2
Phyllodactylus_barringtonensis,2
Phyllodactylus_baurii,2
Phyllodactylus_bordai,2
Phyllodactylus_bugastrolepis,2
Phyllodactylus_clinatus,2
Phyllodactylus_darwini,2
Phyllodactylus_davisi,2
Phyllodactylus_delcampoi,2
Phyllodactylus_delsolari,2
Phyllodactylus_dixoni,2
Phyllodactylus_duellmani,2
Phyllodactylus_galapagensis,2
Phyllodactylus_gerrhopygus,2
Phyllodactylus_gilberti,2
Phyllodactylus_hispaniolae,2
Phyllodactylus_homolepidurus,2
Phyllodactylus_inaequalis,2
Phyllodactylus_insularis,2
Phyllodactylus_interandinus,2
Phyllodactylus_johnwrighti,2
Phyllodactylus_julieni,2
Phyllodactylus_kofordi,2
Phyllodactylus_lanei,2
Phyllodactylus_leei,2
Phyllodactylus_leoni,2
Phyllodactylus_lepidopygus,2
Phyllodactylus_martini,2
Phyllodactylus_microphyllus,2
Phyllodactylus_muralis,2
Phyllodactylus_nocticolus,2
Phyllodactylus_palmeus,2
Phyllodactylus_partidus,2
Phyllodactylus_paucituberculatus,2
Phyllodactylus_pulcher,2
Phyllodactylus_pumilus,2
Phyllodactylus_reissii,2
Phyllodactylus_rutteni,2
Phyllodactylus_sentosus,2
Phyllodactylus_sommeri,2
Phyllodactylus_thompsoni,2
Phyllodactylus_transversalis,2
Phyllodactylus_tuberculosus,2
Phyllodactylus_unctus,2
Phyllodactylus_ventralis,2
Phyllodactylus_wirshingi,2
Phyllodactylus_xanti,2
Phylloderma_stenops,4
Phyllodytes_acuminatus,1
Phyllodytes_amadoi,1
Phyllodytes_brevirostris,1
Phyllodytes_edelmoi,1
Phyllodytes_gyrinaethes,1
Phyllodytes_kautskyi,1
Phyllodytes_luteolus,1
Phyllodytes_maculosus,1
Phyllodytes_magnus,1
Phyllodytes_megatympanum,1
Phyllodytes_melanomystax,1
Phyllodytes_praeceptor,1
Phyllodytes_punctatus,1
Phyllodytes_tuberculosus,1
Phyllodytes_wuchereri,1
Phyllolais_pulchella,1
Phyllomedusa_bahiana,3
Phyllomedusa_bicolor,4
Phyllomedusa_boliviana,3
Phyllomedusa_burmeisteri,3
Phyllomedusa_camba,3
Phyllomedusa_chaparroi,2
Phyllomedusa_coelestis,2
Phyllomedusa_distincta,3
Phyllomedusa_iheringii,3
Phyllomedusa_neildi,2
Phyllomedusa_sauvagii,4
Phyllomedusa_tarsius,3
Phyllomedusa_tetraploidea,4
Phyllomedusa_trinitatis,3
Phyllomedusa_vaillantii,4
Phyllomedusa_venusta,2
Phyllomyias_burmeisteri,1
Phyllomyias_cinereiceps,1
Phyllomyias_fasciatus,1
Phyllomyias_griseiceps,1
Phyllomyias_griseocapilla,1
Phyllomyias_nigrocapillus,1
Phyllomyias_plumbeiceps,1
Phyllomyias_reiseri,1
Phyllomyias_sclateri,1
Phyllomyias_urichi,1
Phyllomyias_uropygialis,1
Phyllomyias_virescens,1
Phyllomyias_weedeni,1
Phyllomyias_zeledoni,1
Phyllomys_blainvillii,3
Phyllomys_dasythrix,3
Phyllomys_kerri,3
Phyllomys_lamarum,3
Phyllomys_lundi,3
Phyllomys_mantiqueirensis,3
Phyllomys_medius,3
Phyllomys_nigrispinus,3
Phyllomys_pattoni,3
Phyllomys_sulinus,3
Phyllomys_thomasi,3
Phyllomys_unicolor,3
Phyllonastes_coloma,1
Phyllonastes_duellmani,1
Phyllonastes_heyeri,1
Phyllonastes_lochites,1
Phyllonastes_lynchi,1
Phyllonastes_myrmecoides,1
Phyllonastes_naturetrekii,1
Phyllonastes_personinus,1
Phyllonycteris_poeyi,2
Phyllopezus_lutzae,2
Phyllopezus_maranjonensis,2
Phyllopezus_periosus,2
Phyllopezus_pollicaris,2
Phyllops_falcatus,2
Phyllorhynchus_browni,2
Phyllorhynchus_decurtatus,2
Phylloscartes_beckeri,1
Phylloscartes_ceciliae,1
Phylloscartes_difficilis,1
Phylloscartes_flaviventris,1
Phylloscartes_flavovirens,1
Phylloscartes_gualaquizae,1
Phylloscartes_kronei,1
Phylloscartes_nigrifrons,1
Phylloscartes_oustaleti,1
Phylloscartes_parkeri,1
Phylloscartes_paulista,1
Phylloscartes_roquettei,1
Phylloscartes_superciliaris,1
Phylloscartes_sylviolus,1
Phylloscartes_ventralis,1
Phylloscartes_virescens,1
Phylloscopus_affinis,1
Phylloscopus_amoenus,1
Phylloscopus_armandii,1
Phylloscopus_bonelli,1
Phylloscopus_borealis,1
Phylloscopus_borealoides,1
Phylloscopus_budongoensis,1
Phylloscopus_burkii,1
Phylloscopus_calciatilis,1
Phylloscopus_canariensis,1
Phylloscopus_cantator,1
Phylloscopus_castaniceps,1
Phylloscopus_cebuensis,1
Phylloscopus_chloronotus,1
Phylloscopus_claudiae,1
Phylloscopus_collybita,1
Phylloscopus_coronatus,1
Phylloscopus_emeiensis,1
Phylloscopus_examinandus,1
Phylloscopus_forresti,1
Phylloscopus_fuligiventer,1
Phylloscopus_fuscatus,1
Phylloscopus_goodsoni,1
Phylloscopus_grammiceps,1
Phylloscopus_griseolus,1
Phylloscopus_hainanus,1
Phylloscopus_herberti,1
Phylloscopus_humei,1
Phylloscopus_ibericus,1
Phylloscopus_ijimae,1
Phylloscopus_inornatus,1
Phylloscopus_intensior,1
Phylloscopus_intermedius,1
Phylloscopus_kansuensis,1
Phylloscopus_laetus,1
Phylloscopus_laurae,1
Phylloscopus_maculipennis,1
Phylloscopus_magnirostris,2
Phylloscopus_misoriensis,1
Phylloscopus_montis,1
Phylloscopus_neglectus,1
Phylloscopus_nitidus,1
Phylloscopus_occipitalis,1
Phylloscopus_ogilviegranti,1
Phylloscopus_olivaceus,1
Phylloscopus_omeiensis,1
Phylloscopus_orientalis,1
Phylloscopus_plumbeitarsus,1
Phylloscopus_poliocephalus,1
Phylloscopus_poliogenys,1
Phylloscopus_presbytes,1
Phylloscopus_proregulus,1
Phylloscopus_pulcher,1
Phylloscopus_reguloides,1
Phylloscopus_ricketti,1
Phylloscopus_rotiensis,1
Phylloscopus_ruficapilla,1
Phylloscopus_sarasinorum,1
Phylloscopus_schwarzi,1
Phylloscopus_sibilatrix,1
Phylloscopus_sindianus,1
Phylloscopus_soror,1
Phylloscopus_subaffinis,1
Phylloscopus_subviridis,1
Phylloscopus_sumatrensis,1
Phylloscopus_tenellipes,1
Phylloscopus_tephrocephalus,1
Phylloscopus_tristis,1
Phylloscopus_trivirgatus,1
Phylloscopus_trochiloides,1
Phylloscopus_trochilus,1
Phylloscopus_tytleri,1
Phylloscopus_umbrovirens,1
Phylloscopus_valentini,1
Phylloscopus_whistleri,1
Phylloscopus_xanthodryas,1
Phylloscopus_xanthoschistos,1
Phylloscopus_yunnanensis,1
Phyllostomus_discolor,4
Phyllostomus_elongatus,4
Phyllostomus_hastatus,4
Phyllotis_alisosiensis,2
Phyllotis_amicus,2
Phyllotis_andium,2
Phyllotis_anitae,2
Phyllotis_bonariensis,2
Phyllotis_caprinus,2
Phyllotis_darwini,2
Phyllotis_definitus,2
Phyllotis_gerbillus,2
Phyllotis_haggardi,2
Phyllotis_limatus,2
Phyllotis_magister,2
Phyllotis_osgoodi,2
Phyllotis_osilae,2
Phyllotis_wolffsohni,2
Phyllotis_xanthopygus,2
Phyllurus_isis,2
Phyllurus_nepthys,2
Phyllurus_ossa,2
Phyllurus_pinnaclensis,2
Phyllurus_platurus,2
Phymaturus_aguanegra,2
Phymaturus_aguedae,2
Phymaturus_alicahuense,2
Phymaturus_antofagastensis,2
Phymaturus_bibronii,2
Phymaturus_calcogaster,2
Phymaturus_camilae,2
Phymaturus_castillensis,2
Phymaturus_ceii,2
Phymaturus_darwini,2
Phymaturus_delheyi,2
Phymaturus_denotatus,2
Phymaturus_desuetus,2
Phymaturus_dorsimaculatus,2
Phymaturus_etheridgei,2
Phymaturus_excelsus,2
Phymaturus_extrilidus,2
Phymaturus_felixi,2
Phymaturus_indistinctus,2
Phymaturus_laurenti,2
Phymaturus_mallimaccii,2
Phymaturus_manuelae,2
Phymaturus_maulense,2
Phymaturus_nevadoi,2
Phymaturus_palluma,2
Phymaturus_patagonicus,2
Phymaturus_payuniae,2
Phymaturus_punae,2
Phymaturus_querque,2
Phymaturus_roigorum,2
Phymaturus_sinervoi,2
Phymaturus_sitesi,2
Phymaturus_somuncurensis,2
Phymaturus_spectabilis,2
Phymaturus_spurcus,2
Phymaturus_tenebrosus,2
Phymaturus_verdugo,2
Phymaturus_videlai,2
Phymaturus_vociferator,2
Phymaturus_williamsi,2
Phymaturus_yachanana,2
Phymaturus_zapalensis,2
Physalaemus_aguirrei,1
Physalaemus_albifrons,1
Physalaemus_albonotatus,1
Physalaemus_angrensis,1
Physalaemus_atim,1
Physalaemus_atlanticus,1
Physalaemus_barrioi,1
Physalaemus_biligonigerus,1
Physalaemus_bokermanni,1
Physalaemus_caete,1
Physalaemus_camacan,1
Physalaemus_carrizorum,1
Physalaemus_centralis,1
Physalaemus_cicada,1
Physalaemus_claptoni,1
Physalaemus_crombiei,1
Physalaemus_cuqui,1
Physalaemus_cuvieri,2
Physalaemus_deimaticus,2
Physalaemus_ephippifer,1
Physalaemus_erikae,1
Physalaemus_erythros,1
Physalaemus_evangelistai,1
Physalaemus_feioi,1
Physalaemus_fernandezae,1
Physalaemus_fischeri,1
Physalaemus_gracilis,1
Physalaemus_henselii,1
Physalaemus_insperatus,1
Physalaemus_irroratus,1
Physalaemus_jordanensis,1
Physalaemus_kroyeri,1
Physalaemus_lateristriga,1
Physalaemus_lisei,1
Physalaemus_maculiventris,1
Physalaemus_marmoratus,1
Physalaemus_maximus,2
Physalaemus_moreirae,1
Physalaemus_nanus,1
Physalaemus_nattereri,2
Physalaemus_obtectus,1
Physalaemus_olfersii,2
Physalaemus_orophilus,1
Physalaemus_riograndensis,1
Physalaemus_rupestris,1
Physalaemus_santafecinus,1
Physalaemus_signifer,1
Physalaemus_soaresi,1
Physalaemus_spiniger,1
Physignathus_cocincinus,3
Phytolopsis_punctata,2
Phytotoma_raimondii,3
Phytotoma_rara,3
Phytotoma_rutila,3
Phytotriades_auratus,1
Phyzelaphryne_miriamae,1
Phyzelaphryne_nimio,1
Piaya_cayana,3
Piaya_melanogaster,3
Piaya_mexicana,3
Pica_asirensis,4
Pica_hudsonia,4
Pica_mauritanica,4
Pica_nutalli,4
Pica_pica,4
Picathartes_gymnocephalus,4
Picathartes_oreas,4
Picoides_arcticus,3
Picoides_canicapillus,3
Picoides_funebris,3
Picoides_kizuki,3
Picoides_maculatus,3
Picoides_moluccensis,2
Picoides_nanus,3
Picoides_ramsayi,3
Picoides_temminckii,2
Picoides_tridactylus,3
Piculus_aurulentus,3
Piculus_callopterus,3
Piculus_chrysochloros,3
Piculus_flavigula,3
Piculus_leucolaemus,3
Piculus_litae,3
Piculus_simplex,3
Picumnus_albosquamatus,1
Picumnus_aurifrons,1
Picumnus_castelnau,1
Picumnus_cinnamomeus,1
Picumnus_cirratus,1
Picumnus_dorbignyanus,1
Picumnus_exilis,1
Picumnus_fulvescens,1
Picumnus_fuscus,1
Picumnus_granadensis,1
Picumnus_innominatus,1
Picumnus_lafresnayi,1
Picumnus_limae,1
Picumnus_minutissimus,1
Picumnus_nebulosus,1
Picumnus_nigropunctatus,1
Picumnus_olivaceus,1
Picumnus_pumilus,1
Picumnus_pygmaeus,1
Picumnus_rufiventris,1
Picumnus_sclateri,1
Picumnus_spilogaster,1
Picumnus_squamulatus,1
Picumnus_steindachneri,1
Picumnus_subtilis,1
Picumnus_temminckii,1
Picumnus_varzeae,1
Picus_awokera,4
Picus_canus,4
Picus_chlorolophus,3
Picus_dedemi,3
Picus_erythropygius,3
Picus_guerini,3
Picus_puniceus,3
Picus_rabieri,3
Picus_sharpei,4
Picus_squamatus,3
Picus_vaillantii,4
Picus_viridanus,3
Picus_viridis,4
Picus_vittatus,3
Picus_xanthopygaeus,3
Piezorina_cinerea,2
Pilherodius_pileatus,4
Piliocolobus_badius,4
Piliocolobus_bouvieri,4
Piliocolobus_epieni,4
Piliocolobus_foai,4
Piliocolobus_gordonorum,4
Piliocolobus_kirkii,4
Piliocolobus_langi,4
Piliocolobus_lulindicus,4
Piliocolobus_oustaleti,4
Piliocolobus_parmentieri,4
Piliocolobus_pennantii,4
Piliocolobus_preussi,4
Piliocolobus_rufomitratus,4
Piliocolobus_semlikiensis,4
Piliocolobus_tephrosceles,4
Piliocolobus_tholloni,4
Piliocolobus_waldroni,4
Pinarochroa_sordida,2
Pinarocorys_erythropygia,2
Pinarocorys_nigricans,2
Pinarornis_plumosus,3
Pinicola_enucleator,3
Pinoyscincus_abdictus,1
Pinoyscincus_coxi,1
Pinoyscincus_jagori,1
Pinoyscincus_llanosi,1
Pinoyscincus_mindanensis,1
Pionites_leucogaster,4
Pionites_melanocephalus,4
Pionites_xanthomerius,4
Pionites_xanthurus,4
Pionopsitta_pileata,4
Pionus_chalcopterus,4
Pionus_fuscus,4
Pionus_maximiliani,4
Pionus_menstruus,4
Pionus_reichenowi,4
Pionus_senilis,4
Pionus_seniloides,4
Pionus_sordidus,4
Pionus_tumultuosus,4
Pipa_arrabali,3
Pipa_aspera,4
Pipa_carvalhoi,4
Pipa_myersi,3
Pipa_parva,2
Pipa_pipa,4
Pipa_snethlageae,3
Pipile_cujubi,4
Pipile_cumanensis,4
Pipile_grayi,4
Pipile_jacutinga,4
Pipile_pipile,4
Pipilo_chlorurus,2
Pipilo_erythrophthalmus,3
Pipilo_maculatus,3
Pipilo_ocai,3
Pipilo_socorroensis,2
Pipistrellus_abramus,1
Pipistrellus_adamsi,1
Pipistrellus_aero,1
Pipistrellus_aladdin,1
Pipistrellus_anchietae,1
Pipistrellus_angulatus,1
Pipistrellus_ceylonicus,1
Pipistrellus_collinus,1
Pipistrellus_coromandra,1
Pipistrellus_crassulus,1
Pipistrellus_endoi,1
Pipistrellus_grandidieri,1
Pipistrellus_hanaki,1
Pipistrellus_hesperidus,1
Pipistrellus_imbricatus,1
Pipistrellus_inexspectatus,1
Pipistrellus_javanicus,1
Pipistrellus_kuhlii,1
Pipistrellus_maderensis,1
Pipistrellus_nanulus,1
Pipistrellus_nathusii,1
Pipistrellus_papuanus,1
Pipistrellus_paterculus,1
Pipistrellus_permixtus,1
Pipistrellus_pipistrellus,1
Pipistrellus_pygmaeus,1
Pipistrellus_raceyi,1
Pipistrellus_rueppellii,1
Pipistrellus_rusticus,1
Pipistrellus_stenopterus,1
Pipistrellus_tenuis,1
Pipistrellus_wattsi,1
Pipistrellus_westralis,1
Pipra_aureola,1
Pipra_fasciicauda,1
Pipra_filicauda,1
Pipraeidea_bonariensis,2
Pipraeidea_darwinii,2
Pipraeidea_melanonota,2
Pipreola_arcuata,3
Pipreola_aureopectus,3
Pipreola_chlorolepidota,2
Pipreola_formosa,3
Pipreola_frontalis,2
Pipreola_intermedia,3
Pipreola_jucunda,3
Pipreola_lubomirskii,3
Pipreola_pulchra,3
Pipreola_riefferii,3
Pipreola_squamipectus,3
Pipreola_whitelyi,3
Piprites_chloris,2
Piprites_griseiceps,2
Piprites_pileata,2
Piranga_bidentata,3
Piranga_erythrocephala,3
Piranga_flava,3
Piranga_hepatica,3
Piranga_leucoptera,2
Piranga_ludoviciana,2
Piranga_olivacea,2
Piranga_roseogularis,2
Piranga_rubra,2
Piranga_rubriceps,3
Pitangus_sulphuratus,2
Pithecheir_melanurus,2
Pithecheir_parvus,2
Pithecheirops_otion,2
Pithecia_aequatorialis,4
Pithecia_albicans,4
Pithecia_cazuzai,4
Pithecia_chrysocephala,4
Pithecia_hirsuta,4
Pithecia_inusta,4
Pithecia_irrorata,4
Pithecia_isabela,4
Pithecia_milleri,4
Pithecia_mittermeieri,4
Pithecia_monachus,4
Pithecia_napensis,4
Pithecia_pissinattii,4
Pithecia_pithecia,4
Pithecia_rylandsi,4
Pithecia_vanzolinii,4
Pithecophaga_jefferyi,4
Pithecopus_araguaius,2
Pithecopus_ayeaye,2
Pithecopus_azureus,3
Pithecopus_centralis,2
Pithecopus_gonzagai,2
Pithecopus_hypochondrialis,2
Pithecopus_megacephalus,3
Pithecopus_nordestinus,2
Pithecopus_oreades,2
Pithecopus_palliatus,2
Pithecopus_rohdei,2
Pithecopus_rusticus,2
Pithys_albifrons,1
Pithys_castaneus,2
Pitohui_cerviniventris,2
Pitohui_dichrous,2
Pitohui_kirhocephalus,2
Pitohui_uropygialis,2
Pitta_anerythra,2
Pitta_angolensis,3
Pitta_brachyura,3
Pitta_elegans,3
Pitta_iris,3
Pitta_maxima,4
Pitta_megarhyncha,3
Pitta_moluccensis,3
Pitta_morotaiensis,2
Pitta_novaeguineae,2
Pitta_nympha,3
Pitta_reichenowi,3
Pitta_rosenbergii,2
Pitta_sordida,3
Pitta_steerii,3
Pitta_superba,3
Pitta_versicolor,3
Pittasoma_michleri,3
Pittasoma_rufopileatum,3
Pituophis_catenifer,3
Pituophis_deppei,3
Pituophis_insulanus,3
Pituophis_lineaticollis,3
Pituophis_melanoleucus,3
Pituophis_ruthveni,3
Pituophis_vertebralis,3
Pityriasis_gymnocephala,3
Placosoma_cipoense,1
Placosoma_cordylinum,1
Placosoma_glabellum,1
Plagiodontia_aedium,4
Plagiopholis_blakewayi,2
Plagiopholis_delacouri,2
Plagiopholis_nuchalis,2
Plagiopholis_styani,2
Planigale_gilesi,1
Planigale_ingrami,1
Planigale_maculata,1
Planigale_novaeguineae,1
Planigale_tenuirostris,1
Platacanthomys_lasiurus,2
Platalea_ajaja,4
Platalea_alba,4
Platalea_flavipes,4
Platalea_leucorodia,4
Platalea_regia,4
Platalina_genovensium,2
Platyceps_afarensis,2
Platyceps_bholanathi,2
Platyceps_brevis,2
Platyceps_collaris,2
Platyceps_elegantissimus,2
Platyceps_florulentus,2
Platyceps_gracilis,2
Platyceps_insulanus,2
Platyceps_karelini,2
Platyceps_largeni,2
Platyceps_messanai,2
Platyceps_najadum,2
Platyceps_noeli,2
Platyceps_rhodorachis,2
Platyceps_rogersi,2
Platyceps_saharicus,2
Platyceps_scortecci,2
Platyceps_sinai,2
Platyceps_sindhensis,2
Platyceps_somalicus,2
Platyceps_taylori,2
Platyceps_thomasi,2
Platyceps_variabilis,2
Platyceps_ventromaculatus,2
Platycercus_adscitus,4
Platycercus_caledonicus,4
Platycercus_elegans,4
Platycercus_eximius,4
Platycercus_icterotis,3
Platycercus_venustus,3
Platylophus_galericulatus,3
Platymantis_banahao,2
Platymantis_bayani,2
Platymantis_biak,2
Platymantis_cagayanensis,1
Platymantis_cornutus,1
Platymantis_corrugatus,3
Platymantis_diesmosi,1
Platymantis_dorsalis,3
Platymantis_guentheri,3
Platymantis_hazelae,1
Platymantis_indeprensus,1
Platymantis_insulatus,1
Platymantis_isarog,1
Platymantis_lawtoni,2
Platymantis_levigatus,1
Platymantis_luzonensis,2
Platymantis_mimulus,1
Platymantis_montanus,2
Platymantis_naomii,1
Platymantis_negrosensis,2
Platymantis_paengi,1
Platymantis_panayensis,2
Platymantis_polillensis,1
Platymantis_pseudodorsalis,2
Platymantis_pygmaeus,1
Platymantis_quezoni,1
Platymantis_rabori,2
Platymantis_sierramadrensis,2
Platymantis_spelaeus,2
Platymantis_subterrestris,1
Platymantis_taylori,2
Platymops_setiger,2
Platypelis_alticola,2
Platypelis_ando,2
Platypelis_barbouri,2
Platypelis_grandis,4
Platypelis_karenae,1
Platypelis_mavomavo,1
Platypelis_milloti,2
Platypelis_olgae,1
Platypelis_pollicaris,3
Platypelis_ravus,2
Platypelis_tetra,2
Platypelis_tsaratananaensis,2
Platypelis_tuberifera,3
Platyplectrum_aganoposis,2
Platyplectrum_fletcheri,3
Platyplectrum_melanopyga,2
Platyplectrum_ornatum,3
Platyplectrum_platyceps,2
Platyplectrum_spenceri,4
Platyplectrurus_madurensis,1
Platyplectrurus_trilineatus,1
Platyrinchus_albogularis,1
Platyrinchus_cancrominus,1
Platyrinchus_coronatus,1
Platyrinchus_flavigularis,1
Platyrinchus_leucoryphus,1
Platyrinchus_mystaceus,1
Platyrinchus_platyrhynchos,1
Platyrinchus_saturatus,1
Platyrrhinus_albericoi,3
Platyrrhinus_angustirostris,3
Platyrrhinus_aquilus,3
Platyrrhinus_aurarius,3
Platyrrhinus_brachycephalus,3
Platyrrhinus_chocoensis,3
Platyrrhinus_dorsalis,3
Platyrrhinus_fusciventris,3
Platyrrhinus_helleri,3
Platyrrhinus_incarum,3
Platyrrhinus_infuscus,3
Platyrrhinus_ismaeli,3
Platyrrhinus_lineatus,3
Platyrrhinus_masu,3
Platyrrhinus_matapalensis,3
Platyrrhinus_nigellus,3
Platyrrhinus_nitelinea,3
Platyrrhinus_recifinus,3
Platyrrhinus_vittatus,3
Platysaurus_attenboroughi,2
Platysaurus_broadleyi,2
Platysaurus_capensis,2
Platysaurus_guttatus,2
Platysaurus_imperator,2
Platysaurus_intermedius,2
Platysaurus_lebomboensis,2
Platysaurus_maculatus,2
Platysaurus_minor,2
Platysaurus_mitchelli,2
Platysaurus_monotropis,2
Platysaurus_ocellatus,2
Platysaurus_orientalis,2
Platysaurus_pungweensis,2
Platysaurus_relictus,2
Platysaurus_torquatus,2
Platysmurus_aterrimus,4
Platysmurus_leucopterus,4
Platyspiza_crassirostris,3
Platysteira_albifrons,1
Platysteira_cyanea,1
Platysteira_laticincta,1
Platysteira_peltata,1
Platysternon_megacephalum,3
Plecotus_auritus,2
Plecotus_austriacus,2
Plecotus_balensis,2
Plecotus_christii,2
Plecotus_homochrous,2
Plecotus_kolombatovici,2
Plecotus_macrobullaris,2
Plecotus_ognevi,2
Plecotus_sacrimontis,2
Plecotus_sardus,2
Plecotus_strelkovi,2
Plecotus_taivanus,2
Plecotus_teneriffae,2
Plecotus_turkmenicus,2
Plectorhyncha_lanceolata,2
Plectrohyla_acanthodes,2
Plectrohyla_avia,3
Plectrohyla_calvata,2
Plectrohyla_catracha,2
Plectrohyla_chrysopleura,3
Plectrohyla_dasypus,2
Plectrohyla_exquisita,2
Plectrohyla_glandulosa,3
Plectrohyla_guatemalensis,3
Plectrohyla_hartwegi,2
Plectrohyla_insolita,2
Plectrohyla_ixil,2
Plectrohyla_lacertosa,2
Plectrohyla_matudai,2
Plectrohyla_pokomchi,2
Plectrohyla_psiloderma,2
Plectrohyla_quecchi,2
Plectrohyla_sagorum,2
Plectrohyla_tecunumani,2
Plectrohyla_teuchestes,2
Plectrophenax_hyperboreus,3
Plectrophenax_nivalis,3
Plectropterus_gambensis,4
Plectrurus_aureus,1
Plectrurus_guentheri,1
Plectrurus_perroteti,1
Plecturocebus_aureipalatii,3
Plecturocebus_baptista,3
Plecturocebus_bernhardi,3
Plecturocebus_brunneus,3
Plecturocebus_caligatus,3
Plecturocebus_caquetensis,3
Plecturocebus_cinerascens,3
Plecturocebus_cupreus,3
Plecturocebus_discolor,3
Plecturocebus_donacophilus,3
Plecturocebus_dubius,3
Plecturocebus_grovesi,3
Plecturocebus_hoffmannsi,3
Plecturocebus_miltoni,3
Plecturocebus_modestus,3
Plecturocebus_moloch,3
Plecturocebus_oenanthe,3
Plecturocebus_olallae,3
Plecturocebus_ornatus,3
Plecturocebus_pallescens,3
Plecturocebus_parecis,3
Plecturocebus_toppini,3
Plecturocebus_urubambensis,3
Plecturocebus_vieirai,3
Plegadis_chihi,4
Plegadis_falcinellus,4
Plegadis_ridgwayi,4
Plerotes_anchietae,4
Plesiodipsas_perijanensis,2
Plesiodryas_albonotata,2
Plestiodon_anthracinus,2
Plestiodon_barbouri,2
Plestiodon_brevirostris,2
Plestiodon_callicephalus,2
Plestiodon_capito,2
Plestiodon_chinensis,2
Plestiodon_colimensis,2
Plestiodon_copei,2
Plestiodon_coreensis,2
Plestiodon_dugesii,2
Plestiodon_egregius,2
Plestiodon_elegans,2
Plestiodon_fasciatus,2
Plestiodon_finitimus,2
Plestiodon_gilberti,2
Plestiodon_inexpectatus,2
Plestiodon_japonicus,2
Plestiodon_kishinouyei,2
Plestiodon_kuchinoshimensis,2
Plestiodon_lagunensis,2
Plestiodon_laticeps,2
Plestiodon_latiscutatus,2
Plestiodon_leucostictus,2
Plestiodon_liui,2
Plestiodon_longirostris,2
Plestiodon_lynxe,2
Plestiodon_marginatus,2
Plestiodon_multilineatus,2
Plestiodon_multivirgatus,2
Plestiodon_obsoletus,2
Plestiodon_ochoterenae,2
Plestiodon_oshimensis,2
Plestiodon_parviauriculatus,2
Plestiodon_parvulus,2
Plestiodon_popei,2
Plestiodon_quadrilineatus,2
Plestiodon_reynoldsi,2
Plestiodon_septentrionalis,2
Plestiodon_skiltonianus,2
Plestiodon_stimpsonii,2
Plestiodon_sumichrasti,2
Plestiodon_takarai,2
Plestiodon_tamdaoensis,2
Plestiodon_tetragrammus,2
Plestiodon_tunganus,2
Plethodon_albagula,3
Plethodon_amplus,2
Plethodon_angusticlavius,1
Plethodon_asupak,2
Plethodon_aureolus,2
Plethodon_caddoensis,1
Plethodon_chattahoochee,1
Plethodon_cheoah,2
Plethodon_chlorobryonis,2
Plethodon_cinereus,1
Plethodon_cylindraceus,3
Plethodon_dixi,1
Plethodon_dorsalis,1
Plethodon_dunni,2
Plethodon_electromorphus,1
Plethodon_elongatus,2
Plethodon_fourchensis,2
Plethodon_glutinosus,2
Plethodon_hoffmani,1
Plethodon_hubrichti,1
Plethodon_idahoensis,1
Plethodon_jacksoni,1
Plethodon_jordani,2
Plethodon_kentucki,2
Plethodon_kiamichi,1
Plethodon_kisatchie,1
Plethodon_larselli,1
Plethodon_meridianus,1
Plethodon_metcalfi,2
Plethodon_montanus,2
Plethodon_neomexicanus,1
Plethodon_nettingi,1
Plethodon_ocmulgee,1
Plethodon_ouachitae,2
Plethodon_pauleyi,1
Plethodon_petraeus,2
Plethodon_punctatus,1
Plethodon_richmondi,1
Plethodon_savannah,1
Plethodon_sequoyah,1
Plethodon_serratus,1
Plethodon_shenandoah,1
Plethodon_sherando,1
Plethodon_shermani,2
Plethodon_stormi,2
Plethodon_teyahalee,3
Plethodon_vandykei,2
Plethodon_variolatus,2
Plethodon_vehiculum,2
Plethodon_ventralis,1
Plethodon_virginia,1
Plethodon_websteri,1
Plethodon_wehrlei,2
Plethodon_welleri,1
Plethodon_yonahlossee,2
Plethodontohyla_alluaudi,1
Plethodontohyla_bipunctata,1
Plethodontohyla_brevipes,1
Plethodontohyla_fonetana,1
Plethodontohyla_guentheri,1
Plethodontohyla_inguinalis,1
Plethodontohyla_mihanika,1
Plethodontohyla_notosticta,1
Plethodontohyla_ocellata,1
Plethodontohyla_tuberata,1
Pletholax_gracilis,2
Pleurodeles_nebulosus,3
Pleurodeles_poireti,4
Pleurodeles_waltl,4
Pleurodema_alium,1
Pleurodema_bibroni,2
Pleurodema_borellii,2
Pleurodema_brachyops,3
Pleurodema_bufoninum,2
Pleurodema_cinereum,1
Pleurodema_cordobae,2
Pleurodema_diplolister,2
Pleurodema_guayapae,1
Pleurodema_kriegi,2
Pleurodema_marmoratum,2
Pleurodema_nebulosum,2
Pleurodema_thaul,2
Pleurodema_tucumanum,2
Plica_lumaria,2
Plica_pansticta,2
Plica_plica,2
Plica_umbra,2
Pliocercus_bicolor,2
Pliocercus_elapoides,2
Pliocercus_euryzonus,2
Pliocercus_wilmarai,2
Plocepasser_donaldsoni,3
Plocepasser_mahali,3
Plocepasser_rufoscapulatus,3
Plocepasser_superciliosus,3
Ploceus_albinucha,2
Ploceus_alienus,2
Ploceus_angolensis,2
Ploceus_aurantius,2
Ploceus_aureonucha,2
Ploceus_badius,2
Ploceus_baglafecht,2
Ploceus_bannermani,2
Ploceus_batesi,2
Ploceus_benghalensis,2
Ploceus_bertrandi,2
Ploceus_bicolor,2
Ploceus_bojeri,2
Ploceus_brachypterus,2
Ploceus_burnieri,2
Ploceus_capensis,3
Ploceus_castaneiceps,2
Ploceus_castaneofuscus,2
Ploceus_castanops,2
Ploceus_cucullatus,3
Ploceus_dichrocephalus,2
Ploceus_dorsomaculatus,2
Ploceus_flavipes,2
Ploceus_galbula,2
Ploceus_golandi,2
Ploceus_grandis,3
Ploceus_heuglini,3
Ploceus_hypoxanthus,2
Ploceus_insignis,2
Ploceus_intermedius,2
Ploceus_jacksoni,2
Ploceus_katangae,2
Ploceus_luteolus,2
Ploceus_manyar,2
Ploceus_megarhynchus,3
Ploceus_melanocephalus,2
Ploceus_melanogaster,2
Ploceus_nelicourvi,2
Ploceus_nicolli,2
Ploceus_nigerrimus,2
Ploceus_nigricollis,2
Ploceus_nigrimentus,2
Ploceus_ocularis,2
Ploceus_olivaceiceps,2
Ploceus_pelzelni,2
Ploceus_philippinus,2
Ploceus_preussi,2
Ploceus_princeps,3
Ploceus_reichardi,2
Ploceus_rubiginosus,2
Ploceus_ruweti,2
Ploceus_sakalava,2
Ploceus_sanctithomae,2
Ploceus_spekei,2
Ploceus_spekeoides,2
Ploceus_subaureus,2
Ploceus_subpersonatus,2
Ploceus_superciliosus,2
Ploceus_taeniopterus,2
Ploceus_temporalis,2
Ploceus_tricolor,2
Ploceus_upembae,2
Ploceus_velatus,2
Ploceus_vitellinus,2
Ploceus_weynsi,2
Ploceus_xanthops,3
Ploceus_xanthopterus,3
Pluvialis_apricaria,4
Pluvialis_dominica,4
Pluvialis_fulva,4
Pluvialis_squatarola,4
Pluvianellus_socialis,3
Pluvianus_aegyptius,3
Pnoepyga_albiventer,1
Pnoepyga_formosana,1
Pnoepyga_immaculata,1
Pnoepyga_pusilla,1
Podarcis_bocagei,2
Podarcis_carbonelli,2
Podarcis_cretensis,2
Podarcis_erhardii,2
Podarcis_filfolensis,2
Podarcis_gaigeae,2
Podarcis_guadarramae,2
Podarcis_hispanicus,2
Podarcis_ionicus,2
Podarcis_latastei,2
Podarcis_levendis,2
Podarcis_lilfordi,2
Podarcis_liolepis,2
Podarcis_lusitanicus,2
Podarcis_melisellensis,2
Podarcis_milensis,2
Podarcis_muralis,2
Podarcis_peloponnesiacus,2
Podarcis_pityusensis,2
Podarcis_raffonei,2
Podarcis_siculus,2
Podarcis_tauricus,2
Podarcis_thais,2
Podarcis_tiliguerta,2
Podarcis_vaucheri,2
Podarcis_virescens,2
Podarcis_waglerianus,2
Podargus_ocellatus,4
Podargus_papuensis,4
Podargus_strigoides,4
Podica_senegalensis,4
Podiceps_auritus,4
Podiceps_cristatus,4
Podiceps_gallardoi,4
Podiceps_grisegena,4
Podiceps_juninensis,4
Podiceps_major,4
Podiceps_nigricollis,4
Podiceps_occipitalis,4
Podiceps_taczanowskii,4
Podilymbus_podiceps,4
Podoces_biddulphi,3
Podoces_hendersoni,3
Podoces_panderi,3
Podoces_pleskei,3
Podocnemis_lewyana,3
Podogymnura_aureospinula,2
Podogymnura_truei,2
Podomys_floridanus,1
Podoxymys_roraimae,1
Poecile_atricapillus,1
Poecile_carolinensis,1
Poecile_cinctus,1
Poecile_davidi,1
Poecile_gambeli,1
Poecile_hudsonicus,1
Poecile_hypermelaenus,1
Poecile_hyrcanus,1
Poecile_lugubris,1
Poecile_montanus,1
Poecile_palustris,1
Poecile_rufescens,1
Poecile_sclateri,1
Poecile_superciliosus,1
Poecile_weigoldicus,1
Poecilodryas_brachyura,1
Poecilodryas_cerviniventris,1
Poecilodryas_hypoleuca,1
Poecilodryas_superciliosa,1
Poecilogale_albinucha,3
Poecilopholis_cameronensis,2
Poecilotriccus_albifacies,2
Poecilotriccus_calopterus,2
Poecilotriccus_capitalis,2
Poecilotriccus_fumifrons,2
Poecilotriccus_latirostris,2
Poecilotriccus_luluae,2
Poecilotriccus_plumbeiceps,2
Poecilotriccus_pulchellus,2
Poecilotriccus_ruficeps,2
Poecilotriccus_russatus,2
Poecilotriccus_senex,2
Poecilotriccus_sylvia,2
Poelagus_marjorita,4
Poeoptera_femoralis,2
Poeoptera_kenricki,2
Poeoptera_lugubris,2
Poeoptera_stuhlmanni,2
Poephila_acuticauda,1
Poephila_cincta,1
Poephila_personata,1
Pogona_barbata,2
Pogona_henrylawsoni,2
Pogona_microlepidota,2
Pogona_minor,2
Pogona_nullarbor,2
Pogona_vitticeps,2
Pogoniulus_atroflavus,1
Pogoniulus_bilineatus,1
Pogoniulus_chrysoconus,1
Pogoniulus_coryphaea,1
Pogoniulus_leucomystax,1
Pogoniulus_makawai,1
Pogoniulus_pusillus,1
Pogoniulus_scolopaceus,1
Pogoniulus_simplex,1
Pogoniulus_subsulphureus,1
Pogonocichla_stellata,2
Pogonomelomys_brassi,1
Pogonomelomys_bruijnii,1
Pogonomelomys_mayeri,1
Pogonomys_championi,2
Pogonomys_fergussoniensis,2
Pogonomys_loriae,2
Pogonomys_macrourus,2
Pogonomys_sylvestris,2
Pogonornis_bidentatus,3
Pogonornis_dubius,3
Pogonornis_macclounii,3
Pogonornis_melanopterus,3
Pogonornis_minor,3
Pogonornis_rolleti,4
Pogonotriccus_chapmani,1
Pogonotriccus_eximius,1
Pogonotriccus_lanyoni,1
Pogonotriccus_ophthalmicus,1
Pogonotriccus_orbitalis,1
Pogonotriccus_poecilotis,1
Pogonotriccus_venezuelanus,1
Poiana_leightoni,3
Poiana_richardsonii,3
Poicephalus_crassus,3
Poicephalus_cryptoxanthus,4
Poicephalus_flavifrons,4
Poicephalus_fuscicollis,4
Poicephalus_gulielmi,4
Poicephalus_meyeri,3
Poicephalus_robustus,4
Poicephalus_rueppellii,3
Poicephalus_rufiventris,3
Poicephalus_senegalus,3
Polemaetus_bellicosus,4
Polemon_acanthias,2
Polemon_ater,2
Polemon_barthii,2
Polemon_bocourti,2
Polemon_christyi,2
Polemon_collaris,2
Polemon_fulvicollis,2
Polemon_gabonensis,2
Polemon_gracilis,2
Polemon_graueri,2
Polemon_griseiceps,2
Polemon_leopoldi,2
Polemon_neuwiedi,2
Polemon_notatus,2
Polemon_robustus,2
Polihierax_insignis,2
Polihierax_semitorquatus,2
Poliocephalus_poliocephalus,4
Poliocephalus_rufopectus,4
Poliocitellus_franklinii,3
Poliocrania_exsul,2
Poliocrania_maculifer,2
Poliolais_lopezi,2
Poliolophus_urostictus,2
Polioptila_albiloris,1
Polioptila_caerulea,1
Polioptila_californica,1
Polioptila_dumicola,1
Polioptila_guianensis,1
Polioptila_lactea,1
Polioptila_lembeyei,1
Polioptila_maior,1
Polioptila_melanura,1
Polioptila_nigriceps,1
Polioptila_plumbea,1
Polioptila_schistaceigula,1
Polioxolmis_rufipennis,2
Polyboroides_radiatus,4
Polyboroides_typus,4
Polychrus_acutirostris,2
Polychrus_femoralis,2
Polychrus_gutturosus,2
Polychrus_jacquelinae,2
Polychrus_liogaster,2
Polychrus_marmoratus,2
Polychrus_peruvianus,2
Polyonymus_caroli,1
Polypedates_assamensis,3
Polypedates_bengalensis,2
Polypedates_braueri,3
Polypedates_chlorophthalmus,2
Polypedates_colletti,2
Polypedates_cruciger,3
Polypedates_discantus,2
Polypedates_himalayensis,2
Polypedates_impresus,2
Polypedates_insularis,2
Polypedates_iskandari,3
Polypedates_leucomystax,3
Polypedates_macrotis,3
Polypedates_maculatus,3
Polypedates_megacephalus,3
Polypedates_mutus,2
Polypedates_occidentalis,2
Polypedates_otilophus,4
Polypedates_pseudocruciger,2
Polypedates_pseudotilophus,2
Polypedates_ranwellai,2
Polypedates_subansiriensis,2
Polypedates_taeniatus,2
Polypedates_teraiensis,2
Polypedates_zed,2
Polyplectron_bicalcaratum,4
Polyplectron_chalcurum,4
Polyplectron_germaini,4
Polyplectron_inopinatum,4
Polyplectron_katsumatae,4
Polyplectron_malacense,4
Polyplectron_napoleonis,4
Polyplectron_schleiermacheri,4
Polysticta_stelleri,4
Polystictus_pectoralis,1
Polystictus_superciliaris,1
Polytelis_alexandrae,4
Polytelis_anthopeplus,4
Polytelis_swainsonii,4
Polytmus_guainumbi,1
Polytmus_milleri,1
Polytmus_theresiae,1
Pomatorhinus_ferruginosus,3
Pomatorhinus_horsfieldii,3
Pomatorhinus_melanurus,2
Pomatorhinus_montanus,2
Pomatorhinus_musicus,3
Pomatorhinus_ochraceiceps,3
Pomatorhinus_phayrei,3
Pomatorhinus_ruficollis,2
Pomatorhinus_schisticeps,2
Pomatorhinus_superciliaris,3
Pomatostomus_halli,3
Pomatostomus_ruficeps,3
Pomatostomus_superciliosus,3
Pomatostomus_temporalis,3
Pongo_abelii,4
Pongo_pygmaeus,4
Pongo_tapanuliensis,4
Poodytes_albolimbatus,2
Poodytes_carteri,2
Poodytes_gramineus,2
Poodytes_punctatus,2
Pooecetes_gramineus,2
Poospiza_baeri,2
Poospiza_boliviana,2
Poospiza_garleppi,2
Poospiza_goeringi,2
Poospiza_hispaniolensis,2
Poospiza_nigrorufa,2
Poospiza_ornata,1
Poospiza_rubecula,2
Poospiza_rufosuperciliaris,2
Poospiza_whitii,2
Poospizopsis_caesar,1
Poospizopsis_hypocondria,1
Porcula_salvania,4
Poromera_fordii,2
Porphyrio_alleni,4
Porphyrio_flavirostris,4
Porphyrio_hochstetteri,4
Porphyrio_martinicus,4
Porphyrio_porphyrio,4
Porphyriops_melanops,3
Porphyrolaema_porphyrolaema,3
Porphyrospiza_caerulescens,1
Porthidium_arcosae,2
Porthidium_dunni,2
Porthidium_hespere,2
Porthidium_lansbergii,2
Porthidium_nasutum,2
Porthidium_ophryomegas,2
Porthidium_porrasi,2
Porthidium_volcanicum,2
Porthidium_yucatanicum,2
Porzana_albicollis,3
Porzana_carolina,3
Porzana_fasciata,3
Porzana_fluminea,3
Porzana_porzana,3
Porzana_spiloptera,3
Potamites_ecpleopus,1
Potamites_juruazensis,1
Potamites_montanicola,1
Potamites_ocellatus,1
Potamites_strangulatus,1
Potamochoerus_larvatus,4
Potamochoerus_porcus,4
Potamogale_velox,3
Potorous_gilbertii,4
Potorous_longipes,4
Potorous_tridactylus,4
Potos_flavus,4
Poyntonia_paludicola,1
Poyntonophrynus_beiranus,1
Poyntonophrynus_damaranus,1
Poyntonophrynus_dombensis,1
Poyntonophrynus_fenoulheti,1
Poyntonophrynus_grandisonae,1
Poyntonophrynus_hoeschi,1
Poyntonophrynus_kavangensis,1
Poyntonophrynus_lughensis,1
Poyntonophrynus_parkeri,1
Poyntonophrynus_vertebralis,1
Praeteropus_brevicollis,2
Praeteropus_gowi,2
Praomys_coetzeei,1
Praomys_daltoni,1
Praomys_degraaffi,1
Praomys_delectorum,1
Praomys_derooi,1
Praomys_hartwigi,1
Praomys_jacksoni,1
Praomys_lukolelae,1
Praomys_minor,1
Praomys_misonnei,1
Praomys_morio,1
Praomys_mutoni,1
Praomys_obscurus,1
Praomys_petteri,1
Praomys_rostratus,1
Praomys_tullbergi,1
Praomys_verschureni,1
Prasinohaema_flavipes,2
Prasinohaema_parkeri,2
Prasinohaema_prehensicauda,2
Prasinohaema_semoni,2
Prasinohaema_virens,2
Praslinia_cooperi,1
Premnoplex_brunnescens,1
Premnoplex_pariae,1
Premnoplex_tatei,1
Premnornis_guttuliger,1
Presbytis_bicolor,4
Presbytis_chrysomelas,4
Presbytis_comata,4
Presbytis_femoralis,4
Presbytis_frontata,4
Presbytis_hosei,4
Presbytis_melalophos,4
Presbytis_mitrata,4
Presbytis_natunae,4
Presbytis_potenziani,4
Presbytis_rubicunda,4
Presbytis_siamensis,4
Presbytis_siberu,4
Presbytis_sumatranus,4
Presbytis_thomasi,4
Primolius_auricollis,4
Primolius_couloni,4
Primolius_maracana,4
Prinia_atrogularis,1
Prinia_bairdii,1
Prinia_buchanani,1
Prinia_cinereocapilla,1
Prinia_crinigera,1
Prinia_erythroptera,1
Prinia_familiaris,1
Prinia_flavicans,1
Prinia_flaviventris,1
Prinia_fluviatilis,1
Prinia_gracilis,1
Prinia_hodgsonii,1
Prinia_hypoxantha,1
Prinia_inornata,1
Prinia_khasiana,1
Prinia_maculosa,1
Prinia_molleri,1
Prinia_polychroa,1
Prinia_rufescens,1
Prinia_rufifrons,1
Prinia_socialis,1
Prinia_somalica,1
Prinia_sonitans,1
Prinia_subflava,1
Prinia_superciliaris,1
Prinia_sylvatica,1
Priodontes_maximus,4
Prionailurus_bengalensis,4
Prionailurus_planiceps,4
Prionailurus_rubiginosus,4
Prionailurus_viverrinus,4
Prioniturus_discurus,4
Prioniturus_flavicans,4
Prioniturus_luconensis,4
Prioniturus_mada,4
Prioniturus_mindorensis,4
Prioniturus_montanus,4
Prioniturus_platenae,4
Prioniturus_platurus,4
Prioniturus_verticalis,4
Prioniturus_waterstradti,4
Prionochilus_maculatus,1
Prionochilus_olivaceus,1
Prionochilus_percussus,1
Prionochilus_plateni,1
Prionochilus_thoracicus,1
Prionochilus_xanthopygius,1
Prionodon_linsang,3
Prionodon_pardicolor,3
Prionodura_newtoniana,3
Prionops_alberti,2
Prionops_caniceps,2
Prionops_gabela,2
Prionops_plumatus,2
Prionops_poliolophus,2
Prionops_retzii,2
Prionops_rufiventris,2
Prionops_scopifrons,2
Priotelus_temnurus,3
Pristidactylus_achalensis,2
Pristidactylus_alvaroi,2
Pristidactylus_araucanus,2
Pristidactylus_casuhatiensis,2
Pristidactylus_fasciatus,2
Pristidactylus_nigroiugulus,2
Pristidactylus_scapulatus,2
Pristidactylus_torquatus,2
Pristidactylus_valeriae,2
Pristidactylus_volcanensis,2
Pristimantis_aaptus,1
Pristimantis_abakapa,1
Pristimantis_academicus,1
Pristimantis_acatallelus,1
Pristimantis_acerus,1
Pristimantis_achatinus,2
Pristimantis_actinolaimus,1
Pristimantis_actites,1
Pristimantis_acuminatus,1
Pristimantis_acutirostris,1
Pristimantis_adiastolus,1
Pristimantis_adnus,1
Pristimantis_aemulatus,1
Pristimantis_affinis,1
Pristimantis_afrox,1
Pristimantis_alalocophus,1
Pristimantis_albertus,1
Pristimantis_albujai,1
Pristimantis_allpapuyu,1
Pristimantis_almendariz,1
Pristimantis_altae,1
Pristimantis_altamazonicus,1
Pristimantis_altamnis,1
Pristimantis_ameliae,1
Pristimantis_amydrotus,1
Pristimantis_andinogigas,1
Pristimantis_andinognomus,2
Pristimantis_anemerus,1
Pristimantis_angustilineatus,1
Pristimantis_aniptopalmatus,1
Pristimantis_anolirex,1
Pristimantis_apiculatus,1
Pristimantis_appendiculatus,1
Pristimantis_aquilonaris,1
Pristimantis_ardalonychus,1
Pristimantis_ardyae,1
Pristimantis_ashaninka,1
Pristimantis_atillo,1
Pristimantis_atrabracus,1
Pristimantis_atratus,1
Pristimantis_attenboroughi,1
Pristimantis_aurantiguttatus,1
Pristimantis_aureolineatus,1
Pristimantis_aureoventris,1
Pristimantis_auricarens,1
Pristimantis_avicuporum,1
Pristimantis_avius,1
Pristimantis_bacchus,1
Pristimantis_baiotis,1
Pristimantis_balionotus,1
Pristimantis_bambu,1
Pristimantis_barrigai,1
Pristimantis_baryecuus,1
Pristimantis_batrachites,1
Pristimantis_bearsei,1
Pristimantis_bellae,1
Pristimantis_bellator,1
Pristimantis_bellona,1
Pristimantis_bicantus,1
Pristimantis_bicolor,1
Pristimantis_bicumulus,1
Pristimantis_bipunctatus,1
Pristimantis_boconoensis,1
Pristimantis_bogotensis,1
Pristimantis_boucephalus,1
Pristimantis_boulengeri,2
Pristimantis_bounides,1
Pristimantis_brevicrus,1
Pristimantis_brevifrons,1
Pristimantis_briceni,1
Pristimantis_bromeliaceus,1
Pristimantis_buccinator,1
Pristimantis_buckleyi,2
Pristimantis_buenaventura,1
Pristimantis_bustamante,1
Pristimantis_cabrerai,1
Pristimantis_cacao,1
Pristimantis_caeruleonotus,1
Pristimantis_cajamarcensis,1
Pristimantis_cajanuma,1
Pristimantis_calcaratus,1
Pristimantis_calcarulatus,1
Pristimantis_caniari,1
Pristimantis_cantitans,1
Pristimantis_capitonis,1
Pristimantis_caprifer,1
Pristimantis_carlosceroni,1
Pristimantis_carlossanchezi,1
Pristimantis_carranguerorum,1
Pristimantis_carvalhoi,1
Pristimantis_caryophyllaceus,2
Pristimantis_cedros,1
Pristimantis_celator,1
Pristimantis_cerasinus,1
Pristimantis_ceuthospilus,1
Pristimantis_chalceus,2
Pristimantis_charlottevillensis,1
Pristimantis_chiastonotus,1
Pristimantis_chimu,1
Pristimantis_chloronotus,2
Pristimantis_chocoensis,1
Pristimantis_chomskyi,1
Pristimantis_chrysops,1
Pristimantis_churuwiai,1
Pristimantis_cisnerosi,1
Pristimantis_citriogaster,1
Pristimantis_colodactylus,1
Pristimantis_colomai,1
Pristimantis_colonensis,1
Pristimantis_colostichos,1
Pristimantis_condor,1
Pristimantis_conservatio,1
Pristimantis_conspicillatus,2
Pristimantis_cordovae,1
Pristimantis_corniger,1
Pristimantis_coronatus,1
Pristimantis_corrugatus,1
Pristimantis_cosnipatae,1
Pristimantis_cremnobates,1
Pristimantis_crenunguis,1
Pristimantis_croceoinguinis,1
Pristimantis_crucifer,1
Pristimantis_cruciocularis,1
Pristimantis_cruentus,2
Pristimantis_cryophilius,1
Pristimantis_cryptomelas,1
Pristimantis_culatensis,1
Pristimantis_cuneirostris,1
Pristimantis_curtipes,1
Pristimantis_danae,1
Pristimantis_degener,1
Pristimantis_deinops,1
Pristimantis_delius,1
Pristimantis_dendrobatoides,1
Pristimantis_devillei,2
Pristimantis_deyi,1
Pristimantis_diadematus,1
Pristimantis_diaphonus,1
Pristimantis_diogenes,1
Pristimantis_dissimulatus,1
Pristimantis_divnae,1
Pristimantis_dorado,1
Pristimantis_dorsopictus,1
Pristimantis_duellmani,1
Pristimantis_duende,1
Pristimantis_dundeei,1
Pristimantis_ecuadorensis,1
Pristimantis_elegans,2
Pristimantis_enigmaticus,1
Pristimantis_epacrus,1
Pristimantis_eremitus,1
Pristimantis_eriphus,1
Pristimantis_ernesti,1
Pristimantis_erythropleura,1
Pristimantis_erythros,1
Pristimantis_esmeraldas,1
Pristimantis_espedeus,1
Pristimantis_eugeniae,1
Pristimantis_euphronides,1
Pristimantis_eurydactylus,2
Pristimantis_exoristus,1
Pristimantis_factiosus,1
Pristimantis_fallax,1
Pristimantis_farisorum,1
Pristimantis_fasciatus,1
Pristimantis_fenestratus,2
Pristimantis_festae,2
Pristimantis_fetosus,1
Pristimantis_flabellidiscus,1
Pristimantis_floridus,1
Pristimantis_frater,1
Pristimantis_gagliardoi,1
Pristimantis_gaigei,1
Pristimantis_galdi,1
Pristimantis_ganonotus,1
Pristimantis_geminus,1
Pristimantis_gentryi,1
Pristimantis_ginesi,1
Pristimantis_giorgii,1
Pristimantis_gladiator,2
Pristimantis_glandulosus,1
Pristimantis_gloria,1
Pristimantis_gracilis,1
Pristimantis_gralarias,1
Pristimantis_grandiceps,1
Pristimantis_gryllus,1
Pristimantis_guaiquinimensis,1
Pristimantis_gualacenio,1
Pristimantis_gutturalis,1
Pristimantis_hampatusami,1
Pristimantis_hectus,1
Pristimantis_helvolus,1
Pristimantis_hernandezi,1
Pristimantis_hoogmoedi,1
Pristimantis_huicundo,1
Pristimantis_humboldti,1
Pristimantis_hybotragus,1
Pristimantis_ignicolor,1
Pristimantis_iiap,1
Pristimantis_illotus,1
Pristimantis_imitatrix,1
Pristimantis_imthurni,1
Pristimantis_incanus,1
Pristimantis_incomptus,1
Pristimantis_infraguttatus,1
Pristimantis_inguinalis,1
Pristimantis_inusitatus,1
Pristimantis_ixalus,1
Pristimantis_jabonensis,1
Pristimantis_jaguensis,1
Pristimantis_jaimei,1
Pristimantis_jamescameroni,1
Pristimantis_jester,1
Pristimantis_jimenezi,1
Pristimantis_johannesdei,1
Pristimantis_jorgevelosai,1
Pristimantis_juanchoi,1
Pristimantis_jubatus,1
Pristimantis_kareliae,1
Pristimantis_katoptroides,1
Pristimantis_kelephus,1
Pristimantis_kichwarum,1
Pristimantis_kirklandi,1
Pristimantis_koehleri,1
Pristimantis_kuri,1
Pristimantis_labiosus,1
Pristimantis_lacrimosus,1
Pristimantis_lancinii,1
Pristimantis_lanthanites,1
Pristimantis_lasalleorum,1
Pristimantis_latericius,1
Pristimantis_laticlavius,1
Pristimantis_latidiscus,1
Pristimantis_latro,2
Pristimantis_lemur,1
Pristimantis_leoni,1
Pristimantis_leopardus,1
Pristimantis_leptolophus,1
Pristimantis_leucopus,1
Pristimantis_leucorrhinus,1
Pristimantis_librarius,1
Pristimantis_lichenoides,1
Pristimantis_limoncochensis,1
Pristimantis_lindae,1
Pristimantis_lirellus,1
Pristimantis_lividus,1
Pristimantis_llanganati,1
Pristimantis_llojsintuta,1
Pristimantis_longicorpus,1
Pristimantis_loujosti,1
Pristimantis_loustes,1
Pristimantis_lucasi,1
Pristimantis_lucidosignatus,1
Pristimantis_luscombei,1
Pristimantis_luteolateralis,1
Pristimantis_lutitus,1
Pristimantis_lutzae,1
Pristimantis_lymani,1
Pristimantis_lynchi,1
Pristimantis_lythrodes,1
Pristimantis_maculosus,1
Pristimantis_malkini,1
Pristimantis_mallii,1
Pristimantis_marahuaka,1
Pristimantis_marcoreyesi,1
Pristimantis_mariaelenae,1
Pristimantis_marmoratus,1
Pristimantis_mars,1
Pristimantis_martiae,1
Pristimantis_matidiktyo,1
Pristimantis_mazar,1
Pristimantis_medemi,1
Pristimantis_melanogaster,1
Pristimantis_melanoproctus,1
Pristimantis_memorans,1
Pristimantis_mendax,1
Pristimantis_meridionalis,1
Pristimantis_merostictus,1
Pristimantis_metabates,1
Pristimantis_miktos,1
Pristimantis_mindo,1
Pristimantis_minimus,1
Pristimantis_minutulus,1
Pristimantis_miyatai,1
Pristimantis_mnionaetes,1
Pristimantis_moa,1
Pristimantis_modipeplus,1
Pristimantis_molybrignus,1
Pristimantis_mondolfii,1
Pristimantis_moro,1
Pristimantis_muchimuk,1
Pristimantis_multicolor,1
Pristimantis_munozi,1
Pristimantis_muranunka,1
Pristimantis_muricatus,1
Pristimantis_muscosus,1
Pristimantis_museosus,1
Pristimantis_mutabilis,1
Pristimantis_myersi,1
Pristimantis_myops,1
Pristimantis_nangaritza,1
Pristimantis_nebulosus,1
Pristimantis_nephophilus,1
Pristimantis_nervicus,1
Pristimantis_nicefori,1
Pristimantis_nietoi,1
Pristimantis_nigrogriseus,1
Pristimantis_nimbus,1
Pristimantis_nubisilva,1
Pristimantis_nyctophylax,1
Pristimantis_obmutescens,1
Pristimantis_ocellatus,1
Pristimantis_ockendeni,1
Pristimantis_ocreatus,1
Pristimantis_olivaceus,1
Pristimantis_omeviridis,1
Pristimantis_onorei,1
Pristimantis_orcesi,1
Pristimantis_orcus,1
Pristimantis_orestes,1
Pristimantis_ornatissimus,1
Pristimantis_ornatus,1
Pristimantis_orpacobates,1
Pristimantis_orphnolaimus,1
Pristimantis_ortizi,1
Pristimantis_padiali,1
Pristimantis_pahuma,1
Pristimantis_paisa,1
Pristimantis_palmeri,1
Pristimantis_paquishae,1
Pristimantis_paramerus,1
Pristimantis_pardalinus,1
Pristimantis_pardalis,1
Pristimantis_parectatus,1
Pristimantis_pariagnomus,1
Pristimantis_parvillus,1
Pristimantis_pastazensis,1
Pristimantis_pataikos,1
Pristimantis_paulodutrai,1
Pristimantis_paululus,1
Pristimantis_pecki,1
Pristimantis_pedimontanus,1
Pristimantis_penelopus,1
Pristimantis_peraticus,1
Pristimantis_percnopterus,1
Pristimantis_percultus,1
Pristimantis_permixtus,1
Pristimantis_peruvianus,1
Pristimantis_petersi,1
Pristimantis_petrobardus,1
Pristimantis_phalaroinguinis,1
Pristimantis_phalarus,1
Pristimantis_pharangobates,1
Pristimantis_philipi,1
Pristimantis_phoxocephalus,1
Pristimantis_piceus,1
Pristimantis_pichincha,1
Pristimantis_pictus,1
Pristimantis_pinchaque,1
Pristimantis_pinguis,1
Pristimantis_pirrensis,1
Pristimantis_platychilus,1
Pristimantis_platydactylus,1
Pristimantis_pleurostriatus,1
Pristimantis_pluvialis,1
Pristimantis_pluvian,1
Pristimantis_polemistes,1
Pristimantis_polychrus,1
Pristimantis_prolatus,1
Pristimantis_proserpens,1
Pristimantis_pruinatus,1
Pristimantis_pseudoacuminatus,1
Pristimantis_pteridophilus,1
Pristimantis_ptochus,1
Pristimantis_pugnax,1
Pristimantis_puipui,1
Pristimantis_pulchridormientes,1
Pristimantis_pulvinatus,1
Pristimantis_punzan,1
Pristimantis_puruscafeum,1
Pristimantis_pycnodermis,1
Pristimantis_pyrrhomerus,1
Pristimantis_quantus,1
Pristimantis_quaquaversus,1
Pristimantis_quicato,1
Pristimantis_quinquagesimus,1
Pristimantis_racemus,1
Pristimantis_ramagii,1
Pristimantis_reclusus,1
Pristimantis_reichlei,1
Pristimantis_renjiforum,1
Pristimantis_repens,1
Pristimantis_restrepoi,1
Pristimantis_reticulatus,1
Pristimantis_rhabdocnemus,1
Pristimantis_rhabdolaemus,1
Pristimantis_rhigophilus,1
Pristimantis_rhodoplichus,1
Pristimantis_rhodostichus,1
Pristimantis_ridens,1
Pristimantis_rivasi,1
Pristimantis_riveroi,1
Pristimantis_riveti,1
Pristimantis_romanorum,1
Pristimantis_roni,1
Pristimantis_rosadoi,1
Pristimantis_roseus,1
Pristimantis_royi,1
Pristimantis_rozei,1
Pristimantis_rubicundus,1
Pristimantis_ruedai,1
Pristimantis_rufioculis,1
Pristimantis_rufoviridis,1
Pristimantis_sacharuna,1
Pristimantis_sagittulus,1
Pristimantis_salaputium,1
Pristimantis_saltissimus,1
Pristimantis_samaipatae,1
Pristimantis_sambalan,1
Pristimantis_sanguineus,1
Pristimantis_sarisarinama,1
Pristimantis_satagius,1
Pristimantis_saturninoi,1
Pristimantis_savagei,1
Pristimantis_schultei,1
Pristimantis_scitulus,1
Pristimantis_scoloblepharus,1
Pristimantis_scolodiscus,1
Pristimantis_scopaeus,1
Pristimantis_seorsus,1
Pristimantis_serendipitus,1
Pristimantis_shrevei,1
Pristimantis_signifer,1
Pristimantis_silverstonei,1
Pristimantis_simonbolivari,1
Pristimantis_simonsii,1
Pristimantis_simoteriscus,1
Pristimantis_simoterus,1
Pristimantis_siopelus,1
Pristimantis_sirnigeli,1
Pristimantis_skydmainos,1
Pristimantis_sobetes,1
Pristimantis_spectabilis,1
Pristimantis_spilogaster,1
Pristimantis_spinosus,1
Pristimantis_stenodiscus,1
Pristimantis_sternothylax,1
Pristimantis_stictoboubonus,1
Pristimantis_stictogaster,1
Pristimantis_stictus,1
Pristimantis_stipa,1
Pristimantis_subsigillatus,1
Pristimantis_suetus,1
Pristimantis_sulculus,1
Pristimantis_supernatis,1
Pristimantis_surdus,1
Pristimantis_susaguae,1
Pristimantis_taciturnus,1
Pristimantis_taeniatus,1
Pristimantis_tamsitti,1
Pristimantis_tantanti,1
Pristimantis_tanyrhynchus,1
Pristimantis_telefericus,1
Pristimantis_tenebrionis,1
Pristimantis_teslai,1
Pristimantis_thectopternus,1
Pristimantis_thyellus,1
Pristimantis_thymalopsoides,1
Pristimantis_thymelensis,1
Pristimantis_tiktik,1
Pristimantis_tinajillas,1
Pristimantis_tinguichaca,1
Pristimantis_toftae,1
Pristimantis_torrenticola,1
Pristimantis_torresi,1
Pristimantis_totoroi,1
Pristimantis_trachyblepharis,1
Pristimantis_tribulosus,1
Pristimantis_truebae,1
Pristimantis_tubernasus,1
Pristimantis_tungurahua,1
Pristimantis_turik,1
Pristimantis_turpinorum,1
Pristimantis_turumiquirensis,1
Pristimantis_uisae,1
Pristimantis_unistrigatus,1
Pristimantis_uranobates,1
Pristimantis_urichi,1
Pristimantis_vanadise,1
Pristimantis_variabilis,1
Pristimantis_veletis,1
Pristimantis_ventriguttatus,1
Pristimantis_ventrimarmoratus,1
Pristimantis_verecundus,1
Pristimantis_verrucolatus,1
Pristimantis_versicolor,1
Pristimantis_vertebralis,1
Pristimantis_vicarius,1
Pristimantis_vidua,1
Pristimantis_viejas,1
Pristimantis_vilarsi,1
Pristimantis_vilcabambae,1
Pristimantis_vinhai,1
Pristimantis_viridicans,1
Pristimantis_viridis,1
Pristimantis_w-nigrum,1
Pristimantis_wagteri,1
Pristimantis_walkeri,1
Pristimantis_waoranii,1
Pristimantis_wiensi,1
Pristimantis_xeniolum,1
Pristimantis_xestus,1
Pristimantis_xylochobates,1
Pristimantis_yanezi,1
Pristimantis_yantzaza,1
Pristimantis_yaviensis,1
Pristimantis_yukpa,1
Pristimantis_yumbo,1
Pristimantis_yuruaniensis,1
Pristimantis_yustizi,1
Pristimantis_zeuctotylus,1
Pristimantis_zimmermanae,1
Pristimantis_zoilae,1
Pristimantis_zophus,1
Pristurus_abdelkuri,1
Pristurus_adrarensis,1
Pristurus_ali,1
Pristurus_assareen,1
Pristurus_carteri,1
Pristurus_celerrimus,1
Pristurus_collaris,1
Pristurus_crucifer,1
Pristurus_flavipunctatus,1
Pristurus_gallagheri,1
Pristurus_guichardi,1
Pristurus_guweirensis,1
Pristurus_insignis,1
Pristurus_insignoides,1
Pristurus_longipes,1
Pristurus_masirahensis,1
Pristurus_mazbah,1
Pristurus_minimus,1
Pristurus_obsti,1
Pristurus_omanensis,1
Pristurus_ornithocephalus,1
Pristurus_phillipsii,1
Pristurus_popovi,1
Pristurus_rupestris,1
Pristurus_saada,1
Pristurus_samhaensis,1
Pristurus_schneideri,1
Pristurus_simonettai,1
Pristurus_sokotranus,1
Pristurus_somalicus,1
Proablepharus_reginae,2
Proablepharus_tenuis,2
Proahaetulla_antiqua,2
Proatheris_superciliaris,2
Probosciger_aterrimus,4
Probreviceps_durirostris,2
Probreviceps_loveridgei,2
Probreviceps_macrodactylus,2
Probreviceps_rhodesianus,2
Probreviceps_rungwensis,2
Probreviceps_uluguruensis,2
Procapra_gutturosa,4
Procapra_picticaudata,4
Procapra_przewalskii,4
Procarduelis_nipalensis,2
Procavia_capensis,4
Procellaria_aequinoctialis,4
Procellaria_cinerea,4
Procellaria_parkinsoni,4
Procellaria_westlandica,4
Procellosaurinus_erythrocercus,1
Procellosaurinus_tetradactylus,1
Proceratophrys_appendiculata,3
Proceratophrys_ararype,3
Proceratophrys_avelinoi,3
Proceratophrys_bagnoi,3
Proceratophrys_belzebul,3
Proceratophrys_bigibbosa,3
Proceratophrys_boiei,3
Proceratophrys_branti,3
Proceratophrys_brauni,3
Proceratophrys_carranca,3
Proceratophrys_concavitympanum,3
Proceratophrys_cristiceps,3
Proceratophrys_cururu,3
Proceratophrys_dibernardoi,3
Proceratophrys_gladius,3
Proceratophrys_goyana,3
Proceratophrys_huntingtoni,3
Proceratophrys_itamari,3
Proceratophrys_izecksohni,3
Proceratophrys_korekore,3
Proceratophrys_laticeps,3
Proceratophrys_mantiqueira,3
Proceratophrys_melanopogon,3
Proceratophrys_minuta,3
Proceratophrys_moehringi,3
Proceratophrys_moratoi,3
Proceratophrys_palustris,3
Proceratophrys_paviotii,3
Proceratophrys_phyllostomus,3
Proceratophrys_pombali,3
Proceratophrys_redacta,3
Proceratophrys_renalis,3
Proceratophrys_rondonae,3
Proceratophrys_rotundipalpebra,3
Proceratophrys_salvatori,3
Proceratophrys_sanctaritae,3
Proceratophrys_schirchi,3
Proceratophrys_strussmannae,3
Proceratophrys_subguttata,3
Proceratophrys_tupinamba,3
Proceratophrys_vielliardi,3
Procnias_albus,3
Procnias_averano,3
Procnias_nudicollis,3
Procnias_tricarunculatus,3
Procolobus_verus,4
Proctoporus_bolivianus,1
Proctoporus_carabaya,1
Proctoporus_chasqui,1
Proctoporus_guentheri,1
Proctoporus_iridescens,1
Proctoporus_kiziriani,1
Proctoporus_lacertus,1
Proctoporus_laudahnae,1
Proctoporus_oreades,1
Proctoporus_pachyurus,1
Proctoporus_spinalis,1
Proctoporus_sucullucu,1
Proctoporus_unsaacae,1
Proctoporus_xestus,1
Procyon_cancrivorus,4
Procyon_lotor,4
Procyon_pygmaeus,4
Prodotiscus_insignis,1
Prodotiscus_regulus,1
Prodotiscus_zambesiae,1
Proechimys_brevicauda,3
Proechimys_canicollis,3
Proechimys_chrysaeolus,3
Proechimys_cuvieri,3
Proechimys_decumanus,3
Proechimys_echinothrix,3
Proechimys_gardneri,3
Proechimys_goeldii,3
Proechimys_guairae,3
Proechimys_guyannensis,3
Proechimys_hoplomyoides,3
Proechimys_kulinae,3
Proechimys_longicaudatus,3
Proechimys_mincae,3
Proechimys_oconnelli,3
Proechimys_pattoni,3
Proechimys_quadruplicatus,3
Proechimys_roberti,3
Proechimys_semispinosus,3
Proechimys_simonsi,3
Proechimys_steerei,3
Proechimys_trinitatis,3
Proedromys_bedfordi,1
Proedromys_liangshanensis,1
Progne_chalybea,3
Progne_cryptoleuca,3
Progne_dominicensis,3
Progne_elegans,3
Progne_modesta,3
Progne_murphyi,3
Progne_sinaloae,3
Progne_subis,3
Progne_tapera,3
Prolemur_simus,4
Promerops_cafer,3
Promerops_gurneyi,3
Prometheomys_schaposchnikowi,2
Promops_centralis,3
Promops_davisoni,3
Pronolagus_crassicaudatus,4
Pronolagus_randensis,4
Pronolagus_rupestris,4
Pronolagus_saundersiae,4
Propithecus_candidus,4
Propithecus_coquereli,4
Propithecus_coronatus,4
Propithecus_deckenii,4
Propithecus_diadema,4
Propithecus_edwardsi,4
Propithecus_perrieri,4
Propithecus_tattersalli,4
Propithecus_verreauxi,4
Proscelotes_arnoldi,2
Proscelotes_eggeli,2
Prosciurillus_abstrusus,2
Prosciurillus_alstoni,2
Prosciurillus_leucomus,2
Prosciurillus_murinus,2
Prosciurillus_rosenbergii,2
Prosciurillus_topapuensis,2
Prosciurillus_weberi,2
Prosopeia_personata,4
Prosopeia_splendens,4
Prosopeia_tabuensis,4
Prosthemadera_novaeseelandiae,2
Prosymna_ambigua,2
Prosymna_angolensis,2
Prosymna_bivittata,2
Prosymna_frontalis,2
Prosymna_greigerti,2
Prosymna_janii,2
Prosymna_lineata,2
Prosymna_meleagris,2
Prosymna_ornatissima,2
Prosymna_pitmani,2
Prosymna_ruspolii,2
Prosymna_semifasciata,2
Prosymna_somalica,2
Prosymna_stuhlmanni,2
Prosymna_sundevalli,2
Prosymna_visseri,2
Proteles_cristata,4
Protobothrops_cornutus,2
Protobothrops_elegans,2
Protobothrops_flavoviridis,2
Protobothrops_himalayanus,2
Protobothrops_jerdonii,2
Protobothrops_kaulbacki,2
Protobothrops_mangshanensis,2
Protobothrops_maolanensis,2
Protobothrops_mucrosquamatus,2
Protobothrops_sieversorum,2
Protobothrops_tokarensis,2
Protobothrops_trungkhanhensis,2
Protobothrops_xiangchengensis,2
Protochromys_fellowsi,2
Protonotaria_citrea,1
Protoxerus_aubinnii,3
Protoxerus_stangeri,3
Prunella_atrogularis,2
Prunella_collaris,3
Prunella_fulvescens,2
Prunella_himalayana,2
Prunella_immaculata,3
Prunella_koslowi,2
Prunella_modularis,2
Prunella_montanella,2
Prunella_ocularis,2
Prunella_rubeculoides,2
Prunella_rubida,2
Prunella_strophiata,2
Psalidoprocne_albiceps,1
Psalidoprocne_fuliginosa,1
Psalidoprocne_nitens,1
Psalidoprocne_obscura,1
Psalidoprocne_pristoptera,1
Psaltria_exilis,1
Psaltriparus_minimus,1
Psammobates_tentorius,4
Psammodromus_algirus,2
Psammodromus_blanci,2
Psammodromus_edwarsianus,2
Psammodromus_hispanicus,2
Psammodromus_microdactylus,2
Psammodromus_occidentalis,2
Psammodynastes_pictus,2
Psammodynastes_pulverulentus,2
Psammomys_obesus,3
Psammomys_vexillaris,3
Psammophilus_blanfordanus,2
Psammophilus_dorsalis,2
Psammophis_aegyptius,2
Psammophis_angolensis,2
Psammophis_ansorgii,2
Psammophis_biseriatus,2
Psammophis_brevirostris,2
Psammophis_condanarus,2
Psammophis_crucifer,2
Psammophis_elegans,2
Psammophis_indochinensis,2
Psammophis_jallae,2
Psammophis_leightoni,2
Psammophis_leithii,2
Psammophis_leopardinus,2
Psammophis_lineatus,2
Psammophis_lineolatus,2
Psammophis_longifrons,2
Psammophis_mossambicus,2
Psammophis_notostictus,2
Psammophis_orientalis,2
Psammophis_phillipsi,2
Psammophis_praeornatus,2
Psammophis_pulcher,2
Psammophis_punctulatus,2
Psammophis_rukwae,2
Psammophis_schokari,2
Psammophis_sibilans,2
Psammophis_subtaeniatus,2
Psammophis_sudanensis,2
Psammophis_tanganicus,2
Psammophis_trigrammus,2
Psammophis_turpanensis,2
Psammophis_zambiensis,2
Psammophylax_ocellatus,2
Psammophylax_rhombeatus,2
Psammophylax_tritaeniatus,2
Psammophylax_variabilis,2
Psarisomus_dalhousiae,2
Psarocolius_angustifrons,4
Psarocolius_atrovirens,4
Psarocolius_bifasciatus,4
Psarocolius_cassini,4
Psarocolius_decumanus,4
Psarocolius_guatimozinus,4
Psarocolius_montezuma,4
Psarocolius_oleagineus,4
Psarocolius_viridis,4
Psarocolius_wagleri,4
Psarocolius_yuracares,4
Pselliophorus_luteoviridis,2
Pselliophorus_tibialis,2
Psephotellus_chrysopterygius,3
Psephotellus_dissimilis,3
Psephotellus_varius,3
Psephotus_haematonotus,3
Pseudacris_brachyphona,2
Pseudacris_brimleyi,2
Pseudacris_cadaverina,2
Pseudacris_clarkii,2
Pseudacris_collinsorum,2
Pseudacris_crucifer,2
Pseudacris_feriarum,2
Pseudacris_fouquettei,2
Pseudacris_hypochondriaca,2
Pseudacris_illinoensis,2
Pseudacris_kalmi,2
Pseudacris_maculata,2
Pseudacris_nigrita,2
Pseudacris_ocularis,2
Pseudacris_ornata,2
Pseudacris_regilla,2
Pseudacris_sierra,2
Pseudacris_streckeri,2
Pseudacris_triseriata,2
Pseudagkistrodon_rudis,2
Pseudalsophis_biserialis,2
Pseudalsophis_dorsalis,2
Pseudalsophis_elegans,2
Pseudalsophis_hoodensis,2
Pseudalsophis_occidentalis,2
Pseudalsophis_slevini,2
Pseudalsophis_steindachneri,2
Pseudantechinus_bilarni,1
Pseudantechinus_macdonnellensis,1
Pseudantechinus_mimulus,1
Pseudantechinus_ningbing,1
Pseudantechinus_roryi,1
Pseudantechinus_woolleyae,1
Pseudaspis_cana,2
Pseudasthenes_cactorum,2
Pseudasthenes_humicola,2
Pseudasthenes_patagonica,2
Pseudasthenes_steinbachi,2
Pseudastur_albicollis,4
Pseudastur_occidentalis,4
Pseudastur_polionotus,4
Pseudechis_australis,2
Pseudechis_butleri,2
Pseudechis_colletti,2
Pseudechis_guttatus,2
Pseudechis_pailsi,2
Pseudechis_papuanus,2
Pseudechis_porphyriacus,2
Pseudechis_rossignolii,2
Pseudechis_weigeli,2
Pseudelaenia_leucospodia,1
Pseudelaphe_flavirufa,2
Pseudemoia_baudini,2
Pseudemoia_cryodroma,2
Pseudemoia_entrecasteauxii,2
Pseudemoia_pagenstecheri,2
Pseudemoia_rawlinsoni,2
Pseudemoia_spenceri,2
Pseudeos_fuscata,4
Pseuderemias_brenneri,2
Pseuderemias_erythrosticta,2
Pseuderemias_mucronata,2
Pseuderemias_savagei,2
Pseuderemias_septemstriata,2
Pseuderemias_smithii,2
Pseuderemias_striatus,2
Pseudhirundo_griseopyga,1
Pseudhymenochirus_merlini,2
Pseudibis_davisoni,4
Pseudibis_papillosa,4
Pseudis_bolbodactyla,2
Pseudis_boliviana,2
Pseudis_caraya,2
Pseudis_cardosoi,2
Pseudis_fusca,2
Pseudis_laevis,2
Pseudis_limellum,2
Pseudis_minuta,2
Pseudis_paradoxa,2
Pseudis_platensis,2
Pseudis_tocantins,2
Pseudoacontias_angelorum,2
Pseudoacontias_menamainty,2
Pseudoacontias_unicolor,2
Pseudoberylmys_muongbangensis,1
Pseudobias_wardi,1
Pseudoboa_coronata,2
Pseudoboa_haasi,2
Pseudoboa_martinsi,2
Pseudoboa_neuwiedii,2
Pseudoboa_nigra,2
Pseudoboa_serrana,2
Pseudoboodon_abyssinicus,2
Pseudoboodon_boehmei,2
Pseudoboodon_gascae,2
Pseudoboodon_lemniscatus,2
Pseudoboodon_sandfordorum,2
Pseudobranchus_striatus,2
Pseudobulweria_aterrima,3
Pseudobulweria_becki,3
Pseudobulweria_macgillivrayi,3
Pseudobulweria_rostrata,3
Pseudocalotes_andamanensis,2
Pseudocalotes_baliomus,2
Pseudocalotes_brevipes,2
Pseudocalotes_cybelidermus,2
Pseudocalotes_dringi,2
Pseudocalotes_drogon,2
Pseudocalotes_flavigula,2
Pseudocalotes_floweri,2
Pseudocalotes_guttalineatus,2
Pseudocalotes_kakhienensis,2
Pseudocalotes_khaonanensis,2
Pseudocalotes_kingdonwardi,2
Pseudocalotes_larutensis,2
Pseudocalotes_microlepis,2
Pseudocalotes_poilani,2
Pseudocalotes_rhaegal,2
Pseudocalotes_rhammanotus,2
Pseudocalotes_saravacensis,2
Pseudocalotes_tympanistriga,2
Pseudocalotes_viserion,2
Pseudocalotes_ziegleri,2
Pseudocalyptomena_graueri,2
Pseudoceramodactylus_khobarensis,2
Pseudocerastes_fieldi,2
Pseudocerastes_persicus,2
Pseudocerastes_urarachnoides,2
Pseudocheirus_occidentalis,3
Pseudocheirus_peregrinus,3
Pseudochelidon_eurystomina,3
Pseudochirops_albertisii,4
Pseudochirops_archeri,4
Pseudochirops_corinnae,4
Pseudochirops_coronatus,4
Pseudochirops_cupreus,4
Pseudochirulus_canescens,3
Pseudochirulus_caroli,3
Pseudochirulus_cinereus,3
Pseudochirulus_forbesi,3
Pseudochirulus_herbertensis,3
Pseudochirulus_larvatus,3
Pseudochirulus_mayeri,3
Pseudochirulus_schlegeli,3
Pseudocolaptes_boissonneauii,3
Pseudocolaptes_johnsoni,3
Pseudocolaptes_lawrencii,3
Pseudocolopteryx_acutipennis,1
Pseudocolopteryx_citreola,1
Pseudocolopteryx_dinelliana,1
Pseudocolopteryx_flaviventris,1
Pseudocolopteryx_sclateri,1
Pseudocophotis_kontumensis,2
Pseudocophotis_sumatrana,2
Pseudocordylus_langi,2
Pseudocordylus_melanotus,2
Pseudocordylus_microlepidotus,2
Pseudocordylus_spinosus,2
Pseudocordylus_transvaalensis,2
Pseudoeryx_plicatilis,2
Pseudoeryx_relictualis,2
Pseudoeurycea_ahuitzotl,2
Pseudoeurycea_altamontana,2
Pseudoeurycea_amuzga,2
Pseudoeurycea_aurantia,2
Pseudoeurycea_cochranae,2
Pseudoeurycea_conanti,2
Pseudoeurycea_firscheini,2
Pseudoeurycea_gadovii,2
Pseudoeurycea_goebeli,2
Pseudoeurycea_juarezi,2
Pseudoeurycea_kuautli,2
Pseudoeurycea_leprosa,2
Pseudoeurycea_lineola,2
Pseudoeurycea_longicauda,2
Pseudoeurycea_lynchi,2
Pseudoeurycea_melanomolga,2
Pseudoeurycea_mixcoatl,2
Pseudoeurycea_mixteca,2
Pseudoeurycea_mystax,2
Pseudoeurycea_nigromaculata,2
Pseudoeurycea_obesa,2
Pseudoeurycea_orchileucos,2
Pseudoeurycea_orchimelas,2
Pseudoeurycea_papenfussi,2
Pseudoeurycea_rex,2
Pseudoeurycea_robertsi,2
Pseudoeurycea_ruficauda,2
Pseudoeurycea_saltator,2
Pseudoeurycea_smithi,2
Pseudoeurycea_tenchalli,2
Pseudoeurycea_tlahcuiloh,2
Pseudoeurycea_tlilicxitl,2
Pseudoeurycea_werleri,2
Pseudoficimia_frontalis,2
Pseudogekko_atiorum,2
Pseudogekko_brevipes,2
Pseudogekko_chavacano,2
Pseudogekko_compresicorpus,2
Pseudogekko_ditoy,2
Pseudogekko_hungkag,2
Pseudogekko_isapa,2
Pseudogekko_pungkaypinit,2
Pseudogekko_smaragdinus,2
Pseudogekko_sumiklab,2
Pseudogonatodes_barbouri,1
Pseudogonatodes_furvus,1
Pseudogonatodes_gasconi,1
Pseudogonatodes_guianensis,1
Pseudogonatodes_lunulatus,1
Pseudogonatodes_manessi,1
Pseudogonatodes_peruvianus,1
Pseudohaje_goldii,2
Pseudohaje_nigra,2
Pseudohydromys_berniceae,1
Pseudohydromys_carlae,1
Pseudohydromys_eleanorae,1
Pseudohydromys_ellermani,1
Pseudohydromys_fuscus,1
Pseudohydromys_germani,1
Pseudohydromys_murinus,1
Pseudohydromys_musseri,1
Pseudohydromys_occidentalis,1
Pseudohydromys_patriciae,1
Pseudohydromys_pumehanae,1
Pseudohydromys_sandrae,1
Pseudohynobius_flavomaculatus,2
Pseudohynobius_guizhouensis,2
Pseudohynobius_jinfo,2
Pseudohynobius_kuankuoshuiensis,2
Pseudohynobius_puxiongensis,2
Pseudohynobius_shuichengensis,2
Pseudois_nayaur,4
Pseudoleistes_guirahuro,3
Pseudoleistes_virescens,3
Pseudoleptodeira_latifasciata,2
Pseudomys_albocinereus,1
Pseudomys_apodemoides,1
Pseudomys_australis,1
Pseudomys_bolami,1
Pseudomys_calabyi,1
Pseudomys_chapmani,1
Pseudomys_delicatulus,1
Pseudomys_desertor,1
Pseudomys_fieldi,1
Pseudomys_fumeus,1
Pseudomys_gracilicaudatus,1
Pseudomys_hermannsburgensis,1
Pseudomys_higginsi,1
Pseudomys_johnsoni,1
Pseudomys_nanus,1
Pseudomys_novaehollandiae,1
Pseudomys_occidentalis,1
Pseudomys_oralis,1
Pseudomys_patrius,1
Pseudomys_pilligaensis,1
Pseudomys_shortridgei,1
Pseudonaja_affinis,2
Pseudonaja_aspidorhyncha,2
Pseudonaja_guttata,2
Pseudonaja_inframacula,2
Pseudonaja_ingrami,2
Pseudonaja_mengdeni,2
Pseudonaja_modesta,2
Pseudonaja_nuchalis,2
Pseudonaja_textilis,2
Pseudonestor_xanthophrys,2
Pseudonigrita_arnaudi,2
Pseudonigrita_cabanisi,2
Pseudopaludicola_ameghini,2
Pseudopaludicola_atragula,2
Pseudopaludicola_boliviana,2
Pseudopaludicola_canga,2
Pseudopaludicola_ceratophyes,2
Pseudopaludicola_coracoralinae,2
Pseudopaludicola_facureae,2
Pseudopaludicola_falcipes,2
Pseudopaludicola_florencei,2
Pseudopaludicola_giarettai,2
Pseudopaludicola_hyleaustralis,2
Pseudopaludicola_ibisoroca,2
Pseudopaludicola_jaredi,2
Pseudopaludicola_jazmynmcdonaldae,2
Pseudopaludicola_llanera,2
Pseudopaludicola_matuta,2
Pseudopaludicola_mineira,2
Pseudopaludicola_motorzinho,2
Pseudopaludicola_murundu,2
Pseudopaludicola_mystacalis,2
Pseudopaludicola_pocoto,2
Pseudopaludicola_pusilla,2
Pseudopaludicola_restinga,2
Pseudopaludicola_saltica,2
Pseudopaludicola_ternetzi,2
Pseudophilautus_abundus,2
Pseudophilautus_alto,2
Pseudophilautus_amboli,2
Pseudophilautus_asankai,2
Pseudophilautus_auratus,2
Pseudophilautus_bambaradeniyai,2
Pseudophilautus_caeruleus,2
Pseudophilautus_cavirostris,2
Pseudophilautus_conniffae,2
Pseudophilautus_cuspis,2
Pseudophilautus_dayawansai,2
Pseudophilautus_decoris,2
Pseudophilautus_femoralis,2
Pseudophilautus_fergusonianus,2
Pseudophilautus_folicola,2
Pseudophilautus_frankenbergi,2
Pseudophilautus_fulvus,2
Pseudophilautus_hankeni,2
Pseudophilautus_hypomelas,2
Pseudophilautus_jagathgunawardanai,2
Pseudophilautus_kani,2
Pseudophilautus_karunarathnai,2
Pseudophilautus_limbus,2
Pseudophilautus_lunatus,2
Pseudophilautus_macropus,2
Pseudophilautus_microtympanum,2
Pseudophilautus_mittermeieri,2
Pseudophilautus_mooreorum,2
Pseudophilautus_nemus,2
Pseudophilautus_newtonjayawardanei,2
Pseudophilautus_ocularis,2
Pseudophilautus_pleurotaenia,2
Pseudophilautus_poppiae,2
Pseudophilautus_popularis,2
Pseudophilautus_puranappu,2
Pseudophilautus_regius,2
Pseudophilautus_reticulatus,2
Pseudophilautus_rus,2
Pseudophilautus_samarakoon,2
Pseudophilautus_sarasinorum,2
Pseudophilautus_schmarda,2
Pseudophilautus_schneideri,2
Pseudophilautus_semiruber,2
Pseudophilautus_simba,2
Pseudophilautus_singu,2
Pseudophilautus_sirilwijesundarai,2
Pseudophilautus_sordidus,2
Pseudophilautus_steineri,2
Pseudophilautus_stellatus,2
Pseudophilautus_stictomerus,2
Pseudophilautus_stuarti,2
Pseudophilautus_tanu,2
Pseudophilautus_viridis,2
Pseudophilautus_wynaadensis,2
Pseudophilautus_zorro,2
Pseudophryne_australis,1
Pseudophryne_bibronii,1
Pseudophryne_coriacea,1
Pseudophryne_corroboree,1
Pseudophryne_covacevichae,1
Pseudophryne_dendyi,1
Pseudophryne_douglasi,1
Pseudophryne_guentheri,1
Pseudophryne_major,1
Pseudophryne_occidentalis,1
Pseudophryne_pengilleyi,1
Pseudophryne_raveni,1
Pseudophryne_robinsoni,1
Pseudophryne_semimarmorata,1
Pseudopipra_pipra,1
Pseudoplectrurus_canaricus,1
Pseudopodoces_humilis,2
Pseudopus_apodus,2
Pseudorabdion_albonuchalis,1
Pseudorabdion_ater,1
Pseudorabdion_collaris,1
Pseudorabdion_eiselti,1
Pseudorabdion_longiceps,1
Pseudorabdion_mcnamarae,1
Pseudorabdion_montanum,1
Pseudorabdion_oxycephalum,1
Pseudorabdion_sarasinorum,1
Pseudorabdion_saravacense,1
Pseudorabdion_talonuran,1
Pseudorabdion_taylori,1
Pseudorabdion_torquatum,1
Pseudorana_weiningensis,3
Pseudorectes_ferrugineus,3
Pseudorectes_incertus,3
Pseudoryx_nghetinhensis,4
Pseudoryzomys_simplex,2
Pseudosaltator_rufiventris,3
Pseudoscops_grammicus,4
Pseudoseisura_cristata,3
Pseudoseisura_gutturalis,3
Pseudoseisura_lophotes,3
Pseudoseisura_unirufa,3
Pseudospingus_verticalis,2
Pseudospingus_xanthophthalmus,2
Pseudothecadactylus_australis,2
Pseudothecadactylus_cavaticus,2
Pseudothecadactylus_lindneri,2
Pseudotrapelus_chlodnickii,2
Pseudotrapelus_dhofarensis,2
Pseudotrapelus_sinaitus,2
Pseudotriccus_pelzelni,1
Pseudotriccus_ruficeps,1
Pseudotriccus_simplex,1
Pseudotriton_diastictus,3
Pseudotriton_montanus,3
Pseudotriton_ruber,3
Pseudoxenodon_bambusicola,2
Pseudoxenodon_baramensis,2
Pseudoxenodon_inornatus,2
Pseudoxenodon_jacobsonii,2
Pseudoxenodon_karlschmidti,2
Pseudoxenodon_macrops,2
Pseudoxenodon_stejnegeri,2
Pseudoxyrhopus_ambreensis,2
Pseudoxyrhopus_analabe,2
Pseudoxyrhopus_ankafinaensis,2
Pseudoxyrhopus_heterurus,2
Pseudoxyrhopus_imerinae,2
Pseudoxyrhopus_kely,2
Pseudoxyrhopus_microps,2
Pseudoxyrhopus_oblectator,2
Pseudoxyrhopus_quinquelineatus,2
Pseudoxyrhopus_sokosoko,2
Pseudoxyrhopus_tritaeniatus,2
Psilopogon_annamensis,3
Psilopogon_armillaris,3
Psilopogon_asiaticus,3
Psilopogon_auricularis,3
Psilopogon_australis,3
Psilopogon_chersonesus,3
Psilopogon_chrysopogon,3
Psilopogon_corvinus,3
Psilopogon_cyanotis,3
Psilopogon_duvaucelii,3
Psilopogon_eximius,3
Psilopogon_faber,2
Psilopogon_faiostrictus,3
Psilopogon_flavifrons,3
Psilopogon_franklinii,3
Psilopogon_haemacephalus,3
Psilopogon_henricii,3
Psilopogon_incognitus,3
Psilopogon_javensis,3
Psilopogon_lagrandieri,3
Psilopogon_lineatus,3
Psilopogon_malabaricus,3
Psilopogon_monticola,3
Psilopogon_mystacophanos,3
Psilopogon_nuchalis,3
Psilopogon_oorti,3
Psilopogon_pulcherrimus,2
Psilopogon_pyrolophus,4
Psilopogon_rafflesii,3
Psilopogon_rubricapillus,2
Psilopogon_virens,4
Psilopogon_viridis,3
Psilopogon_zeylanicus,4
Psilops_paeminosus,1
Psilopsiagon_aurifrons,3
Psilopsiagon_aymara,3
Psilorhamphus_guttatus,2
Psiloscops_flammeolus,4
Psittacara_acuticaudatus,4
Psittacara_chloropterus,4
Psittacara_erythrogenys,4
Psittacara_euops,4
Psittacara_finschi,4
Psittacara_frontatus,4
Psittacara_holochlorus,4
Psittacara_leucophthalmus,4
Psittacara_mitratus,4
Psittacara_rubritorquis,4
Psittacara_wagleri,4
Psittacella_brehmii,3
Psittacella_lorentzi,3
Psittacella_madaraszi,3
Psittacella_modesta,3
Psittacella_picta,3
Psittacula_alexandri,4
Psittacula_calthrapae,3
Psittacula_caniceps,3
Psittacula_columboides,3
Psittacula_cyanocephala,3
Psittacula_derbiana,4
Psittacula_eques,3
Psittacula_eupatria,4
Psittacula_finschii,3
Psittacula_himalayana,3
Psittacula_krameri,4
Psittacula_longicauda,3
Psittacula_roseata,3
Psittaculirostris_cervicalis,4
Psittaculirostris_desmarestii,4
Psittaculirostris_edwardsii,3
Psittaculirostris_godmani,3
Psittaculirostris_salvadorii,4
Psittacus_erithacus,4
Psittacus_timneh,4
Psitteuteles_goldiei,3
Psitteuteles_iris,3
Psitteuteles_versicolor,3
Psittinus_abbotti,3
Psittinus_cyanurus,3
Psittiparus_bakeri,3
Psittiparus_gularis,3
Psittiparus_margaritae,2
Psittiparus_ruficeps,2
Psittirostra_psittacea,3
Psittrichas_fulgidus,4
Psomophis_genimaculatus,2
Psomophis_joberti,2
Psomophis_obtusus,2
Psophia_crepitans,4
Psophia_dextralis,4
Psophia_leucoptera,4
Psophia_obscura,4
Psophia_ochroptera,4
Psophia_viridis,4
Psophocichla_litsitsirupa,3
Psophocichla_simensis,3
Psophodes_cristatus,3
Psophodes_nigrogularis,3
Psophodes_occidentalis,3
Psophodes_olivaceus,3
Psychosaura_agmosticha,2
Psychosaura_macrorhyncha,2
Ptenochirus_jagori,4
Ptenochirus_minor,4
Ptenopus_carpi,2
Ptenopus_garrulus,2
Ptenopus_kochi,2
Pteralopex_anceps,4
Pteralopex_atrata,4
Pteralopex_flanneryi,4
Pteralopex_pulchra,4
Pteralopex_taki,4
Pteridophora_alberti,3
Pternistis_adspersus,4
Pternistis_afer,4
Pternistis_ahantensis,4
Pternistis_atrifrons,4
Pternistis_bicalcaratus,4
Pternistis_camerunensis,4
Pternistis_capensis,4
Pternistis_castaneicollis,4
Pternistis_clappertoni,4
Pternistis_erckelii,4
Pternistis_griseostriatus,4
Pternistis_hartlaubi,4
Pternistis_harwoodi,4
Pternistis_hildebrandti,4
Pternistis_icterorhynchus,4
Pternistis_jacksoni,4
Pternistis_leucoscepus,4
Pternistis_natalensis,4
Pternistis_nobilis,4
Pternistis_ochropectus,4
Pternistis_rufopictus,4
Pternistis_squamatus,4
Pternistis_swainsonii,4
Pternistis_swierstrai,4
Pterocles_alchata,4
Pterocles_bicinctus,4
Pterocles_burchelli,4
Pterocles_coronatus,4
Pterocles_decoratus,4
Pterocles_exustus,4
Pterocles_gutturalis,4
Pterocles_indicus,4
Pterocles_lichtensteinii,4
Pterocles_namaqua,4
Pterocles_orientalis,4
Pterocles_personatus,4
Pterocles_quadricinctus,4
Pterocles_senegallus,4
Pterodroma_alba,4
Pterodroma_arminjoniana,4
Pterodroma_axillaris,4
Pterodroma_baraui,4
Pterodroma_brevipes,4
Pterodroma_caribbaea,4
Pterodroma_cervicalis,4
Pterodroma_cookii,4
Pterodroma_deserta,4
Pterodroma_externa,4
Pterodroma_feae,4
Pterodroma_hasitata,4
Pterodroma_heraldica,4
Pterodroma_incerta,4
Pterodroma_inexpectata,4
Pterodroma_lessonii,4
Pterodroma_leucoptera,4
Pterodroma_longirostris,4
Pterodroma_madeira,4
Pterodroma_magentae,4
Pterodroma_nigripennis,4
Pterodroma_phaeopygia,4
Pterodroma_pycrofti,4
Pterodroma_sandwichensis,4
Pterodroma_ultima,4
Pteroglossus_aracari,3
Pteroglossus_azara,4
Pteroglossus_bailloni,4
Pteroglossus_beauharnaisii,4
Pteroglossus_bitorquatus,4
Pteroglossus_castanotis,4
Pteroglossus_erythropygius,4
Pteroglossus_frantzii,4
Pteroglossus_humboldti,4
Pteroglossus_inscriptus,3
Pteroglossus_pluricinctus,4
Pteroglossus_sanguineus,4
Pteroglossus_sturmii,4
Pteroglossus_torquatus,4
Pteroglossus_viridis,4
Pteromys_momonga,3
Pteromys_volans,3
Pteromyscus_pulverulentus,2
Pteronetta_hartlaubii,4
Pteronotus_davyi,2
Pteronotus_gymnonotus,2
Pteronotus_mesoamericanus,2
Pteronotus_paraguanensis,2
Pteronotus_parnellii,2
Pteronotus_personatus,2
Pteronotus_rubiginosus,2
Pteronura_brasiliensis,4
Pterophanes_cyanopterus,1
Pteroptochos_castaneus,4
Pteroptochos_megapodius,4
Pteroptochos_tarnii,4
Pteropus_admiralitatum,4
Pteropus_aldabrensis,4
Pteropus_alecto,4
Pteropus_anetianus,4
Pteropus_caniceps,4
Pteropus_capistratus,4
Pteropus_chrysoproctus,4
Pteropus_cognatus,4
Pteropus_conspicillatus,4
Pteropus_dasymallus,4
Pteropus_faunulus,4
Pteropus_fundatus,4
Pteropus_giganteus,4
Pteropus_gilliardorum,4
Pteropus_griseus,4
Pteropus_hypomelanus,4
Pteropus_intermedius,4
Pteropus_leucopterus,4
Pteropus_livingstonii,4
Pteropus_lombocensis,4
Pteropus_lylei,4
Pteropus_macrotis,4
Pteropus_mahaganus,4
Pteropus_melanopogon,4
Pteropus_melanotus,4
Pteropus_neohibernicus,4
Pteropus_niger,4
Pteropus_nitendiensis,4
Pteropus_ocularis,4
Pteropus_ornatus,4
Pteropus_pelewensis,4
Pteropus_personatus,4
Pteropus_pohlei,4
Pteropus_poliocephalus,4
Pteropus_pumilus,4
Pteropus_rayneri,4
Pteropus_rennelli,4
Pteropus_rufus,4
Pteropus_samoensis,4
Pteropus_scapulatus,4
Pteropus_seychellensis,4
Pteropus_speciosus,4
Pteropus_temminckii,4
Pteropus_tonganus,4
Pteropus_vampyrus,4
Pteropus_vetulus,4
Pteropus_voeltzkowi,4
Pteropus_woodfordi,4
Pterorana_khare,3
Pteruthius_aenobarbus,2
Pteruthius_aeralatus,2
Pteruthius_flaviscapis,2
Pteruthius_melanotis,2
Pteruthius_rufiventer,2
Pteruthius_xanthochlorus,2
Ptilinopus_alligator,4
Ptilinopus_arcanus,3
Ptilinopus_aurantiifrons,3
Ptilinopus_cinctus,4
Ptilinopus_coronulatus,3
Ptilinopus_dohertyi,4
Ptilinopus_eugeniae,4
Ptilinopus_gestroi,3
Ptilinopus_granulifrons,3
Ptilinopus_greyi,3
Ptilinopus_hyogastrus,3
Ptilinopus_insolitus,3
Ptilinopus_iozonus,3
Ptilinopus_melanospilus,3
Ptilinopus_monacha,3
Ptilinopus_nainus,2
Ptilinopus_ornatus,3
Ptilinopus_pelewensis,4
Ptilinopus_perlatus,3
Ptilinopus_perousii,4
Ptilinopus_porphyraceus,4
Ptilinopus_porphyreus,3
Ptilinopus_pulchellus,3
Ptilinopus_regina,4
Ptilinopus_richardsii,3
Ptilinopus_rivoli,3
Ptilinopus_solomonensis,3
Ptilinopus_speciosus,3
Ptilinopus_superbus,3
Ptilinopus_tannensis,4
Ptilinopus_temminckii,4
Ptilinopus_viridis,3
Ptilinopus_wallacii,3
Ptiliogonys_caudatus,2
Ptiliogonys_cinereus,3
Ptilocercus_lowii,2
Ptilocichla_falcata,2
Ptilocichla_leucogrammica,2
Ptilocichla_mindanensis,2
Ptilonorhynchus_violaceus,4
Ptilopachus_nahani,3
Ptilopachus_petrosus,3
Ptiloprora_erythropleura,2
Ptiloprora_guisei,2
Ptiloprora_mayri,2
Ptiloprora_meekiana,2
Ptiloprora_perstriata,2
Ptiloprora_plumbea,2
Ptilopsis_granti,4
Ptilopsis_leucotis,4
Ptilorrhoa_caerulescens,3
Ptilorrhoa_castanonota,3
Ptilorrhoa_geislerorum,3
Ptilorrhoa_leucosticta,3
Ptilostomus_afer,3
Ptilotula_flavescens,2
Ptilotula_fusca,2
Ptilotula_keartlandi,1
Ptilotula_ornata,1
Ptilotula_penicillata,2
Ptilotula_plumula,1
Ptiloxena_atroviolacea,3
Ptyas_carinata,2
Ptyas_dhumnades,2
Ptyas_dipsas,2
Ptyas_doriae,2
Ptyas_fusca,2
Ptyas_herminae,2
Ptyas_korros,2
Ptyas_luzonensis,2
Ptyas_major,2
Ptyas_mucosa,2
Ptyas_multicinctus,2
Ptyas_nigromarginata,2
Ptyas_semicarinatus,2
Ptychadena_aequiplicata,3
Ptychadena_anchietae,3
Ptychadena_ansorgii,3
Ptychadena_arnei,3
Ptychadena_bibroni,3
Ptychadena_boettgeri,3
Ptychadena_broadleyi,3
Ptychadena_bunoderma,3
Ptychadena_christyi,3
Ptychadena_chrysogaster,3
Ptychadena_cooperi,3
Ptychadena_erlangeri,3
Ptychadena_filwoha,3
Ptychadena_gansi,3
Ptychadena_grandisonae,3
Ptychadena_guibei,3
Ptychadena_harenna,3
Ptychadena_ingeri,3
Ptychadena_keilingi,3
Ptychadena_longirostris,3
Ptychadena_mahnerti,3
Ptychadena_mapacha,3
Ptychadena_mascareniensis,3
Ptychadena_mossambica,3
Ptychadena_nana,3
Ptychadena_neumanni,3
Ptychadena_newtoni,3
Ptychadena_nilotica,3
Ptychadena_obscura,3
Ptychadena_oxyrhynchus,3
Ptychadena_perplicata,3
Ptychadena_perreti,3
Ptychadena_porosissima,3
Ptychadena_pujoli,3
Ptychadena_pumilio,3
Ptychadena_retropunctata,3
Ptychadena_schillukorum,3
Ptychadena_stenocephala,3
Ptychadena_straeleni,3
Ptychadena_submascareniensis,3
Ptychadena_subpunctata,3
Ptychadena_superciliaris,3
Ptychadena_taenioscelis,3
Ptychadena_tellinii,3
Ptychadena_tournieri,3
Ptychadena_trinodis,3
Ptychadena_upembae,3
Ptychadena_uzungwensis,3
Ptychadena_wadei,3
Ptychohyla_dendrophasma,2
Ptychohyla_euthysanota,2
Ptychohyla_hypomykter,2
Ptychohyla_leonhardschultzei,2
Ptychohyla_macrotympanum,2
Ptychohyla_zophodes,2
Ptychophis_flavovirgatus,2
Ptyctolaemus_collicristatus,2
Ptyctolaemus_gularis,2
Ptyodactylus_guttatus,2
Ptyodactylus_hasselquistii,2
Ptyodactylus_homolepis,2
Ptyodactylus_orlovi,2
Ptyodactylus_oudrii,2
Ptyodactylus_puiseuxi,2
Ptyodactylus_ragazzii,2
Ptyodactylus_ruusaljibalicus,2
Ptyodactylus_siphonorhina,2
Ptyonoprogne_concolor,2
Ptyonoprogne_fuligula,2
Ptyonoprogne_obsoleta,2
Ptyonoprogne_rufigula,2
Ptyonoprogne_rupestris,2
Pucrasia_macrolopha,4
Pudu_mephistophiles,4
Pudu_puda,4
Puffinus_assimilis,4
Puffinus_auricularis,4
Puffinus_elegans,4
Puffinus_heinrothi,3
Puffinus_huttoni,4
Puffinus_nativitatis,4
Puffinus_newelli,4
Puffinus_opisthomelas,4
Puffinus_yelkouan,4
Pulchrana_banjarana,3
Pulchrana_baramica,3
Pulchrana_centropeninsularis,3
Pulchrana_debussyi,3
Pulchrana_glandulosa,3
Pulchrana_grandocula,4
Pulchrana_guttmani,3
Pulchrana_laterimaculata,3
Pulchrana_mangyanum,3
Pulchrana_melanomenta,3
Pulchrana_moellendorffi,3
Pulchrana_picturata,3
Pulchrana_rawa,3
Pulchrana_siberu,3
Pulchrana_signata,3
Pulchrana_similis,3
Pulsatrix_koeniswaldiana,4
Pulsatrix_melanota,4
Pulsatrix_perspicillata,4
Puma_concolor,4
Punomys_kofordi,2
Punomys_lemminus,2
Purnella_albifrons,1
Purpureicephalus_spurius,4
Pycnonotus_aurigaster,2
Pycnonotus_barbatus,3
Pycnonotus_bimaculatus,3
Pycnonotus_blanfordi,2
Pycnonotus_brunneus,2
Pycnonotus_cafer,3
Pycnonotus_capensis,3
Pycnonotus_cinereifrons,2
Pycnonotus_davisoni,2
Pycnonotus_finlaysoni,2
Pycnonotus_flavescens,2
Pycnonotus_goiavier,2
Pycnonotus_jocosus,2
Pycnonotus_leucogenys,2
Pycnonotus_leucops,2
Pycnonotus_leucotis,3
Pycnonotus_luteolus,2
Pycnonotus_nieuwenhuisii,2
Pycnonotus_nigricans,3
Pycnonotus_penicillatus,2
Pycnonotus_plumosus,3
Pycnonotus_pseudosimplex,2
Pycnonotus_simplex,2
Pycnonotus_sinensis,2
Pycnonotus_snouckaerti,2
Pycnonotus_taivanus,2
Pycnonotus_tympanistrigus,2
Pycnonotus_xantholaemus,2
Pycnonotus_xanthopygos,3
Pycnonotus_xanthorrhous,2
Pycnonotus_zeylanicus,3
Pycnoptilus_floccosus,3
Pycnopygius_cinereus,2
Pycnopygius_ixoides,2
Pycnopygius_stictocephalus,3
Pygarrhichas_albogularis,2
Pygathrix_cinerea,4
Pygathrix_nemaeus,4
Pygathrix_nigripes,4
Pygeretmus_platyurus,2
Pygeretmus_pumilio,2
Pygeretmus_zhitkovi,2
Pygiptila_stellaris,2
Pygmaeascincus_koshlandae,2
Pygmaeascincus_sadlieri,2
Pygmaeascincus_timlowi,2
Pygochelidon_cyanoleuca,1
Pygochelidon_melanoleuca,1
Pygoderma_bilabiatum,3
Pygomeles_braconnieri,2
Pygomeles_petteri,2
Pygomeles_trivittatus,2
Pygopus_lepidopodus,2
Pygopus_nigriceps,2
Pygopus_robertsi,2
Pygopus_schraderi,2
Pygopus_steelescotti,2
Pygoscelis_papua,4
Pyrenestes_minor,2
Pyrenestes_ostrinus,2
Pyrenestes_sanguineus,2
Pyrgilauda_blanfordi,2
Pyrgilauda_davidiana,2
Pyrgilauda_ruficollis,2
Pyrgilauda_theresae,2
Pyriglena_atra,2
Pyriglena_leuconota,2
Pyriglena_leucoptera,2
Pyrilia_aurantiocephala,4
Pyrilia_barrabandi,4
Pyrilia_caica,4
Pyrilia_haematotis,4
Pyrilia_pulchra,4
Pyrilia_pyrilia,4
Pyrilia_vulturina,4
Pyrocephalus_nanus,1
Pyrocephalus_rubinus,1
Pyroderus_scutatus,4
Pyrrhocorax_graculus,4
Pyrrhocorax_pyrrhocorax,4
Pyrrholaemus_brunneus,1
Pyrrholaemus_sagittatus,1
Pyrrhomyias_cinnamomeus,1
Pyrrhoplectes_epauletta,2
Pyrrhula_aurantiaca,2
Pyrrhula_erythaca,2
Pyrrhula_erythrocephala,2
Pyrrhula_leucogenis,2
Pyrrhula_murina,2
Pyrrhula_nipalensis,2
Pyrrhula_pyrrhula,2
Pyrrhula_waterstradti,2
Pyrrhulagra_nigra,2
Pyrrhulagra_portoricensis,2
Pyrrhulagra_taylori,2
Pyrrhulagra_violacea,2
Pyrrhura_albipectus,3
Pyrrhura_amazonum,3
Pyrrhura_caeruleiceps,3
Pyrrhura_calliptera,3
Pyrrhura_chapmani,3
Pyrrhura_cruentata,3
Pyrrhura_devillei,3
Pyrrhura_egregia,3
Pyrrhura_eisenmanni,3
Pyrrhura_emma,3
Pyrrhura_frontalis,3
Pyrrhura_griseipectus,3
Pyrrhura_hoematotis,3
Pyrrhura_hoffmanni,3
Pyrrhura_lepida,3
Pyrrhura_leucotis,3
Pyrrhura_lucianii,3
Pyrrhura_melanura,3
Pyrrhura_molinae,3
Pyrrhura_orcesi,3
Pyrrhura_pacifica,3
Pyrrhura_parvifrons,3
Pyrrhura_perlata,3
Pyrrhura_peruviana,3
Pyrrhura_pfrimeri,3
Pyrrhura_picta,3
Pyrrhura_rhodocephala,3
Pyrrhura_roseifrons,3
Pyrrhura_rupicola,3
Pyrrhura_snethlageae,3
Pyrrhura_subandina,3
Pyrrhura_viridicata,3
Pyrrhurus_scandens,2
Pyrroglaux_podargina,3
Python_anchietae,4
Python_bivittatus,4
Python_breitensteini,4
Python_brongersmai,4
Python_curtus,4
Python_kyaiktiyo,4
Python_molurus,4
Python_natalensis,4
Python_regius,4
Python_sebae,4
Pythonodipsas_carinata,2
Pytilia_afra,2
Pytilia_hypogrammica,2
Pytilia_lineata,2
Pytilia_melba,2
Pytilia_phoenicoptera,2
Pyxicephalus_adspersus,4
Pyxicephalus_angusticeps,4
Pyxicephalus_edulis,4
Pyxicephalus_obbianus,4
Pyxis_arachnoides,4
Pyxis_planicauda,4
Qosqophryne_flammiventris,2
Qosqophryne_gymnotis,2
Quasipaa_acanthophora,4
Quasipaa_boulengeri,4
Quasipaa_delacouri,3
Quasipaa_exilispinosa,3
Quasipaa_fasciculispina,4
Quasipaa_jiulongensis,4
Quasipaa_shini,3
Quasipaa_spinosa,4
Quasipaa_verrucospinosa,4
Quasipaa_yei,4
Quedenfeldtia_moerens,1
Quedenfeldtia_trachyblepharus,1
Quelea_cardinalis,2
Quelea_erythrops,2
Quelea_quelea,2
Querula_purpurata,2
Quilticohyla_acrochorda,2
Quilticohyla_erythromma,2
Quilticohyla_sanctaecrucis,2
Quilticohyla_zoque,2
Quiscalus_lugubris,3
Quiscalus_major,4
Quiscalus_mexicanus,4
Quiscalus_nicaraguensis,3
Quiscalus_niger,3
Quiscalus_quiscula,4
Quoyornis_georgianus,1
Rabdion_forsteni,1
Rabdion_grovesi,1
Raclitia_indica,2
Radjah_radjah,4
Rafetus_euphraticus,3
Rafetus_swinhoei,3
Rallicula_forbesi,3
Rallicula_leucospila,3
Rallicula_mayri,3
Rallicula_rubra,3
Rallina_canningi,3
Rallina_eurizonoides,3
Rallina_fasciata,3
Rallina_tricolor,3
Rallus_antarcticus,4
Rallus_aquaticus,4
Rallus_caerulescens,3
Rallus_crepitans,4
Rallus_elegans,4
Rallus_indicus,4
Rallus_limicola,3
Rallus_longirostris,4
Rallus_madagascariensis,4
Rallus_obsoletus,4
Rallus_semiplumbeus,3
Rallus_tenuirostris,4
Rallus_wetmorei,4
Ramigekko_swartbergensis,2
Ramphastos_ambiguus,4
Ramphastos_ariel,4
Ramphastos_brevis,4
Ramphastos_citreolaemus,4
Ramphastos_culminatus,4
Ramphastos_cuvieri,4
Ramphastos_dicolorus,4
Ramphastos_sulfuratus,4
Ramphastos_toco,4
Ramphastos_tucanus,4
Ramphastos_vitellinus,4
Ramphiculus_epius,3
Ramphiculus_fischeri,3
Ramphiculus_jambu,3
Ramphiculus_leclancheri,3
Ramphiculus_mangoliensis,3
Ramphiculus_marchei,3
Ramphiculus_meridionalis,3
Ramphiculus_merrilli,3
Ramphiculus_occipitalis,3
Ramphiculus_subgularis,3
Ramphocaenus_melanurus,1
Ramphocelus_bresilius,2
Ramphocelus_carbo,2
Ramphocelus_costaricensis,2
Ramphocelus_dimidiatus,2
Ramphocelus_flammigerus,2
Ramphocelus_icteronotus,2
Ramphocelus_melanogaster,2
Ramphocelus_nigrogularis,2
Ramphocelus_passerinii,2
Ramphocelus_sanguinolentus,2
Ramphocinclus_brachyurus,3
Ramphocoris_clotbey,3
Ramphodon_naevius,1
Ramphomicron_dorsale,1
Ramphomicron_microrhynchum,1
Ramphotrigon_fuscicauda,2
Ramphotrigon_megacephalum,2
Ramphotrigon_ruficauda,2
Ramphotyphlops_acuticaudus,1
Ramphotyphlops_aluensis,1
Ramphotyphlops_angusticeps,1
Ramphotyphlops_becki,1
Ramphotyphlops_bipartitus,1
Ramphotyphlops_conradi,1
Ramphotyphlops_cumingii,1
Ramphotyphlops_depressus,1
Ramphotyphlops_exocoeti,1
Ramphotyphlops_flaviventer,1
Ramphotyphlops_lineatus,1
Ramphotyphlops_lorenzi,1
Ramphotyphlops_mansuetus,1
Ramphotyphlops_marxi,1
Ramphotyphlops_mollyozakiae,1
Ramphotyphlops_multilineatus,1
Ramphotyphlops_olivaceus,1
Ramphotyphlops_similis,1
Ramphotyphlops_suluensis,1
Ramphotyphlops_supranasalis,1
Ramphotyphlops_willeyi,1
Ramsayornis_fasciatus,1
Ramsayornis_modestus,1
Rana_amurensis,3
Rana_arvalis,3
Rana_asiatica,3
Rana_aurora,3
Rana_boylii,3
Rana_cascadae,3
Rana_chaochiaoensis,3
Rana_chensinensis,3
Rana_coreana,3
Rana_culaiensis,3
Rana_dabieshanensis,3
Rana_dalmatina,3
Rana_draytonii,3
Rana_dybowskii,3
Rana_graeca,3
Rana_hanluica,3
Rana_huanrensis,3
Rana_iberica,3
Rana_italica,3
Rana_japonica,3
Rana_jiemuxiensis,3
Rana_johnsi,3
Rana_kobai,3
Rana_kukunoris,3
Rana_latastei,3
Rana_longicrus,3
Rana_luanchuanensis,3
Rana_luteiventris,3
Rana_macrocnemis,3
Rana_muscosa,3
Rana_neba,3
Rana_omeimontis,3
Rana_ornativentris,3
Rana_parvipalmata,3
Rana_pirica,3
Rana_pretiosa,3
Rana_pseudodalmatina,3
Rana_qianjiang,3
Rana_sakuraii,3
Rana_sangzhiensis,3
Rana_sauteri,3
Rana_shuchinae,3
Rana_sierrae,3
Rana_tagoi,3
Rana_tavasensis,3
Rana_temporaria,3
Rana_tsushimensis,3
Rana_uenoi,3
Rana_ulma,3
Rana_zhenhaiensis,3
Ranacephala_hogei,3
Randia_pseudozosterops,1
Rangifer_tarandus,4
Ranitomeya_amazonica,1
Ranitomeya_benedicta,1
Ranitomeya_cyanovittata,1
Ranitomeya_defleri,1
Ranitomeya_fantastica,1
Ranitomeya_flavovittata,1
Ranitomeya_imitator,1
Ranitomeya_reticulata,1
Ranitomeya_sirensis,1
Ranitomeya_summersi,1
Ranitomeya_toraro,1
Ranitomeya_uakarii,1
Ranitomeya_vanzolinii,1
Ranitomeya_variabilis,1
Ranitomeya_ventrimaculata,1
Ranitomeya_yavaricola,1
Rankinia_diemensis,2
Ranodon_sibiricus,3
Raorchestes_agasthyaensis,1
Raorchestes_akroparallagi,1
Raorchestes_andersoni,1
Raorchestes_anili,1
Raorchestes_annandalii,1
Raorchestes_archeos,1
Raorchestes_aureus,1
Raorchestes_beddomii,1
Raorchestes_blandus,1
Raorchestes_bobingeri,1
Raorchestes_bombayensis,1
Raorchestes_chalazodes,1
Raorchestes_charius,1
Raorchestes_chlorosomma,1
Raorchestes_chotta,1
Raorchestes_chromasynchysi,1
Raorchestes_coonoorensis,1
Raorchestes_crustai,1
Raorchestes_drutaahu,1
Raorchestes_dubois,1
Raorchestes_echinatus,1
Raorchestes_flaviocularis,1
Raorchestes_flaviventris,1
Raorchestes_garo,1
Raorchestes_ghatei,1
Raorchestes_glandulosus,1
Raorchestes_graminirupes,1
Raorchestes_griet,1
Raorchestes_gryllus,1
Raorchestes_hassanensis,1
Raorchestes_honnametti,1
Raorchestes_indigo,1
Raorchestes_jayarami,1
Raorchestes_johnceei,1
Raorchestes_kadalarensis,1
Raorchestes_kaikatti,1
Raorchestes_kakachi,1
Raorchestes_kakkayamensis,1
Raorchestes_keirasabinae,1
Raorchestes_kempiae,1
Raorchestes_lechiya,1
Raorchestes_leucolatus,1
Raorchestes_longchuanensis,1
Raorchestes_luteolus,1
Raorchestes_manipurensis,1
Raorchestes_manohari,1
Raorchestes_marki,1
Raorchestes_menglaensis,1
Raorchestes_munnarensis,1
Raorchestes_nerostagona,1
Raorchestes_ochlandrae,1
Raorchestes_parvulus,1
Raorchestes_ponmudi,1
Raorchestes_primarrumpfi,1
Raorchestes_ravii,1
Raorchestes_resplendens,1
Raorchestes_rezakhani,1
Raorchestes_sahai,1
Raorchestes_sanctisilvaticus,1
Raorchestes_sanjappai,1
Raorchestes_shillongensis,1
Raorchestes_signatus,1
Raorchestes_silentvalley,1
Raorchestes_sushili,1
Raorchestes_theuerkaufi,1
Raorchestes_thodai,1
Raorchestes_tinniens,1
Raorchestes_travancoricus,1
Raorchestes_tuberohumerus,1
Raorchestes_uthamani,1
Raorchestes_vellikkannan,1
Raphicerus_campestris,4
Raphicerus_melanotis,4
Raphicerus_sharpei,4
Rattus_adustus,2
Rattus_andamanensis,2
Rattus_annandalei,2
Rattus_argentiventer,2
Rattus_arrogans,2
Rattus_baluensis,2
Rattus_blangorum,2
Rattus_bontanus,2
Rattus_burrus,2
Rattus_colletti,2
Rattus_elaphinus,2
Rattus_enganus,2
Rattus_everetti,2
Rattus_exulans,2
Rattus_feliceus,2
Rattus_fuscipes,2
Rattus_giluwensis,2
Rattus_hainaldi,2
Rattus_hoffmanni,2
Rattus_hoogerwerfi,2
Rattus_jobiensis,2
Rattus_korinchi,2
Rattus_leucopus,2
Rattus_losea,2
Rattus_lugens,2
Rattus_lutreolus,2
Rattus_marmosurus,2
Rattus_mindorensis,2
Rattus_mollicomulus,2
Rattus_montanus,2
Rattus_mordax,2
Rattus_morotaiensis,2
Rattus_nikenii,2
Rattus_niobe,2
Rattus_nitidus,2
Rattus_norvegicus,2
Rattus_novaeguineae,2
Rattus_omichlodes,2
Rattus_osgoodi,2
Rattus_palmarum,2
Rattus_pococki,2
Rattus_praetor,2
Rattus_pyctoris,2
Rattus_ranjiniae,2
Rattus_rattus,2
Rattus_richardsoni,2
Rattus_salocco,2
Rattus_satarae,2
Rattus_simalurensis,2
Rattus_sordidus,2
Rattus_steini,2
Rattus_stoicus,2
Rattus_tanezumi,2
Rattus_timorensis,2
Rattus_tiomanicus,2
Rattus_tunneyi,2
Rattus_vandeuseni,2
Rattus_verecundus,2
Rattus_villosissimus,2
Rattus_xanthurus,2
Ratufa_affinis,4
Ratufa_bicolor,4
Ratufa_indica,4
Ratufa_macroura,4
Recurvirostra_americana,4
Recurvirostra_andina,4
Recurvirostra_avosetta,4
Recurvirostra_novaehollandiae,4
Redunca_arundinum,4
Redunca_fulvorufula,4
Redunca_redunca,4
Regulus_calendula,1
Regulus_goodfellowi,1
Regulus_ignicapilla,1
Regulus_madeirensis,1
Regulus_regulus,1
Regulus_satrapa,1
Reinwardtoena_browni,4
Reinwardtoena_crassirostris,4
Reinwardtoena_reinwardti,4
Reithrodon_auritus,2
Reithrodon_typicus,2
Reithrodontomys_bakeri,1
Reithrodontomys_brevirostris,1
Reithrodontomys_burti,1
Reithrodontomys_chrysopsis,1
Reithrodontomys_creper,1
Reithrodontomys_darienensis,1
Reithrodontomys_fulvescens,1
Reithrodontomys_gracilis,1
Reithrodontomys_hirsutus,1
Reithrodontomys_humulis,1
Reithrodontomys_megalotis,1
Reithrodontomys_mexicanus,1
Reithrodontomys_microdon,1
Reithrodontomys_montanus,1
Reithrodontomys_musseri,1
Reithrodontomys_paradoxus,1
Reithrodontomys_raviventris,1
Reithrodontomys_rodriguezi,1
Reithrodontomys_spectabilis,1
Reithrodontomys_sumichrasti,1
Reithrodontomys_tenuirostris,1
Reithrodontomys_zacatecae,1
Remiz_consobrinus,1
Remiz_coronatus,1
Remiz_pendulinus,1
Rena_bressoni,1
Rena_dissecta,1
Rena_dulcis,1
Rena_humilis,1
Rena_maxima,1
Rena_myopica,1
Rena_unguirostris,1
Rentapia_everetti,3
Rentapia_hosii,3
Rhabdomys_bechuanae,1
Rhabdomys_dilectus,1
Rhabdomys_intermedius,1
Rhabdomys_pumilio,1
Rhabdophis_adleri,2
Rhabdophis_akraios,2
Rhabdophis_angeli,2
Rhabdophis_auriculatus,2
Rhabdophis_barbouri,2
Rhabdophis_callichroma,2
Rhabdophis_callistus,2
Rhabdophis_ceylonensis,2
Rhabdophis_chiwen,2
Rhabdophis_chrysargoides,2
Rhabdophis_chrysargos,2
Rhabdophis_confusus,2
Rhabdophis_conspicillatus,2
Rhabdophis_flaviceps,2
Rhabdophis_guangdongensis,2
Rhabdophis_himalayanus,2
Rhabdophis_leonardi,2
Rhabdophis_lineatus,2
Rhabdophis_murudensis,2
Rhabdophis_nigrocinctus,2
Rhabdophis_nuchalis,2
Rhabdophis_pentasupralabialis,2
Rhabdophis_plumbicolor,2
Rhabdophis_rhodomelas,2
Rhabdophis_subminiatus,2
Rhabdophis_swinhonis,2
Rhabdophis_tigrinus,2
Rhabdops_aquaticus,2
Rhabdops_olivaceus,2
Rhabdornis_grandis,2
Rhabdornis_inornatus,2
Rhabdornis_mystacalis,2
Rhabdornis_rabori,2
Rhabdotorrhinus_corrugatus,4
Rhabdotorrhinus_exarhatus,4
Rhabdotorrhinus_leucocephalus,4
Rhabdotorrhinus_waldeni,4
Rhachidelus_brazili,2
Rhachisaurus_brachylepis,1
Rhacodactylus_auriculatus,2
Rhacodactylus_leachianus,2
Rhacophorus_annamensis,3
Rhacophorus_baluensis,3
Rhacophorus_barisani,3
Rhacophorus_bengkuluensis,3
Rhacophorus_bifasciatus,3
Rhacophorus_bipunctatus,2
Rhacophorus_borneensis,3
Rhacophorus_calcadensis,3
Rhacophorus_calcaneus,3
Rhacophorus_catamitus,3
Rhacophorus_edentulus,3
Rhacophorus_exechopygus,3
Rhacophorus_georgii,3
Rhacophorus_helenae,3
Rhacophorus_hoabinhensis,3
Rhacophorus_hoanglienensis,3
Rhacophorus_indonesiensis,3
Rhacophorus_kio,3
Rhacophorus_laoshan,3
Rhacophorus_larissae,3
Rhacophorus_lateralis,3
Rhacophorus_malabaricus,3
Rhacophorus_margaritifer,3
Rhacophorus_marmoridorsum,3
Rhacophorus_modestus,3
Rhacophorus_monticola,3
Rhacophorus_nigropalmatus,4
Rhacophorus_norhayatiae,3
Rhacophorus_orlovi,3
Rhacophorus_pardalis,3
Rhacophorus_poecilonotus,3
Rhacophorus_pseudomalabaricus,3
Rhacophorus_reinwardtii,3
Rhacophorus_rhodopus,2
Rhacophorus_rhyssocephalus,3
Rhacophorus_robertingeri,3
Rhacophorus_spelaeus,3
Rhacophorus_subansiriensis,3
Rhacophorus_translineatus,3
Rhacophorus_tuberculatus,3
Rhacophorus_turpes,3
Rhacophorus_vanbanicus,3
Rhacophorus_verrucopus,3
Rhacophorus_viridimaculatus,3
Rhadinaea_bogertorum,2
Rhadinaea_calligaster,2
Rhadinaea_cuneata,2
Rhadinaea_decorata,2
Rhadinaea_flavilata,2
Rhadinaea_forbesi,2
Rhadinaea_fulvivittis,2
Rhadinaea_gaigeae,2
Rhadinaea_hesperia,2
Rhadinaea_laureata,2
Rhadinaea_macdougalli,2
Rhadinaea_marcellae,2
Rhadinaea_montana,2
Rhadinaea_myersi,2
Rhadinaea_omiltemana,2
Rhadinaea_pulveriventris,2
Rhadinaea_quinquelineata,2
Rhadinaea_sargenti,2
Rhadinaea_taeniata,2
Rhadinaea_vermiculaticeps,2
Rhadinella_anachoreta,2
Rhadinella_godmani,2
Rhadinella_hannsteini,2
Rhadinella_hempsteadae,2
Rhadinella_kanalchutchan,2
Rhadinella_kinkelini,2
Rhadinella_lachrymans,2
Rhadinella_montecristi,2
Rhadinella_pegosalyta,2
Rhadinella_pilonaorum,2
Rhadinella_posadasi,2
Rhadinella_rogerromani,2
Rhadinella_schistosa,2
Rhadinella_serperaster,2
Rhadinella_stadelmani,2
Rhadinella_tolpanorum,2
Rhadinophanes_monticola,2
Rhaebo_andinophrynoides,3
Rhaebo_atelopoides,3
Rhaebo_blombergi,4
Rhaebo_colomai,3
Rhaebo_ecuadorensis,3
Rhaebo_glaberrimus,3
Rhaebo_guttatus,4
Rhaebo_haematiticus,3
Rhaebo_hypomelas,3
Rhaebo_lynchi,3
Rhaebo_olallai,3
Rhagologus_leucostigma,2
Rhagomys_longilingua,1
Rhagomys_rufescens,1
Rhamnophis_aethiopissa,2
Rhamnophis_batesii,2
Rhamphiophis_oxyrhynchus,2
Rhamphiophis_rostratus,2
Rhamphiophis_rubropunctatus,2
Rhamphocharis_crassirostris,1
Rhamphocharis_piperata,1
Rhamphococcyx_calyorhynchus,3
Rhampholeon_acuminatus,1
Rhampholeon_beraduccii,1
Rhampholeon_boulengeri,1
Rhampholeon_bruessoworum,1
Rhampholeon_chapmanorum,1
Rhampholeon_gorongosae,1
Rhampholeon_hattinghi,1
Rhampholeon_marshalli,1
Rhampholeon_maspictus,1
Rhampholeon_moyeri,1
Rhampholeon_nchisiensis,1
Rhampholeon_nebulauctor,1
Rhampholeon_platyceps,1
Rhampholeon_spectrum,1
Rhampholeon_spinosus,1
Rhampholeon_temporalis,1
Rhampholeon_tilburyi,1
Rhampholeon_uluguruensis,1
Rhampholeon_viridis,1
Rhaphidura_leucopygialis,1
Rhaphidura_sabini,1
Rhea_americana,4
Rhea_pennata,4
Rhea_tarapacensis,4
Rhegmatorhina_berlepschi,3
Rhegmatorhina_cristata,3
Rhegmatorhina_gymnops,3
Rhegmatorhina_hoffmannsi,3
Rhegmatorhina_melanosticta,3
Rheinardia_ocellata,4
Rheithrosciurus_macrotis,3
Rheobates_palmatus,1
Rheobates_pseudopalmatus,1
Rheohyla_miotympanum,2
Rheomys_mexicanus,1
Rheomys_raptor,1
Rheomys_thomasi,1
Rheomys_underwoodi,1
Rheosaurus_sulcarostrum,1
Rhinatrema_bivittatum,1
Rhinatrema_gilbertogili,1
Rhinatrema_nigrum,1
Rhinatrema_ron,1
Rhinatrema_shiv,1
Rhinatrema_uaiuai,1
Rhinella_achalensis,3
Rhinella_achavali,3
Rhinella_acrolopha,3
Rhinella_acutirostris,3
Rhinella_alata,3
Rhinella_amboroensis,3
Rhinella_arborescandens,3
Rhinella_arenarum,3
Rhinella_arequipensis,3
Rhinella_arunco,3
Rhinella_atacamensis,3
Rhinella_azarai,3
Rhinella_beebei,3
Rhinella_bergi,3
Rhinella_bernardoi,3
Rhinella_casconi,3
Rhinella_castaneotica,3
Rhinella_centralis,3
Rhinella_cerradensis,3
Rhinella_chavin,3
Rhinella_chrysophora,3
Rhinella_cristinae,3
Rhinella_crucifer,3
Rhinella_dapsilis,3
Rhinella_diptycha,4
Rhinella_dorbignyi,3
Rhinella_exostosica,3
Rhinella_festae,4
Rhinella_fissipes,3
Rhinella_gallardoi,3
Rhinella_granulosa,3
Rhinella_henseli,3
Rhinella_hoogmoedi,3
Rhinella_horribilis,4
Rhinella_humboldti,3
Rhinella_icterica,4
Rhinella_inca,3
Rhinella_inopina,3
Rhinella_justinianoi,3
Rhinella_leptoscelis,3
Rhinella_lescurei,3
Rhinella_limensis,3
Rhinella_lindae,3
Rhinella_macrorhina,3
Rhinella_magnussoni,3
Rhinella_major,4
Rhinella_manu,3
Rhinella_margaritifera,3
Rhinella_marina,4
Rhinella_merianae,3
Rhinella_mirandaribeiroi,3
Rhinella_multiverrucosa,3
Rhinella_nattereri,3
Rhinella_nesiotes,3
Rhinella_nicefori,3
Rhinella_ocellata,3
Rhinella_ornata,3
Rhinella_paraguas,3
Rhinella_poeppigii,3
Rhinella_proboscidea,3
Rhinella_pygmaea,3
Rhinella_quechua,3
Rhinella_roqueana,3
Rhinella_rubescens,3
Rhinella_rubropunctata,3
Rhinella_ruizi,3
Rhinella_rumbolli,3
Rhinella_scitula,3
Rhinella_sclerocephala,3
Rhinella_sebbeni,3
Rhinella_spinulosa,3
Rhinella_stanlaii,3
Rhinella_sternosignata,3
Rhinella_tacana,3
Rhinella_tenrec,3
Rhinella_vellardi,3
Rhinella_veraguensis,3
Rhinella_veredas,3
Rhinella_yanachaga,3
Rhineura_floridana,1
Rhinobothryum_bovallii,2
Rhinobothryum_lentiginosum,2
Rhinoceros_sondaicus,4
Rhinoceros_unicornis,4
Rhinocheilus_etheridgei,2
Rhinocheilus_lecontei,2
Rhinoclemmys_diademata,3
Rhinoclemmys_punctularia,3
Rhinocrypta_lanceolata,3
Rhinoderma_darwinii,1
Rhinoderma_rufum,1
Rhinogekko_femoralis,1
Rhinogekko_misonnei,1
Rhinoleptus_koniagui,1
Rhinoleptus_parkeri,1
Rhinolophus_acuminatus,2
Rhinolophus_adami,2
Rhinolophus_affinis,2
Rhinolophus_alcyone,2
Rhinolophus_arcuatus,2
Rhinolophus_beddomei,2
Rhinolophus_blasii,2
Rhinolophus_bocharicus,2
Rhinolophus_borneensis,2
Rhinolophus_canuti,2
Rhinolophus_capensis,2
Rhinolophus_celebensis,2
Rhinolophus_chiewkweeae,2
Rhinolophus_clivosus,2
Rhinolophus_coelophyllus,2
Rhinolophus_cognatus,2
Rhinolophus_cohenae,2
Rhinolophus_convexus,2
Rhinolophus_creaghi,2
Rhinolophus_damarensis,2
Rhinolophus_darlingi,2
Rhinolophus_deckenii,2
Rhinolophus_denti,2
Rhinolophus_eloquens,2
Rhinolophus_euryale,2
Rhinolophus_euryotis,2
Rhinolophus_ferrumequinum,2
Rhinolophus_formosae,2
Rhinolophus_fumigatus,2
Rhinolophus_guineensis,2
Rhinolophus_hildebrandtii,2
Rhinolophus_hilli,2
Rhinolophus_hillorum,2
Rhinolophus_hipposideros,2
Rhinolophus_huananus,2
Rhinolophus_inops,2
Rhinolophus_kahuzi,2
Rhinolophus_landeri,2
Rhinolophus_lepidus,2
Rhinolophus_luctus,2
Rhinolophus_mabuensis,2
Rhinolophus_maclaudi,2
Rhinolophus_macrotis,2
Rhinolophus_madurensis,2
Rhinolophus_maendeleo,2
Rhinolophus_malayanus,2
Rhinolophus_marshalli,2
Rhinolophus_mcintyrei,2
Rhinolophus_megaphyllus,2
Rhinolophus_mehelyi,2
Rhinolophus_microglobosus,2
Rhinolophus_mossambicus,2
Rhinolophus_paradoxolophus,2
Rhinolophus_pearsonii,2
Rhinolophus_perditus,2
Rhinolophus_philippinensis,2
Rhinolophus_proconsulis,2
Rhinolophus_pusillus,2
Rhinolophus_rex,2
Rhinolophus_robinsoni,2
Rhinolophus_rouxii,2
Rhinolophus_rufus,2
Rhinolophus_ruwenzorii,2
Rhinolophus_sakejiensis,2
Rhinolophus_sedulus,2
Rhinolophus_shameli,2
Rhinolophus_shortridgei,2
Rhinolophus_siamensis,2
Rhinolophus_silvestris,2
Rhinolophus_simulator,2
Rhinolophus_sinicus,2
Rhinolophus_smithersi,2
Rhinolophus_stheno,2
Rhinolophus_subbadius,2
Rhinolophus_subrufus,2
Rhinolophus_swinnyi,2
Rhinolophus_tatar,2
Rhinolophus_thomasi,2
Rhinolophus_trifoliatus,2
Rhinolophus_virgo,2
Rhinolophus_willardi,2
Rhinolophus_xinanzhongguoensis,2
Rhinolophus_yunanensis,2
Rhinolophus_ziama,2
Rhinonicteris_aurantia,3
Rhinophis_blythii,1
Rhinophis_dorsimaculatus,1
Rhinophis_drummondhayi,1
Rhinophis_erangaviraji,1
Rhinophis_fergusonianus,1
Rhinophis_goweri,1
Rhinophis_homolepis,1
Rhinophis_lineatus,1
Rhinophis_melanogaster,1
Rhinophis_philippinus,1
Rhinophis_phillipsi,1
Rhinophis_porrectus,1
Rhinophis_punctatus,1
Rhinophis_roshanpererai,1
Rhinophis_saffragamus,1
Rhinophis_sanguineus,1
Rhinophis_travancoricus,1
Rhinophis_tricoloratus,1
Rhinophis_zigzag,1
Rhinophrynus_dorsalis,2
Rhinophylla_alethina,1
Rhinophylla_fischerae,1
Rhinophylla_pumilio,1
Rhinopithecus_avunculus,4
Rhinopithecus_bieti,4
Rhinopithecus_brelichi,4
Rhinopithecus_roxellana,4
Rhinopithecus_strykeri,4
Rhinoplax_vigil,4
Rhinoplocephalus_bicolor,1
Rhinopoma_cystops,2
Rhinopoma_hadramauticum,2
Rhinopoma_hardwickii,2
Rhinopoma_macinnesi,2
Rhinopoma_microphyllum,2
Rhinopoma_muscatellum,2
Rhinopomastus_aterrimus,2
Rhinopomastus_castaneiceps,2
Rhinopomastus_cyanomelas,3
Rhinopomastus_minor,2
Rhinoptilus_bitorquatus,3
Rhinoptilus_chalcopterus,4
Rhinoptilus_cinctus,3
Rhinortha_chlorophaea,2
Rhinosciurus_laticaudatus,2
Rhinotyphlops_ataeniatus,1
Rhinotyphlops_boylei,1
Rhinotyphlops_lalandei,1
Rhinotyphlops_leucocephalus,1
Rhinotyphlops_schinzi,1
Rhinotyphlops_scorteccii,1
Rhinotyphlops_unitaeniatus,1
Rhipidomys_albujai,2
Rhipidomys_austrinus,2
Rhipidomys_cariri,2
Rhipidomys_caucensis,2
Rhipidomys_couesi,2
Rhipidomys_emiliae,2
Rhipidomys_fulviventer,2
Rhipidomys_gardneri,2
Rhipidomys_ipukensis,2
Rhipidomys_itoan,2
Rhipidomys_latimanus,2
Rhipidomys_leucodactylus,2
Rhipidomys_macconnelli,2
Rhipidomys_macrurus,2
Rhipidomys_mastacalis,2
Rhipidomys_modicus,2
Rhipidomys_nitela,2
Rhipidomys_ochrogaster,2
Rhipidomys_tribei,2
Rhipidomys_venezuelae,2
Rhipidomys_venustus,2
Rhipidomys_wetzeli,2
Rhipidura_albicollis,2
Rhipidura_albiscapa,2
Rhipidura_albiventris,2
Rhipidura_albogularis,2
Rhipidura_albolimbata,2
Rhipidura_assimilis,2
Rhipidura_atra,2
Rhipidura_aureola,2
Rhipidura_bouruensis,2
Rhipidura_brachyrhyncha,2
Rhipidura_cinerea,2
Rhipidura_cockerelli,2
Rhipidura_coultasi,2
Rhipidura_cyaniceps,2
Rhipidura_dahli,2
Rhipidura_dedemi,2
Rhipidura_diluta,2
Rhipidura_drownei,2
Rhipidura_dryas,2
Rhipidura_euryura,2
Rhipidura_fuliginosa,2
Rhipidura_fuscorufa,2
Rhipidura_hoedti,2
Rhipidura_hyperythra,2
Rhipidura_isura,2
Rhipidura_javanica,2
Rhipidura_kordensis,2
Rhipidura_layardi,2
Rhipidura_lepida,2
Rhipidura_leucophrys,2
Rhipidura_leucothorax,2
Rhipidura_maculipectus,2
Rhipidura_malaitae,2
Rhipidura_matthiae,2
Rhipidura_melanolaema,2
Rhipidura_nigritorquis,2
Rhipidura_nigrocinnamomea,2
Rhipidura_obiensis,2
Rhipidura_ocularis,2
Rhipidura_opistherythra,2
Rhipidura_perlata,2
Rhipidura_personata,2
Rhipidura_phasiana,2
Rhipidura_phoenicura,2
Rhipidura_rennelliana,2
Rhipidura_rufidorsa,2
Rhipidura_rufifrons,2
Rhipidura_rufilateralis,2
Rhipidura_rufiventris,2
Rhipidura_samarensis,2
Rhipidura_sauli,2
Rhipidura_semirubra,2
Rhipidura_spilodera,2
Rhipidura_superciliaris,2
Rhipidura_superflua,2
Rhipidura_tenebrosa,2
Rhipidura_tenkatei,2
Rhipidura_teysmanni,2
Rhipidura_threnothorax,2
Rhipidura_verreauxi,2
Rhizomys_pruinosus,4
Rhizomys_sinensis,4
Rhizomys_sumatrensis,4
Rhizothera_dulitensis,4
Rhizothera_longirostris,4
Rhodinocichla_rosea,3
Rhodonessa_caryophyllacea,4
Rhodopechys_alienus,3
Rhodopechys_sanguineus,3
Rhodophoneus_cruentus,3
Rhodopis_vesper,1
Rhodospingus_cruentus,1
Rhodospiza_obsoleta,2
Rhodostethia_rosea,4
Rhogeessa_aeneus,2
Rhogeessa_bickhami,2
Rhogeessa_genowaysi,2
Rhogeessa_hussoni,2
Rhogeessa_io,2
Rhogeessa_menchuae,2
Rhogeessa_minutilla,2
Rhogeessa_mira,2
Rhogeessa_parvula,2
Rhogeessa_tumida,2
Rhogeessa_velilla,2
Rhombomys_opimus,3
Rhombophryne_botabota,1
Rhombophryne_coronata,1
Rhombophryne_coudreaui,1
Rhombophryne_diadema,1
Rhombophryne_guentherpetersi,1
Rhombophryne_laevipes,1
Rhombophryne_longicrus,1
Rhombophryne_mangabensis,1
Rhombophryne_matavy,1
Rhombophryne_minuta,1
Rhombophryne_nilevina,1
Rhombophryne_ornata,1
Rhombophryne_proportionalis,1
Rhombophryne_regalis,1
Rhombophryne_savaka,1
Rhombophryne_serratopalpebrosa,1
Rhombophryne_tany,1
Rhombophryne_testudo,1
Rhombophryne_vaventy,1
Rhopias_gularis,2
Rhopocichla_atriceps,2
Rhopophilus_albosuperciliaris,2
Rhopophilus_pekinensis,2
Rhopornis_ardesiacus,2
Rhopospina_fruticeti,2
Rhoptropella_ocellata,1
Rhoptropus_afer,1
Rhoptropus_barnardi,1
Rhoptropus_benguellensis,1
Rhoptropus_biporosus,1
Rhoptropus_boultoni,1
Rhoptropus_bradfieldi,1
Rhoptropus_diporus,1
Rhoptropus_montanus,1
Rhoptropus_taeniostictus,1
Rhyacotriton_cascadae,2
Rhyacotriton_kezeri,2
Rhyacotriton_olympicus,2
Rhyacotriton_variegatus,2
Rhynchocalamus_arabicus,2
Rhynchocalamus_melanocephalus,2
Rhynchocyclus_aequinoctialis,2
Rhynchocyclus_brevirostris,2
Rhynchocyclus_fulvipectus,2
Rhynchocyclus_olivaceus,2
Rhynchocyclus_pacificus,2
Rhynchocyon_chrysopygus,3
Rhynchocyon_cirnei,3
Rhynchocyon_petersi,3
Rhynchocyon_udzungwensis,3
Rhynchoedura_angusta,1
Rhynchoedura_eyrensis,1
Rhynchoedura_mentalis,1
Rhynchoedura_ormsbyi,1
Rhynchoedura_ornata,1
Rhynchoedura_sexapora,1
Rhynchogale_melleri,4
Rhyncholestes_raphanurus,1
Rhynchomeles_prattorum,3
Rhynchomys_banahao,2
Rhynchomys_isarogensis,2
Rhynchomys_soricoides,2
Rhynchomys_tapulao,2
Rhynchonycteris_naso,1
Rhynchophanes_mccownii,2
Rhynchopsitta_pachyrhyncha,4
Rhynchopsitta_terrisi,4
Rhynchortyx_cinctus,3
Rhynchospiza_stolzmanni,2
Rhynchospiza_strigiceps,2
Rhynchostruthus_louisae,2
Rhynchostruthus_percivali,2
Rhynchostruthus_socotranus,2
Rhynchotus_maculicollis,4
Rhynchotus_rufescens,4
Rhyneptesicus_nasutus,2
Rhynochetos_jubatus,4
Rhyticeros_cassidix,4
Rhyticeros_everetti,4
Rhyticeros_plicatus,4
Rhyticeros_subruficollis,4
Rhyticeros_undulatus,4
Rhytipterna_holerythra,3
Rhytipterna_immunda,2
Rhytipterna_simplex,3
Riama_anatoloros,1
Riama_antioquensis,1
Riama_balneator,1
Riama_cashcaensis,1
Riama_colomaromani,1
Riama_columbiana,1
Riama_labionis,1
Riama_meleagris,1
Riama_orcesi,1
Riama_raneyi,1
Riama_simotera,1
Riama_stigmatoral,1
Riama_striata,1
Riama_unicolor,1
Riama_yumborum,1
Ridgwayia_pinicola,3
Rieppeleon_brachyurus,1
Rieppeleon_brevicaudatus,1
Rieppeleon_kerstenii,1
Rigidipenna_inexpectata,3
Rimator_albostriatus,2
Rimator_danjoui,2
Rimator_malacoptilus,2
Rimator_naungmungensis,2
Rimator_pasquieri,2
Riolama_leucosticta,1
Riolama_luridiventris,1
Riolama_uzzelli,1
Riopa_albopunctata,1
Riopa_anguina,1
Riopa_guentheri,1
Riopa_lineata,1
Riopa_lineolata,1
Riopa_popae,1
Riopa_punctata,1
Riopa_vosmaerii,1
Riparia_chinensis,1
Riparia_congica,1
Riparia_cowani,1
Riparia_diluta,1
Riparia_paludicola,1
Riparia_riparia,1
Ristella_beddomii,1
Ristella_guentheri,1
Ristella_rurkii,1
Ristella_travancorica,1
Robsonius_rabori,3
Robsonius_sorsogonensis,3
Robsonius_thompsoni,3
Rodriguesophis_chui,2
Rodriguesophis_iglesiasi,2
Rodriguesophis_scriptorcibatus,2
Rohanixalus_baladika,1
Rohanixalus_hansenae,1
Rohanixalus_marginis,1
Rohanixalus_nauli,1
Rohanixalus_punctatus,1
Rohanixalus_senapatiensis,1
Rohanixalus_shyamrupus,1
Rohanixalus_vittatus,1
Rollandia_microptera,4
Rollandia_rolland,4
Rollulus_rouloul,4
Romerolagus_diazi,3
Roraimia_adusta,2
Rostratula_australis,3
Rostratula_benghalensis,3
Rostrhamus_sociabilis,4
Rougetius_rougetii,3
Rousettus_aegyptiacus,4
Rousettus_amplexicaudatus,4
Rousettus_celebensis,4
Rousettus_lanosus,4
Rousettus_leschenaultii,4
Rousettus_linduensis,4
Rousettus_madagascariensis,4
Rousettus_obliviosus,4
Rousettus_spinalatus,4
Rubigula_dispar,2
Rubigula_flaviventris,2
Rubigula_gularis,2
Rubigula_melanictera,2
Rubigula_montis,2
Rubrisciurus_rubriventer,3
Rucervus_duvaucelii,4
Rucervus_eldii,4
Rufirallus_castaneiceps,3
Rufirallus_viridis,3
Rulyrana_adiazeta,1
Rulyrana_flavopunctata,1
Rulyrana_mcdiarmidi,1
Rulyrana_saxiscandens,1
Rulyrana_spiculata,1
Rulyrana_susatamai,1
Rungwecebus_kipunji,4
Rupicapra_pyrenaica,4
Rupicapra_rupicapra,4
Rupicola_peruvianus,4
Rupicola_rupicola,4
Rupirana_cardosoi,3
Rupornis_magnirostris,4
Rusa_alfredi,4
Rusa_marianna,4
Rusa_timorensis,4
Rusa_unicolor,4
Ruwenzorisorex_suncoides,1
Rynchops_albicollis,4
Rynchops_flavirostris,4
Rynchops_niger,4
Saara_asmussi,3
Saara_hardwickii,3
Saara_loricata,3
Sabahphrynus_maculatus,2
Sacalia_quadriocellata,3
Saccolaimus_flaviventris,3
Saccolaimus_mixtus,3
Saccolaimus_peli,3
Saccolaimus_saccolaimus,3
Saccopteryx_antioquensis,2
Saccopteryx_bilineata,2
Saccopteryx_canescens,2
Saccopteryx_gymnura,2
Saccopteryx_leptura,2
Saccostomus_campestris,2
Saccostomus_mearnsi,2
Sachatamia_albomaculata,1
Sachatamia_electrops,1
Sachatamia_ilex,1
Sachatamia_orejuela,1
Sachatamia_punctulata,1
Sagittarius_serpentarius,4
Saguinus_bicolor,3
Saguinus_geoffroyi,3
Saguinus_imperator,3
Saguinus_inustus,3
Saguinus_labiatus,3
Saguinus_leucopus,3
Saguinus_martinsi,3
Saguinus_midas,3
Saguinus_mystax,3
Saguinus_niger,3
Saguinus_oedipus,3
Saguinus_ursulus,3
Sahyadriophis_beddomei,2
Saiga_tatarica,4
Saimiri_boliviensis,3
Saimiri_cassiquiarensis,3
Saimiri_collinsi,3
Saimiri_oerstedii,3
Saimiri_sciureus,3
Saimiri_ustus,3
Saimiri_vanzolinii,3
Saiphos_equalis,1
Sakesphorus_canadensis,3
Sakesphorus_cristatus,3
Sakesphorus_luctuosus,3
Sakesphorus_pulchellus,2
Salamandra_algira,3
Salamandra_atra,3
Salamandra_corsica,3
Salamandra_infraimmaculata,3
Salamandra_lanzai,4
Salamandra_salamandra,4
Salamandrella_keyserlingii,2
Salamandrella_tridactyla,2
Salamandrina_perspicillata,2
Salamandrina_terdigitata,2
Salanoia_concolor,3
Salea_anamallayana,2
Salea_horsfieldii,2
Salinomys_delicatus,1
Salomonelaps_par,2
Salpinctes_obsoletus,2
Salpingotulus_michaelis,1
Salpingotus_crassicauda,1
Salpingotus_heptneri,1
Salpingotus_kozlovi,1
Salpingotus_pallidus,1
Salpornis_salvadori,1
Salpornis_spilonota,1
Saltator_albicollis,2
Saltator_atriceps,2
Saltator_atricollis,2
Saltator_atripennis,2
Saltator_aurantiirostris,2
Saltator_cinctus,2
Saltator_coerulescens,2
Saltator_fuliginosus,2
Saltator_grandis,2
Saltator_grossus,2
Saltator_maxillosus,2
Saltator_maximus,2
Saltator_multicolor,2
Saltator_nigriceps,2
Saltator_olivascens,2
Saltator_orenocensis,2
Saltator_similis,2
Saltator_striatipectus,2
Saltuarius_cornutus,2
Saltuarius_kateae,2
Saltuarius_moritzi,2
Saltuarius_salebrosus,2
Saltuarius_swaini,2
Saltuarius_wyberba,2
Salvadora_bairdi,2
Salvadora_grahamiae,2
Salvadora_hexalepis,2
Salvadora_intermedia,2
Salvadora_lemniscata,2
Salvadora_mexicana,2
Salvadorina_waigiuensis,4
Salvator_duseni,4
Salvator_merianae,4
Salvator_rufescens,4
Sanguirana_acai,3
Sanguirana_aurantipunctata,3
Sanguirana_everetti,3
Sanguirana_igorota,3
Sanguirana_luzonensis,3
Sanguirana_mearnsi,3
Sanguirana_sanguinea,3
Sanguirana_tipanan,3
Sanzinia_madagascariensis,3
Sapajus_apella,4
Sapajus_cay,4
Sapajus_flavius,4
Sapajus_libidinosus,4
Sapajus_nigritus,4
Sapajus_robustus,4
Sapajus_xanthosternos,4
Sapayoa_aenigma,2
Saphenophis_antioquiensis,2
Saphenophis_atahuallpae,2
Saphenophis_boursieri,2
Saphenophis_sneiderni,2
Saphenophis_tristriatus,2
Sappho_sparganurus,1
Saproscincus_basiliscus,1
Saproscincus_challengeri,1
Saproscincus_czechurai,1
Saproscincus_eungellensis,1
Saproscincus_hannahae,1
Saproscincus_lewisi,1
Saproscincus_mustelinus,1
Saproscincus_oriarus,1
Saproscincus_rosei,1
Saproscincus_saltus,1
Saproscincus_spectabilis,1
Saproscincus_tetradactylus,1
Sarada_darwini,2
Sarada_deccanensis,2
Sarada_superba,2
Sarawakiphrys_dringi,2
Sarcogyps_calvus,4
Sarcohyla_ameibothalame,2
Sarcohyla_arborescandens,2
Sarcohyla_bistincta,2
Sarcohyla_celata,2
Sarcohyla_cembra,2
Sarcohyla_chryses,2
Sarcohyla_crassa,2
Sarcohyla_cyclada,2
Sarcohyla_floresi,2
Sarcohyla_hapsa,2
Sarcohyla_hazelae,2
Sarcohyla_labeculata,2
Sarcohyla_labedactyla,2
Sarcohyla_miahuatlanensis,2
Sarcohyla_mykter,2
Sarcohyla_pentheter,2
Sarcohyla_robertsorum,2
Sarcohyla_thorectes,2
Sarcohyla_toyota,2
Sarcophanops_samarensis,3
Sarcophanops_steerii,3
Sarcophilus_harrisii,4
Sarcops_calvus,3
Sarcoramphus_papa,4
Sarkidiornis_melanotos,4
Sarkidiornis_sylvicola,4
Saroglossa_spilopterus,3
Sarothrura_affinis,2
Sarothrura_ayresi,2
Sarothrura_boehmi,2
Sarothrura_elegans,2
Sarothrura_insularis,3
Sarothrura_lugens,3
Sarothrura_pulchra,3
Sarothrura_rufa,3
Sarothrura_watersi,3
Sasia_abnormis,1
Sasia_ochracea,1
Satrapa_icterophrys,2
Sauresia_sepsoides,2
Saurodactylus_brosseti,1
Saurodactylus_elmoudenii,1
Saurodactylus_fasciatus,1
Saurodactylus_harrisii,1
Saurodactylus_mauritanicus,1
Saurodactylus_slimanii,1
Saurodactylus_splendidus,1
Sauromalus_ater,3
Sauromalus_hispidus,3
Sauromalus_klauberi,3
Sauromalus_slevini,3
Sauromalus_varius,3
Sauromys_petrophilus,2
Saxatilomys_paulinae,2
Saxicola_caprata,1
Saxicola_dacotiae,2
Saxicola_ferreus,1
Saxicola_gutturalis,2
Saxicola_insignis,2
Saxicola_jerdoni,1
Saxicola_leucurus,2
Saxicola_macrorhynchus,2
Saxicola_rubetra,2
Saxicola_tectes,1
Saxicola_torquatus,2
Saxicoloides_fulicatus,2
Sayornis_nigricans,2
Sayornis_phoebe,2
Sayornis_saya,2
Scalopus_aquaticus,2
Scapanulus_oweni,2
Scapanus_latimanus,2
Scapanus_orarius,2
Scapanus_townsendii,2
Scaphiodontophis_annulatus,2
Scaphiodontophis_venustissimus,2
Scaphiophis_albopunctatus,2
Scaphiophis_raffreyi,2
Scaphiophryne_boribory,2
Scaphiophryne_brevis,2
Scaphiophryne_calcarata,2
Scaphiophryne_gottlebei,2
Scaphiophryne_madagascariensis,2
Scaphiophryne_marmorata,2
Scaphiophryne_matsoko,2
Scaphiophryne_menabensis,2
Scaphiophryne_spinosa,2
Scaphiopus_couchii,2
Scaphiopus_holbrookii,2
Scaphiopus_hurterii,2
Scapteromys_aquaticus,3
Scapteromys_tumidus,3
Scaptochirus_moschatus,2
Scaptonyx_fusicaudus,1
Scarthyla_goinorum,2
Scarthyla_vigilans,2
Scelarcis_perspicillata,2
Sceloporus_acanthinus,2
Sceloporus_adleri,2
Sceloporus_aeneus,2
Sceloporus_anahuacus,2
Sceloporus_angustus,2
Sceloporus_arenicolus,2
Sceloporus_asper,2
Sceloporus_bicanthalis,2
Sceloporus_bulleri,2
Sceloporus_carinatus,2
Sceloporus_cautus,2
Sceloporus_chaneyi,2
Sceloporus_chrysostictus,2
Sceloporus_clarkii,2
Sceloporus_couchii,2
Sceloporus_cozumelae,2
Sceloporus_cryptus,2
Sceloporus_cyanostictus,2
Sceloporus_dugesii,2
Sceloporus_edwardtaylori,2
Sceloporus_exsul,2
Sceloporus_formosus,2
Sceloporus_gadoviae,2
Sceloporus_goldmani,2
Sceloporus_graciosus,2
Sceloporus_grammicus,2
Sceloporus_grandaevus,2
Sceloporus_halli,2
Sceloporus_heterolepis,2
Sceloporus_horridus,2
Sceloporus_hunsakeri,2
Sceloporus_insignis,2
Sceloporus_internasalis,2
Sceloporus_jalapae,2
Sceloporus_jarrovii,2
Sceloporus_lemosespinali,2
Sceloporus_licki,2
Sceloporus_lineatulus,2
Sceloporus_lunae,2
Sceloporus_lundelli,2
Sceloporus_macdougalli,2
Sceloporus_maculosus,2
Sceloporus_magister,2
Sceloporus_malachiticus,2
Sceloporus_megalepidurus,2
Sceloporus_melanorhinus,2
Sceloporus_mendezdelacruzi,2
Sceloporus_merriami,2
Sceloporus_minor,2
Sceloporus_mucronatus,2
Sceloporus_nelsoni,2
Sceloporus_oberon,2
Sceloporus_occidentalis,2
Sceloporus_ochoterenae,2
Sceloporus_olivaceus,2
Sceloporus_orcutti,2
Sceloporus_ornatus,2
Sceloporus_palaciosi,2
Sceloporus_parvus,2
Sceloporus_poinsettii,2
Sceloporus_prezygus,2
Sceloporus_pyrocephalus,2
Sceloporus_salvini,2
Sceloporus_samcolemani,2
Sceloporus_scalaris,2
Sceloporus_serrifer,2
Sceloporus_shannonorum,2
Sceloporus_siniferus,2
Sceloporus_slevini,2
Sceloporus_smaragdinus,2
Sceloporus_smithi,2
Sceloporus_spinosus,2
Sceloporus_squamosus,2
Sceloporus_stejnegeri,2
Sceloporus_subpictus,2
Sceloporus_sugillatus,2
Sceloporus_taeniocnemis,2
Sceloporus_tanneri,2
Sceloporus_teapensis,2
Sceloporus_torquatus,2
Sceloporus_undulatus,2
Sceloporus_utiformis,2
Sceloporus_vandenburgianus,2
Sceloporus_variabilis,2
Sceloporus_virgatus,2
Sceloporus_woodi,2
Sceloporus_zosteromus,2
Scelorchilus_albicollis,3
Scelorchilus_rubecula,3
Scelotes_anguineus,1
Scelotes_arenicola,1
Scelotes_bidigittatus,1
Scelotes_bipes,1
Scelotes_bourquini,1
Scelotes_caffer,1
Scelotes_capensis,1
Scelotes_duttoni,1
Scelotes_fitzsimonsi,1
Scelotes_gronovii,1
Scelotes_inornatus,1
Scelotes_insularis,1
Scelotes_kasneri,1
Scelotes_limpopoensis,1
Scelotes_mirus,1
Scelotes_montispectus,1
Scelotes_mossambicus,1
Scelotes_poensis,1
Scelotes_sexlineatus,1
Scelotes_uluguruensis,1
Scelotes_vestigifer,1
Scenopoeetes_dentirostris,3
Scepomycter_winifredae,1
Schetba_rufa,3
Schiffornis_aenea,2
Schiffornis_major,3
Schiffornis_olivacea,2
Schiffornis_stenorhyncha,2
Schiffornis_turdina,3
Schiffornis_veraepacis,2
Schiffornis_virescens,2
Schismaderma_carens,3
Schistes_albogularis,1
Schistes_geoffroyi,1
Schistochlamys_melanopis,3
Schistochlamys_ruficapillus,3
Schistolais_leontica,1
Schistolais_leucopogon,1
Schistometopum_gregorii,3
Schistometopum_thomense,3
Schoenicola_brevirostris,2
Schoenicola_platyurus,2
Schoeniophylax_phryganophilus,2
Schoeniparus_brunneus,2
Schoeniparus_castaneceps,2
Schoeniparus_cinereus,2
Schoeniparus_dubius,2
Schoeniparus_klossi,2
Schoeniparus_rufogularis,2
Schoeniparus_variegaticeps,2
Schoutedenapus_myoptilus,2
Sciaphylax_castanea,2
Sciaphylax_hemimelaena,2
Scinax_acuminatus,2
Scinax_altae,2
Scinax_alter,2
Scinax_auratus,2
Scinax_baumgardneri,2
Scinax_blairi,2
Scinax_boesemani,2
Scinax_boulengeri,2
Scinax_cabralensis,2
Scinax_caldarum,2
Scinax_castroviejoi,2
Scinax_chiquitanus,2
Scinax_constrictus,2
Scinax_cretatus,2
Scinax_crospedospilus,2
Scinax_cruentomma,2
Scinax_curicica,2
Scinax_cuspidatus,2
Scinax_danae,2
Scinax_dolloi,2
Scinax_duartei,2
Scinax_elaeochroa,2
Scinax_eurydice,2
Scinax_exiguus,2
Scinax_funereus,2
Scinax_fuscomarginatus,2
Scinax_fuscovarius,2
Scinax_garbei,2
Scinax_granulatus,2
Scinax_haddadorum,2
Scinax_hayii,2
Scinax_ictericus,2
Scinax_imbegue,2
Scinax_iquitorum,2
Scinax_jolyi,2
Scinax_juncae,2
Scinax_karenanneae,2
Scinax_kennedyi,2
Scinax_lindsayi,2
Scinax_madeirae,2
Scinax_manriquei,2
Scinax_maracaya,2
Scinax_montivagus,2
Scinax_nasicus,2
Scinax_nebulosus,2
Scinax_onca,2
Scinax_oreites,2
Scinax_pachycrus,2
Scinax_pedromedinae,2
Scinax_perereca,2
Scinax_proboscideus,2
Scinax_quinquefasciatus,2
Scinax_rogerioi,2
Scinax_rossaferesae,2
Scinax_rostratus,2
Scinax_ruber,2
Scinax_ruberoculatus,2
Scinax_rupestris,2
Scinax_sateremawe,2
Scinax_similis,2
Scinax_squalirostris,2
Scinax_staufferi,2
Scinax_strussmannae,2
Scinax_sugillatus,2
Scinax_tigrinus,2
Scinax_tsachila,2
Scinax_tymbamirim,2
Scinax_villasboasi,2
Scinax_wandae,2
Scinax_x-signatus,2
Scincella_apraefrontalis,1
Scincella_assata,1
Scincella_barbouri,1
Scincella_boettgeri,1
Scincella_capitanea,1
Scincella_cherriei,1
Scincella_darevskii,1
Scincella_devorator,1
Scincella_doriae,1
Scincella_formosensis,1
Scincella_gemmingeri,1
Scincella_huanrenensis,1
Scincella_incerta,1
Scincella_lateralis,1
Scincella_melanosticta,1
Scincella_modesta,1
Scincella_monticola,1
Scincella_ochracea,1
Scincella_potanini,1
Scincella_przewalskii,1
Scincella_punctatolineata,1
Scincella_rara,1
Scincella_reevesii,1
Scincella_rufocaudata,1
Scincella_rupicola,1
Scincella_schmidti,1
Scincella_silvicola,1
Scincella_tsinlingensis,1
Scincella_vandenburghi,1
Scincella_victoriana,1
Scincopus_fasciatus,2
Scincus_albifasciatus,2
Scincus_hemprichii,2
Scincus_mitranus,2
Scincus_scincus,2
Scissirostrum_dubium,3
Sciurillus_pusillus,1
Sciurocheirus_alleni,3
Sciurocheirus_gabonensis,3
Sciurocheirus_makandensis,3
Sciurotamias_davidianus,3
Sciurotamias_forresti,3
Sciurus_aberti,3
Sciurus_aestuans,3
Sciurus_alleni,3
Sciurus_anomalus,3
Sciurus_arizonensis,3
Sciurus_aureogaster,3
Sciurus_carolinensis,3
Sciurus_colliaei,3
Sciurus_deppei,3
Sciurus_flammifer,3
Sciurus_gilvigularis,3
Sciurus_granatensis,3
Sciurus_griseus,3
Sciurus_ignitus,3
Sciurus_igniventris,3
Sciurus_lis,3
Sciurus_nayaritensis,3
Sciurus_niger,3
Sciurus_oculatus,3
Sciurus_pucheranii,3
Sciurus_pyrrhinus,3
Sciurus_richmondi,3
Sciurus_sanborni,3
Sciurus_spadiceus,3
Sciurus_stramineus,3
Sciurus_variegatoides,3
Sciurus_vulgaris,3
Sciurus_yucatanensis,3
Sclateria_naevia,2
Scleronycteris_ega,2
Sclerophrys_arabica,3
Sclerophrys_asmarae,3
Sclerophrys_blanfordii,3
Sclerophrys_brauni,3
Sclerophrys_buchneri,3
Sclerophrys_camerunensis,3
Sclerophrys_capensis,3
Sclerophrys_channingi,3
Sclerophrys_danielae,3
Sclerophrys_djohongensis,3
Sclerophrys_dodsoni,3
Sclerophrys_fuliginata,3
Sclerophrys_funerea,3
Sclerophrys_garmani,3
Sclerophrys_gracilipes,3
Sclerophrys_gutturalis,3
Sclerophrys_kassasii,3
Sclerophrys_kerinyagae,3
Sclerophrys_kisoloensis,3
Sclerophrys_langanoensis,3
Sclerophrys_latifrons,3
Sclerophrys_lemairii,3
Sclerophrys_maculata,3
Sclerophrys_mauritanica,3
Sclerophrys_pantherina,3
Sclerophrys_pardalis,3
Sclerophrys_pentoni,3
Sclerophrys_perreti,3
Sclerophrys_poweri,3
Sclerophrys_pusilla,3
Sclerophrys_reesi,3
Sclerophrys_regularis,3
Sclerophrys_steindachneri,3
Sclerophrys_superciliaris,3
Sclerophrys_taiensis,3
Sclerophrys_tihamica,3
Sclerophrys_togoensis,3
Sclerophrys_tuberosa,3
Sclerophrys_turkanae,3
Sclerophrys_urunguensis,3
Sclerophrys_villiersi,3
Sclerophrys_vittata,3
Sclerophrys_xeros,3
Scleroptila_afra,4
Scleroptila_elgonensis,4
Scleroptila_finschi,4
Scleroptila_gutturalis,4
Scleroptila_levaillantii,4
Scleroptila_psilolaema,4
Scleroptila_shelleyi,4
Scleroptila_streptophora,4
Scleroptila_whytei,4
Sclerurus_albigularis,2
Sclerurus_caudacutus,3
Sclerurus_cearensis,2
Sclerurus_guatemalensis,2
Sclerurus_mexicanus,2
Sclerurus_rufigularis,2
Sclerurus_scansor,2
Scolecomorphus_kirkii,2
Scolecomorphus_uluguruensis,2
Scolecomorphus_vittatus,2
Scolecophis_atrocinctus,1
Scolecoseps_acontias,1
Scolecoseps_boulengeri,1
Scolecoseps_broadleyi,1
Scolecoseps_litipoensis,1
Scolomys_melanops,1
Scolomys_ucayalensis,1
Scolopax_bukidnonensis,4
Scolopax_celebensis,4
Scolopax_minor,4
Scolopax_mira,4
Scolopax_rochussenii,4
Scolopax_rosenbergii,4
Scolopax_rusticola,4
Scolopax_saturata,4
Scopus_umbretta,4
Scoteanax_rueppellii,3
Scotinomys_teguina,1
Scotinomys_xerampelinus,1
Scotobleps_gabonicus,1
Scotocerca_inquieta,1
Scotoecus_albofuscus,2
Scotoecus_hirundo,2
Scotoecus_pallidus,2
Scotomanes_ornatus,3
Scotonycteris_bergmansi,4
Scotonycteris_ophiodon,4
Scotonycteris_zenkeri,4
Scotopelia_bouvieri,4
Scotopelia_peli,4
Scotopelia_ussheri,4
Scotophilus_andrewreborii,3
Scotophilus_celebensis,3
Scotophilus_collinus,3
Scotophilus_dinganii,3
Scotophilus_ejetai,3
Scotophilus_heathii,3
Scotophilus_kuhlii,3
Scotophilus_leucogaster,3
Scotophilus_livingstonii,3
Scotophilus_marovaza,3
Scotophilus_nigrita,3
Scotophilus_nucella,3
Scotophilus_nux,3
Scotophilus_robustus,3
Scotophilus_tandrefana,3
Scotophilus_trujilloi,3
Scotophilus_viridis,3
Scotorepens_balstoni,2
Scotorepens_greyii,2
Scotorepens_orion,2
Scotorepens_sanborni,2
Scotozous_dormeri,2
Scriptosaura_catimbau,1
Scutiger_adungensis,2
Scutiger_bhutanensis,2
Scutiger_boulengeri,2
Scutiger_brevipes,2
Scutiger_chintingensis,2
Scutiger_glandulatus,2
Scutiger_gongshanensis,2
Scutiger_jiulongensis,2
Scutiger_liupanensis,2
Scutiger_mammatus,2
Scutiger_muliensis,2
Scutiger_nepalensis,2
Scutiger_ningshanensis,2
Scutiger_nyingchiensis,2
Scutiger_occidentalis,2
Scutiger_pingwuensis,2
Scutiger_sikimmensis,2
Scutiger_spinosus,2
Scutiger_tengchongensis,2
Scutiger_tuberculatus,2
Scutiger_wanglangensis,2
Scutiger_wuguanfui,2
Scutisorex_somereni,2
Scutisorex_thori,2
Scytalopus_acutirostris,2
Scytalopus_affinis,2
Scytalopus_altirostris,2
Scytalopus_alvarezlopezi,2
Scytalopus_argentifrons,2
Scytalopus_atratus,2
Scytalopus_bolivianus,2
Scytalopus_canus,2
Scytalopus_caracae,2
Scytalopus_chocoensis,2
Scytalopus_diamantinensis,2
Scytalopus_femoralis,2
Scytalopus_fuscus,2
Scytalopus_gettyae,2
Scytalopus_gonzagai,2
Scytalopus_griseicollis,2
Scytalopus_iraiensis,2
Scytalopus_latebricola,2
Scytalopus_latrans,2
Scytalopus_macropus,2
Scytalopus_magellanicus,2
Scytalopus_meridanus,2
Scytalopus_micropterus,2
Scytalopus_novacapitalis,2
Scytalopus_opacus,2
Scytalopus_pachecoi,2
Scytalopus_panamensis,2
Scytalopus_parkeri,2
Scytalopus_parvirostris,2
Scytalopus_perijanus,2
Scytalopus_petrophilus,2
Scytalopus_robbinsi,2
Scytalopus_rodriguezi,2
Scytalopus_sanctaemartae,2
Scytalopus_schulenbergi,2
Scytalopus_simonsi,2
Scytalopus_speluncae,2
Scytalopus_spillmanni,2
Scytalopus_stilesi,2
Scytalopus_superciliaris,2
Scytalopus_unicolor,2
Scytalopus_urubambae,2
Scytalopus_vicinior,2
Scytalopus_zimmeri,2
Scythrophrys_sawayae,2
Scythrops_novaehollandiae,4
Sechellophryne_gardineri,2
Sechellophryne_pipilodryas,2
Seiurus_aurocapilla,2
Sekeetamys_calurus,2
Selasphorus_ardens,1
Selasphorus_calliope,1
Selasphorus_flammula,1
Selasphorus_platycercus,1
Selasphorus_rufus,1
Selasphorus_sasin,1
Selasphorus_scintilla,1
Selenidera_gouldii,4
Selenidera_langsdorffii,3
Selenidera_maculirostris,4
Selenidera_nattereri,3
Selenidera_piperivora,4
Selenidera_reinwardtii,3
Selenidera_spectabilis,4
Seleucidis_melanoleucus,4
Selevinia_betpakdalaensis,1
Semioptera_wallacii,3
Semnodactylus_wealii,1
Semnopithecus_ajax,4
Semnopithecus_dussumieri,4
Semnopithecus_entellus,4
Semnopithecus_hector,4
Semnopithecus_hypoleucos,4
Semnopithecus_priam,4
Semnopithecus_schistaceus,4
Semnornis_frantzii,3
Semnornis_ramphastinus,3
Senticolis_triaspis,2
Sephanoides_fernandensis,1
Sephanoides_sephaniodes,1
Sepsina_alberti,1
Sepsina_angolensis,1
Sepsina_bayonii,1
Sepsina_copei,1
Sepsina_tetradactyla,1
Sepsophis_punctatus,1
Sericornis_arfakianus,1
Sericornis_beccarii,1
Sericornis_citreogularis,1
Sericornis_frontalis,1
Sericornis_humilis,1
Sericornis_keri,1
Sericornis_magnirostra,1
Sericornis_nouhuysi,1
Sericornis_papuensis,1
Sericornis_perspicillatus,1
Sericornis_rufescens,1
Sericornis_spilodera,1
Sericossypha_albocristata,3
Sericulus_ardens,4
Sericulus_aureus,3
Sericulus_bakeri,3
Sericulus_chrysocephalus,4
Serilophus_lunatus,3
Serilophus_rubropygius,3
Serinus_alario,1
Serinus_canaria,2
Serinus_canicollis,1
Serinus_flavivertex,1
Serinus_nigriceps,1
Serinus_pusillus,1
Serinus_serinus,1
Serinus_syriacus,1
Serpophaga_cinerea,1
Serpophaga_griseicapilla,1
Serpophaga_hypoleuca,1
Serpophaga_nigricans,1
Serpophaga_subcristata,1
Serranobatrachus_carmelitae,2
Serranobatrachus_cristinae,2
Serranobatrachus_delicatus,2
Serranobatrachus_insignitus,2
Serranobatrachus_megalops,2
Serranobatrachus_ruthveni,2
Serranobatrachus_sanctaemartae,2
Setifer_setosus,3
Setonix_brachyurus,4
Setopagis_heterura,3
Setopagis_maculosa,3
Setopagis_parvula,3
Setopagis_whitelyi,3
Setophaga_adelaidae,1
Setophaga_americana,1
Setophaga_angelae,1
Setophaga_auduboni,1
Setophaga_caerulescens,1
Setophaga_castanea,1
Setophaga_cerulea,1
Setophaga_chrysoparia,1
Setophaga_citrina,1
Setophaga_coronata,1
Setophaga_delicata,1
Setophaga_discolor,1
Setophaga_dominica,1
Setophaga_flavescens,1
Setophaga_fusca,1
Setophaga_graciae,1
Setophaga_graysoni,1
Setophaga_kirtlandii,1
Setophaga_magnolia,1
Setophaga_nigrescens,1
Setophaga_occidentalis,1
Setophaga_palmarum,1
Setophaga_pensylvanica,1
Setophaga_petechia,1
Setophaga_pharetra,1
Setophaga_pinus,1
Setophaga_pitiayumi,1
Setophaga_pityophila,1
Setophaga_plumbea,1
Setophaga_ruticilla,1
Setophaga_striata,1
Setophaga_subita,1
Setophaga_tigrina,1
Setophaga_townsendi,1
Setophaga_virens,1
Setophaga_vitellina,1
Setornis_criniger,2
Sheppardia_aequatorialis,2
Sheppardia_aurantiithorax,2
Sheppardia_bocagei,2
Sheppardia_cyornithopsis,2
Sheppardia_gabela,2
Sheppardia_gunningi,2
Sheppardia_lowei,2
Sheppardia_montana,2
Sheppardia_poensis,2
Sheppardia_polioptera,2
Sheppardia_sharpei,2
Shinisaurus_crocodilurus,3
Sholicola_albiventris,2
Sholicola_major,2
Siagonodon_borrichianus,1
Siagonodon_cupinensis,1
Siagonodon_septemstriatus,1
Sialia_currucoides,2
Sialia_mexicana,2
Sialia_sialis,2
Siamophryne_troglodytes,2
Sibia_morrisoniana,2
Sibia_nipalensis,2
Sibia_souliei,2
Sibia_waldeni,2
Sibirionetta_formosa,4
Sibon_annulatus,2
Sibon_anthracops,2
Sibon_argus,2
Sibon_carri,2
Sibon_dimidiatus,2
Sibon_dunni,2
Sibon_lamari,2
Sibon_linearis,2
Sibon_longifrenis,2
Sibon_manzanaresi,2
Sibon_merendonensis,2
Sibon_miskitus,2
Sibon_nebulatus,2
Sibon_perissostichon,2
Sibynophis_bistrigatus,2
Sibynophis_bivittatus,2
Sibynophis_chinensis,2
Sibynophis_collaris,2
Sibynophis_geminatus,2
Sibynophis_melanocephalus,2
Sibynophis_sagittarius,2
Sibynophis_subpunctatus,2
Sibynophis_triangularis,2
Sicalis_auriventris,1
Sicalis_citrina,1
Sicalis_columbiana,1
Sicalis_flaveola,1
Sicalis_lebruni,1
Sicalis_lutea,1
Sicalis_luteocephala,1
Sicalis_luteola,1
Sicalis_mendozae,1
Sicalis_olivascens,1
Sicalis_raimondii,1
Sicalis_taczanowskii,1
Sicalis_uropigyalis,1
Sicista_armenica,1
Sicista_betulina,1
Sicista_caucasica,1
Sicista_caudata,1
Sicista_concolor,1
Sicista_kazbegica,1
Sicista_kluchorica,1
Sicista_loriger,1
Sicista_napaea,1
Sicista_pseudonapaea,1
Sicista_severtzovi,1
Sicista_strandi,1
Sicista_subtilis,1
Sicista_tianshanica,1
Sicista_trizona,1
Siderolamprus_adercus,2
Siderolamprus_atitlanensis,2
Siderolamprus_bivittatus,2
Siderolamprus_cyanochloris,2
Siderolamprus_enneagrammus,2
Siderolamprus_hylaius,2
Siderolamprus_ingridae,2
Siderolamprus_legnotus,2
Siderolamprus_montanus,2
Siderolamprus_orobius,2
Siderolamprus_rozellae,2
Siderolamprus_scansorius,2
Siebenrockiella_crassicollis,3
Siebenrockiella_leytensis,3
Sigalegalephrynus_mandailinguensis,3
Sigalegalephrynus_minangkabauensis,3
Sigaloseps_balios,1
Sigaloseps_conditus,1
Sigaloseps_deplanchei,1
Sigaloseps_ferrugicauda,1
Sigaloseps_pisinnus,1
Sigaloseps_ruficauda,1
Sigmodon_alleni,2
Sigmodon_alstoni,2
Sigmodon_arizonae,2
Sigmodon_fulviventer,2
Sigmodon_hirsutus,2
Sigmodon_hispidus,2
Sigmodon_inopinatus,2
Sigmodon_leucotis,2
Sigmodon_mascotensis,2
Sigmodon_ochrognathus,2
Sigmodon_peruanus,2
Sigmodon_toltecus,2
Sigmodontomys_alfari,2
Silvascincus_murrayi,1
Silvascincus_tryoni,1
Silverstoneia_dalyi,1
Silverstoneia_erasmios,1
Silverstoneia_flotator,1
Silverstoneia_gutturalis,1
Silverstoneia_minima,1
Silverstoneia_minutissima,1
Silverstoneia_nubicola,1
Silverstoneia_punctiventris,1
Silvicultrix_diadema,1
Silvicultrix_frontalis,1
Silvicultrix_jelskii,1
Silvicultrix_pulchella,1
Simalia_amethistina,4
Simalia_boeleni,4
Simalia_clastolepis,4
Simalia_nauta,4
Simalia_tracyae,4
Simias_concolor,4
Simiscincus_aurantiacus,1
Simophis_rhinostoma,2
Simoselaps_anomalus,1
Simoselaps_bertholdi,1
Simoselaps_littoralis,1
Simoselaps_minimus,1
Sinomicrurus_japonicus,2
Sinomicrurus_kelloggi,2
Sinomicrurus_macclellandi,2
Sinomicrurus_sauteri,2
Sinosuthora_alphonsiana,2
Sinosuthora_brunnea,2
Sinosuthora_conspicillata,2
Sinosuthora_przewalskii,2
Sinosuthora_ricketti,2
Sinosuthora_webbiana,2
Sinosuthora_zappeyi,2
Siphlophis_ayauma,2
Siphlophis_cervinus,2
Siphlophis_compressus,2
Siphlophis_leucocephalus,2
Siphlophis_longicaudatus,2
Siphlophis_pulcher,2
Siphlophis_worontzowi,2
Siphonops_annulatus,2
Siphonops_hardyi,2
Siphonops_paulensis,2
Siphonorhis_americana,2
Siphonorhis_brewsteri,2
Sipia_berlepschi,2
Sipia_laemosticta,2
Sipia_nigricauda,2
Sipia_palliata,2
Sipodotus_wallacii,1
Siptornis_striaticollis,2
Siren_reticulata,2
Sirystes_albocinereus,3
Sirystes_albogriseus,3
Sirystes_sibilator,3
Sirystes_subcanescens,3
Sistrurus_catenatus,2
Sistrurus_miliarius,2
Sitana_bahiri,2
Sitana_devakai,2
Sitana_fusca,2
Sitana_gokakensis,2
Sitana_kalesari,2
Sitana_laticeps,2
Sitana_marudhamneydhal,2
Sitana_ponticeriana,2
Sitana_schleichi,2
Sitana_sivalensis,2
Sitana_spinaecephalus,2
Sitana_thondalu,2
Sitana_visiri,2
Sitta_arctica,2
Sitta_azurea,2
Sitta_canadensis,1
Sitta_carolinensis,2
Sitta_cashmirensis,2
Sitta_castanea,2
Sitta_cinnamoventris,2
Sitta_europaea,2
Sitta_formosa,2
Sitta_frontalis,1
Sitta_himalayensis,2
Sitta_insularis,1
Sitta_krueperi,2
Sitta_ledanti,2
Sitta_leucopsis,2
Sitta_magna,2
Sitta_nagaensis,2
Sitta_neglecta,2
Sitta_neumayer,2
Sitta_oenochlamys,1
Sitta_przewalskii,2
Sitta_pusilla,1
Sitta_pygmaea,1
Sitta_solangiae,1
Sitta_tephronota,2
Sitta_victoriae,2
Sitta_villosa,1
Sitta_whiteheadi,2
Sitta_yunnanensis,1
Sittasomus_griseicapillus,1
Sittasomus_griseus,1
Sittiparus_castaneoventris,2
Sittiparus_olivaceus,2
Sittiparus_owstoni,2
Sittiparus_semilarvatus,2
Sittiparus_varius,2
Siva_cyanouroptera,1
Smaug_barbertonensis,2
Smaug_breyeri,2
Smaug_depressus,2
Smaug_giganteus,3
Smaug_mossambicus,2
Smaug_regius,2
Smaug_swazicus,2
Smaug_vandami,2
Smaug_warreni,2
Smicrornis_brevirostris,1
Smilisca_baudinii,2
Smilisca_cyanosticta,2
Smilisca_dentata,2
Smilisca_fodiens,2
Smilisca_manisorum,2
Smilisca_phaeota,2
Smilisca_puma,2
Smilisca_sila,2
Smilisca_sordida,2
Sminthopsis_archeri,1
Sminthopsis_bindi,1
Sminthopsis_butleri,1
Sminthopsis_crassicaudata,1
Sminthopsis_dolichura,1
Sminthopsis_douglasi,1
Sminthopsis_gilberti,1
Sminthopsis_granulipes,1
Sminthopsis_griseoventer,1
Sminthopsis_hirtipes,1
Sminthopsis_leucopus,1
Sminthopsis_longicaudata,1
Sminthopsis_macroura,1
Sminthopsis_murina,1
Sminthopsis_ooldea,1
Sminthopsis_psammophila,1
Sminthopsis_virginiae,1
Sminthopsis_youngsoni,1
Smithophis_atemporalis,2
Smithophis_bicolor,2
Smithornis_capensis,2
Smithornis_rufolateralis,2
Smithornis_sharpei,2
Smutsia_gigantea,4
Smutsia_temminckii,4
Smutsornis_africanus,3
Snowornis_cryptolophus,3
Snowornis_subalaris,3
Solenodon_paradoxus,3
Solisorex_pearsoni,1
Solomys_ponceleti,3
Solomys_salebrosus,3
Solomys_sapientis,3
Somateria_fischeri,4
Somateria_spectabilis,4
Sommeromys_macrorhinos,2
Sonora_aemula,2
Sonora_aequalis,2
Sonora_michoacanensis,2
Sonora_mutabilis,2
Sonora_occipitalis,2
Sonora_palarostris,2
Sonora_savagei,2
Sonora_semiannulata,2
Sonora_straminea,2
Sooglossus_sechellensis,2
Sooglossus_thomasseti,2
Sooretamys_angouya,2
Sordellina_punctata,2
Sorex_alaskanus,1
Sorex_alpinus,1
Sorex_antinorii,1
Sorex_araneus,1
Sorex_arcticus,1
Sorex_arizonae,1
Sorex_asper,1
Sorex_bairdi,1
Sorex_bedfordiae,1
Sorex_bendirii,1
Sorex_buchariensis,1
Sorex_caecutiens,1
Sorex_camtschatica,1
Sorex_cinereus,1
Sorex_coronatus,1
Sorex_cylindricauda,1
Sorex_daphaenodon,1
Sorex_dispar,1
Sorex_emarginatus,1
Sorex_excelsus,1
Sorex_fumeus,1
Sorex_gracillimus,1
Sorex_granarius,1
Sorex_haydeni,1
Sorex_hosonoi,1
Sorex_hoyi,1
Sorex_isodon,1
Sorex_ixtlanensis,1
Sorex_jacksoni,1
Sorex_leucogaster,1
Sorex_longirostris,1
Sorex_lyelli,1
Sorex_macrodon,1
Sorex_maritimensis,1
Sorex_mediopua,1
Sorex_merriami,1
Sorex_milleri,1
Sorex_minutissimus,1
Sorex_minutus,1
Sorex_mirabilis,1
Sorex_monticolus,1
Sorex_nanus,1
Sorex_neomexicanus,1
Sorex_oreopolus,1
Sorex_orizabae,1
Sorex_ornatus,1
Sorex_pacificus,1
Sorex_palustris,1
Sorex_planiceps,1
Sorex_portenkoi,1
Sorex_preblei,1
Sorex_raddei,1
Sorex_roboratus,1
Sorex_rohweri,1
Sorex_samniticus,1
Sorex_satunini,1
Sorex_saussurei,1
Sorex_shinto,1
Sorex_sinalis,1
Sorex_sonomae,1
Sorex_stizodon,1
Sorex_tenellus,1
Sorex_thibetanus,1
Sorex_trowbridgii,1
Sorex_tundrensis,1
Sorex_ugyunak,1
Sorex_unguiculatus,1
Sorex_vagrans,1
Sorex_ventralis,1
Sorex_veraecrucis,1
Sorex_veraepacis,1
Sorex_volnuchini,1
Sorex_yukonicus,1
Soricomys_kalinga,1
Soricomys_leonardocoi,1
Soricomys_montanus,1
Soricomys_musseri,1
Soriculus_nigrescens,1
Spalacopus_cyanus,2
Spalax_antiquus,3
Spalax_arenarius,3
Spalax_giganteus,3
Spalax_graecus,3
Spalax_istricus,3
Spalax_microphthalmus,3
Spalax_uralensis,3
Spalax_zemni,3
Spalerosophis_arenarius,3
Spalerosophis_atriceps,3
Spalerosophis_diadema,3
Spalerosophis_dolichospilus,3
Spalerosophis_josephscorteccii,3
Spalerosophis_microlepis,3
Spartonoica_maluroides,1
Spatula_clypeata,4
Spatula_cyanoptera,4
Spatula_discors,4
Spatula_hottentota,4
Spatula_platalea,4
Spatula_puna,4
Spatula_querquedula,4
Spatula_rhynchotis,4
Spatula_smithii,4
Spatula_versicolor,4
Spea_bombifrons,2
Spea_hammondii,2
Spea_intermontana,2
Spea_multiplicata,2
Speculanas_specularis,4
Speculipastor_bicolor,3
Spelaeophryne_methneri,2
Spelaeornis_badeigularis,1
Spelaeornis_caudatus,1
Spelaeornis_chocolatinus,1
Spelaeornis_kinneari,1
Spelaeornis_longicaudatus,1
Spelaeornis_oatesi,1
Spelaeornis_reptatus,1
Spelaeornis_troglodytoides,1
Speleomantes_ambrosii,2
Speleomantes_flavus,2
Speleomantes_genei,2
Speleomantes_imperialis,2
Speleomantes_italicus,2
Speleomantes_sarrabusensis,2
Speleomantes_strinatii,2
Speleomantes_supramontis,2
Speothos_venaticus,4
Spermestes_bicolor,1
Spermestes_cucullata,1
Spermestes_fringilloides,1
Spermophaga_haematina,2
Spermophaga_poliogenys,2
Spermophaga_ruficapilla,2
Spermophilopsis_leptodactylus,3
Spermophilus_alashanicus,3
Spermophilus_brevicauda,3
Spermophilus_citellus,3
Spermophilus_dauricus,3
Spermophilus_erythrogenys,3
Spermophilus_fulvus,3
Spermophilus_major,3
Spermophilus_musicus,3
Spermophilus_pallidicauda,3
Spermophilus_pygmaeus,3
Spermophilus_ralli,3
Spermophilus_relictus,3
Spermophilus_suslicus,3
Spermophilus_xanthoprymnus,3
Sphaenorhynchus_botocudo,2
Sphaenorhynchus_bromelicola,2
Sphaenorhynchus_cammaeus,2
Sphaenorhynchus_canga,2
Sphaenorhynchus_caramaschii,2
Sphaenorhynchus_carneus,2
Sphaenorhynchus_dorisae,2
Sphaenorhynchus_lacteus,2
Sphaenorhynchus_mirim,2
Sphaenorhynchus_palustris,2
Sphaenorhynchus_pauloalvini,2
Sphaenorhynchus_planicola,2
Sphaenorhynchus_platycephalus,2
Sphaenorhynchus_prasinus,2
Sphaenorhynchus_surdus,2
Sphaerias_blanfordi,2
Sphaerodactylus_altavelensis,1
Sphaerodactylus_argivus,1
Sphaerodactylus_argus,1
Sphaerodactylus_ariasae,1
Sphaerodactylus_armasi,1
Sphaerodactylus_armstrongi,1
Sphaerodactylus_asterulus,1
Sphaerodactylus_beattyi,1
Sphaerodactylus_becki,1
Sphaerodactylus_bromeliarum,1
Sphaerodactylus_caicosensis,1
Sphaerodactylus_callocricus,1
Sphaerodactylus_celicara,1
Sphaerodactylus_cinereus,1
Sphaerodactylus_clenchi,1
Sphaerodactylus_cochranae,1
Sphaerodactylus_copei,1
Sphaerodactylus_corticola,1
Sphaerodactylus_cricoderus,1
Sphaerodactylus_cryphius,1
Sphaerodactylus_dacnicolor,1
Sphaerodactylus_darlingtoni,1
Sphaerodactylus_difficilis,1
Sphaerodactylus_dimorphicus,1
Sphaerodactylus_docimus,1
Sphaerodactylus_dunni,1
Sphaerodactylus_elasmorhynchus,1
Sphaerodactylus_elegans,1
Sphaerodactylus_elegantulus,1
Sphaerodactylus_epiurus,1
Sphaerodactylus_fantasticus,1
Sphaerodactylus_festus,1
Sphaerodactylus_gaigeae,1
Sphaerodactylus_glaucus,1
Sphaerodactylus_goniorhynchus,1
Sphaerodactylus_graptolaemus,1
Sphaerodactylus_heliconiae,1
Sphaerodactylus_homolepis,1
Sphaerodactylus_inaguae,1
Sphaerodactylus_intermedius,1
Sphaerodactylus_kirbyi,1
Sphaerodactylus_klauberi,1
Sphaerodactylus_ladae,1
Sphaerodactylus_lazelli,1
Sphaerodactylus_leucaster,1
Sphaerodactylus_levinsi,1
Sphaerodactylus_lineolatus,1
Sphaerodactylus_macrolepis,1
Sphaerodactylus_mariguanae,1
Sphaerodactylus_microlepis,1
Sphaerodactylus_micropithecus,1
Sphaerodactylus_millepunctatus,1
Sphaerodactylus_molei,1
Sphaerodactylus_monensis,1
Sphaerodactylus_nicholsi,1
Sphaerodactylus_nigropunctatus,1
Sphaerodactylus_notatus,1
Sphaerodactylus_nycteropus,1
Sphaerodactylus_ocoae,1
Sphaerodactylus_oliveri,1
Sphaerodactylus_omoglaux,1
Sphaerodactylus_oxyrhinus,1
Sphaerodactylus_pacificus,1
Sphaerodactylus_parkeri,1
Sphaerodactylus_parthenopion,1
Sphaerodactylus_parvus,1
Sphaerodactylus_perissodactylius,1
Sphaerodactylus_phyzacinus,1
Sphaerodactylus_pimienta,1
Sphaerodactylus_plummeri,1
Sphaerodactylus_ramsdeni,1
Sphaerodactylus_randi,1
Sphaerodactylus_rhabdotus,1
Sphaerodactylus_richardi,1
Sphaerodactylus_richardsoni,1
Sphaerodactylus_roosevelti,1
Sphaerodactylus_rosaurae,1
Sphaerodactylus_ruibali,1
Sphaerodactylus_sabanus,1
Sphaerodactylus_samanensis,1
Sphaerodactylus_savagei,1
Sphaerodactylus_scaber,1
Sphaerodactylus_scapularis,1
Sphaerodactylus_schuberti,1
Sphaerodactylus_schwartzi,1
Sphaerodactylus_semasiops,1
Sphaerodactylus_shrevei,1
Sphaerodactylus_siboney,1
Sphaerodactylus_sommeri,1
Sphaerodactylus_sputator,1
Sphaerodactylus_storeyae,1
Sphaerodactylus_streptophorus,1
Sphaerodactylus_thompsoni,1
Sphaerodactylus_torrei,1
Sphaerodactylus_townsendi,1
Sphaerodactylus_underwoodi,1
Sphaerodactylus_vincenti,1
Sphaerodactylus_williamsi,1
Sphaerodactylus_zygaena,1
Sphaeronycteris_toxophyllum,3
Sphaerotheca_breviceps,2
Sphaerotheca_dobsonii,2
Sphaerotheca_leucorhynchus,2
Sphaerotheca_maskeyi,2
Sphaerotheca_rolandae,2
Sphaerotheca_strachani,2
Sphecotheres_hypoleucus,3
Sphecotheres_vieilloti,3
Sphecotheres_viridis,3
Spheniscus_demersus,4
Spheniscus_humboldti,4
Spheniscus_magellanicus,4
Sphenodon_punctatus,3
Sphenoeacus_afer,2
Sphenomorphus_acutus,1
Sphenomorphus_aignanus,1
Sphenomorphus_alfredi,1
Sphenomorphus_annectens,1
Sphenomorphus_anomalopus,1
Sphenomorphus_anotus,1
Sphenomorphus_apalpebratus,1
Sphenomorphus_aruensis,1
Sphenomorphus_bacboensis,1
Sphenomorphus_bignelli,1
Sphenomorphus_brunneus,1
Sphenomorphus_buenloicus,1
Sphenomorphus_buettikoferi,1
Sphenomorphus_cameronicus,1
Sphenomorphus_capitolythos,1
Sphenomorphus_celebensis,1
Sphenomorphus_cinereus,1
Sphenomorphus_concinnatus,1
Sphenomorphus_consobrinus,1
Sphenomorphus_courcyanus,1
Sphenomorphus_cranei,1
Sphenomorphus_crassus,1
Sphenomorphus_cryptotis,1
Sphenomorphus_cyanolaemus,1
Sphenomorphus_darlingtoni,1
Sphenomorphus_derooyae,1
Sphenomorphus_diwata,1
Sphenomorphus_dussumieri,1
Sphenomorphus_fasciatus,1
Sphenomorphus_forbesi,1
Sphenomorphus_fragilis,1
Sphenomorphus_fragosus,1
Sphenomorphus_fuscolineatus,1
Sphenomorphus_grandisonae,1
Sphenomorphus_granulatus,1
Sphenomorphus_haasi,1
Sphenomorphus_helenae,1
Sphenomorphus_incognitus,1
Sphenomorphus_indicus,1
Sphenomorphus_jobiensis,1
Sphenomorphus_kinabaluensis,1
Sphenomorphus_latifasciatus,1
Sphenomorphus_leptofasciatus,1
Sphenomorphus_lineopunctulatus,1
Sphenomorphus_longicaudatus,1
Sphenomorphus_loriae,1
Sphenomorphus_louisiadensis,1
Sphenomorphus_maculatus,1
Sphenomorphus_maculicollus,1
Sphenomorphus_maindroni,1
Sphenomorphus_malayanus,1
Sphenomorphus_melanopogon,1
Sphenomorphus_meyeri,1
Sphenomorphus_microtympanum,1
Sphenomorphus_mimicus,1
Sphenomorphus_mimikanus,1
Sphenomorphus_minutus,1
Sphenomorphus_modiglianii,1
Sphenomorphus_muelleri,1
Sphenomorphus_multisquamatus,1
Sphenomorphus_murudensis,1
Sphenomorphus_necopinatus,1
Sphenomorphus_neuhaussi,1
Sphenomorphus_nigriventris,1
Sphenomorphus_nigrolabris,1
Sphenomorphus_nigrolineatus,1
Sphenomorphus_oligolepis,1
Sphenomorphus_orientalis,1
Sphenomorphus_papuae,1
Sphenomorphus_praesignis,1
Sphenomorphus_pratti,1
Sphenomorphus_puncticentralis,1
Sphenomorphus_rarus,1
Sphenomorphus_rufus,1
Sphenomorphus_sabanus,1
Sphenomorphus_sanctus,1
Sphenomorphus_sarasinorum,1
Sphenomorphus_schlegeli,1
Sphenomorphus_schultzei,1
Sphenomorphus_scotophilus,1
Sphenomorphus_scutatus,1
Sphenomorphus_senja,1
Sphenomorphus_sheai,1
Sphenomorphus_shelfordi,1
Sphenomorphus_simus,1
Sphenomorphus_solomonis,1
Sphenomorphus_stellatus,1
Sphenomorphus_striolatus,1
Sphenomorphus_sungaicolus,1
Sphenomorphus_taiwanensis,1
Sphenomorphus_tanahtinggi,1
Sphenomorphus_tanneri,1
Sphenomorphus_taylori,1
Sphenomorphus_tenuiculus,1
Sphenomorphus_tersus,1
Sphenomorphus_tetradactylus,1
Sphenomorphus_tonkinensis,1
Sphenomorphus_transversus,1
Sphenomorphus_tridigitus,1
Sphenomorphus_tritaeniatus,1
Sphenomorphus_tropidonotus,1
Sphenomorphus_undulatus,1
Sphenomorphus_vanheurni,1
Sphenomorphus_variegatus,1
Sphenomorphus_wollastoni,1
Sphenomorphus_woodfordi,1
Sphenomorphus_zimmeri,1
Sphenophryne_allisoni,2
Sphenophryne_alpestris,2
Sphenophryne_brevicrus,2
Sphenophryne_coggeri,2
Sphenophryne_cornuta,2
Sphenophryne_crassa,2
Sphenophryne_dentata,2
Sphenophryne_magnitympanum,2
Sphenophryne_miniafia,2
Sphenophryne_rhododactyla,2
Sphenophryne_rubra,2
Sphenophryne_schlaginhaufeni,2
Sphenophryne_similis,2
Sphenophryne_stenodactyla,2
Sphenophryne_thomsoni,2
Sphenopsis_frontalis,2
Sphenopsis_melanotis,2
Sphenopsis_ochracea,2
Sphenopsis_piurae,2
Sphyrapicus_nuchalis,3
Sphyrapicus_ruber,3
Sphyrapicus_thyroideus,3
Sphyrapicus_varius,3
Spicospina_flammocaerulea,1
Spilocuscus_kraemeri,4
Spilocuscus_maculatus,4
Spilocuscus_papuensis,4
Spilocuscus_rufoniger,4
Spilocuscus_wilsoni,4
Spilogale_angustifrons,3
Spilogale_gracilis,3
Spilogale_putorius,3
Spilogale_pygmaea,3
Spilopelia_chinensis,3
Spilopelia_senegalensis,3
Spilopelia_suratensis,3
Spiloptila_clamans,1
Spilornis_cheela,4
Spilornis_elgini,4
Spilornis_holospilus,4
Spilornis_kinabaluensis,4
Spilornis_klossi,4
Spilornis_rufipectus,4
Spilotes_pullatus,3
Spilotes_sulphureus,3
Spindalis_dominicensis,2
Spindalis_nigricephala,2
Spindalis_portoricensis,2
Spindalis_zena,2
Spinomantis_aglavei,2
Spinomantis_bertini,2
Spinomantis_brunae,2
Spinomantis_elegans,2
Spinomantis_fimbriatus,2
Spinomantis_guibei,2
Spinomantis_massi,2
Spinomantis_microtis,2
Spinomantis_nussbaumi,2
Spinomantis_peraccae,2
Spinomantis_phantasticus,2
Spinomantis_tavaratra,2
Spinus_atratus,1
Spinus_atriceps,1
Spinus_barbatus,1
Spinus_crassirostris,1
Spinus_cucullatus,1
Spinus_dominicensis,1
Spinus_lawrencei,1
Spinus_magellanicus,1
Spinus_notatus,1
Spinus_olivaceus,1
Spinus_pinus,1
Spinus_psaltria,1
Spinus_siemiradzkii,1
Spinus_spinescens,1
Spinus_spinus,1
Spinus_thibetanus,1
Spinus_tristis,1
Spinus_uropygialis,1
Spinus_xanthogastrus,1
Spinus_yarrellii,1
Spiza_americana,2
Spizaetus_isidori,4
Spizaetus_melanoleucus,4
Spizaetus_ornatus,4
Spizaetus_tyrannus,4
Spizella_atrogularis,1
Spizella_breweri,1
Spizella_pallida,1
Spizella_passerina,1
Spizella_pusilla,1
Spizella_wortheni,1
Spiziapteryx_circumcincta,4
Spizixos_canifrons,2
Spizixos_semitorques,2
Spizocorys_conirostris,2
Spizocorys_fremantlii,2
Spizocorys_fringillaris,2
Spizocorys_obbiensis,2
Spizocorys_personata,2
Spizocorys_sclateri,2
Spizocorys_starki,2
Spodiopsar_cineraceus,3
Spodiopsar_sericeus,3
Spodiornis_rusticus,2
Spondylurus_anegadae,1
Spondylurus_caicosae,1
Spondylurus_culebrae,1
Spondylurus_fulgidus,1
Spondylurus_macleani,1
Spondylurus_magnacruzae,1
Spondylurus_monae,1
Spondylurus_monitae,1
Spondylurus_nitidus,1
Spondylurus_powelli,1
Spondylurus_semitaeniatus,1
Spondylurus_sloanii,1
Spondylurus_turksae,1
Sporathraupis_cyanocephala,3
Sporophila_albogularis,1
Sporophila_americana,1
Sporophila_angolensis,1
Sporophila_ardesiaca,1
Sporophila_atrirostris,1
Sporophila_beltoni,1
Sporophila_bouvreuil,1
Sporophila_bouvronides,1
Sporophila_caerulescens,1
Sporophila_castaneiventris,1
Sporophila_cinnamomea,1
Sporophila_collaris,1
Sporophila_corvina,1
Sporophila_crassirostris,1
Sporophila_falcirostris,1
Sporophila_fringilloides,1
Sporophila_frontalis,1
Sporophila_funerea,1
Sporophila_hypochroma,1
Sporophila_hypoxantha,1
Sporophila_iberaensis,1
Sporophila_intermedia,1
Sporophila_leucoptera,1
Sporophila_lineola,1
Sporophila_luctuosa,1
Sporophila_maximiliani,1
Sporophila_melanogaster,1
Sporophila_minuta,1
Sporophila_morelleti,1
Sporophila_murallae,1
Sporophila_nigricollis,1
Sporophila_nigrorufa,1
Sporophila_nuttingi,1
Sporophila_ophthalmica,1
Sporophila_palustris,1
Sporophila_peruviana,1
Sporophila_pileata,1
Sporophila_plumbea,1
Sporophila_ruficollis,1
Sporophila_schistacea,1
Sporophila_simplex,1
Sporophila_telasco,1
Sporophila_torqueola,1
Sporopipes_frontalis,1
Sporopipes_squamifrons,1
Srilankamys_ohiensis,2
Stachyris_grammiceps,2
Stachyris_herberti,2
Stachyris_humei,2
Stachyris_leucotis,2
Stachyris_maculata,2
Stachyris_nigriceps,2
Stachyris_nigricollis,2
Stachyris_nonggangensis,2
Stachyris_oglei,2
Stachyris_poliocephala,2
Stachyris_roberti,2
Stachyris_strialata,2
Stachyris_thoracica,2
Stactolaema_anchietae,3
Stactolaema_leucogrammica,3
Stactolaema_leucotis,3
Stactolaema_whytii,3
Stagonopleura_bella,2
Stagonopleura_guttata,2
Stagonopleura_oculata,2
Starnoenas_cyanocephala,4
Staurois_guttatus,3
Staurois_latopalmatus,3
Staurois_natator,3
Staurois_nubilus,3
Staurois_parvus,3
Staurois_tuberilinguis,3
Steatomys_bocagei,1
Steatomys_caurinus,1
Steatomys_cuppedius,1
Steatomys_jacksoni,1
Steatomys_krebsii,1
Steatomys_opimus,1
Steatomys_parvus,1
Steatomys_pratensis,1
Steatornis_caripensis,4
Stefania_ackawaio,3
Stefania_ayangannae,3
Stefania_breweri,3
Stefania_coxi,3
Stefania_evansi,3
Stefania_ginesi,3
Stefania_goini,3
Stefania_marahuaquensis,3
Stefania_neblinae,3
Stefania_oculosa,3
Stefania_percristata,3
Stefania_riae,3
Stefania_riveroi,3
Stefania_roraimae,3
Stefania_satelles,3
Stefania_scalae,3
Stefania_schuberti,3
Stefania_tamacuarina,3
Stefania_woodleyi,3
Steganopus_tricolor,3
Stegonotus_aruensis,3
Stegonotus_batjanensis,3
Stegonotus_borneensis,3
Stegonotus_cucullatus,3
Stegonotus_derooijae,3
Stegonotus_diehli,3
Stegonotus_florensis,3
Stegonotus_guentheri,3
Stegonotus_heterurus,3
Stegonotus_iridis,3
Stegonotus_keyensis,3
Stegonotus_lividus,3
Stegonotus_modestus,3
Stegonotus_muelleri,3
Stegonotus_parvus,3
Stegonotus_sutteri,3
Stelgidillas_gracilirostris,1
Stelgidopteryx_ridgwayi,2
Stelgidopteryx_ruficollis,2
Stelgidopteryx_serripennis,2
Stenocephalemys_albipes,2
Stenocephalemys_albocaudata,2
Stenocephalemys_griseicauda,2
Stenocephalemys_ruppi,2
Stenocercus_aculeatus,2
Stenocercus_angel,2
Stenocercus_angulifer,2
Stenocercus_apurimacus,2
Stenocercus_arndti,2
Stenocercus_azureus,2
Stenocercus_boettgeri,2
Stenocercus_bolivarensis,2
Stenocercus_cadlei,2
Stenocercus_caducus,2
Stenocercus_carrioni,2
Stenocercus_chinchaoensis,2
Stenocercus_chlorostictus,2
Stenocercus_chota,2
Stenocercus_chrysopygus,2
Stenocercus_crassicaudatus,2
Stenocercus_cupreus,2
Stenocercus_doellojuradoi,2
Stenocercus_dumerilii,2
Stenocercus_empetrus,2
Stenocercus_erythrogaster,2
Stenocercus_eunetopsis,2
Stenocercus_festae,2
Stenocercus_fimbriatus,2
Stenocercus_formosus,2
Stenocercus_frittsi,2
Stenocercus_guentheri,2
Stenocercus_haenschi,2
Stenocercus_huancabambae,2
Stenocercus_humeralis,2
Stenocercus_imitator,2
Stenocercus_iridescens,2
Stenocercus_ivitus,2
Stenocercus_lache,2
Stenocercus_latebrosus,2
Stenocercus_limitaris,2
Stenocercus_marmoratus,2
Stenocercus_melanopygus,2
Stenocercus_modestus,2
Stenocercus_nigromaculatus,2
Stenocercus_nubicola,2
Stenocercus_ochoai,2
Stenocercus_orientalis,2
Stenocercus_ornatissimus,2
Stenocercus_ornatus,2
Stenocercus_pectinatus,2
Stenocercus_percultus,2
Stenocercus_praeornatus,2
Stenocercus_prionotus,2
Stenocercus_puyango,2
Stenocercus_quinarius,2
Stenocercus_rhodomelas,2
Stenocercus_roseiventris,2
Stenocercus_santander,2
Stenocercus_scapularis,2
Stenocercus_simonsii,2
Stenocercus_sinesaccus,2
Stenocercus_squarrosus,2
Stenocercus_stigmosus,2
Stenocercus_torquatus,2
Stenocercus_trachycephalus,2
Stenocercus_tricristatus,2
Stenocercus_variabilis,2
Stenocercus_varius,2
Stenodactylus_affinis,1
Stenodactylus_doriae,1
Stenodactylus_grandiceps,1
Stenodactylus_leptocosymbotes,1
Stenodactylus_mauritanicus,1
Stenodactylus_petrii,1
Stenodactylus_slevini,1
Stenodactylus_stenurus,1
Stenodactylus_sthenodactylus,1
Stenodactylus_yemenensis,1
Stenoderma_rufum,3
Stenolepis_ridleyi,1
Stenorrhina_degenhardtii,2
Stenorrhina_freminvillei,2
Stenostira_scita,1
Stephanoaetus_coronatus,4
Stephanophorus_diadematus,3
Stephanoxis_lalandi,1
Stephanoxis_loddigesii,1
Stercorarius_longicaudus,4
Stercorarius_parasiticus,4
Stercorarius_pomarinus,4
Stereochilus_marginatus,2
Stereocyclops_histrio,2
Stereocyclops_incrassatus,2
Stereocyclops_palmipes,2
Stereocyclops_parkeri,2
Sterna_acuticauda,3
Sterna_aurantia,3
Sterna_forsteri,3
Sterna_hirundo,3
Sterna_paradisaea,3
Sterna_trudeaui,3
Sterna_vittata,3
Sternoclyta_cyanopectus,1
Sternotherus_carinatus,2
Sternotherus_depressus,2
Sternotherus_intermedius,2
Sternotherus_minor,2
Sternotherus_odoratus,2
Sternotherus_peltifer,2
Sternula_albifrons,3
Sternula_balaenarum,3
Sternula_lorata,3
Sternula_superciliaris,3
Sterrhoptilus_capitalis,2
Sterrhoptilus_dennistouni,2
Sterrhoptilus_nigrocapitatus,2
Stichophanes_ningshaanensis,2
Stictonetta_naevosa,4
Stigmatura_bahiae,1
Stigmatura_budytoides,1
Stigmatura_napensis,1
Stigmochelys_pardalis,4
Stiltia_isabella,3
Stiphrornis_erythrothorax,2
Stiphrornis_pyrrholaemus,2
Stiphrornis_xanthogaster,2
Stipiturus_malachurus,1
Stipiturus_mallee,1
Stipiturus_ruficeps,1
Stizorhina_finschi,3
Stizorhina_fraseri,3
Stochomys_longicaudatus,2
Stomiopera_flava,2
Stomiopera_unicolor,2
Storeria_dekayi,1
Storeria_hidalgoensis,1
Storeria_occipitomaculata,1
Storeria_storerioides,1
Strabomantis_anatipes,1
Strabomantis_anomalus,1
Strabomantis_biporcatus,1
Strabomantis_bufoniformis,1
Strabomantis_cadenai,1
Strabomantis_cheiroplethus,1
Strabomantis_cornutus,1
Strabomantis_ingeri,1
Strabomantis_laticorpus,1
Strabomantis_necopinus,1
Strabomantis_ruizi,1
Strabomantis_sulcatus,1
Strabomantis_zygodactylus,1
Strauchbufo_raddei,3
Strepera_fuliginosa,4
Strepera_graculina,4
Strepera_versicolor,4
Streptocitta_albertinae,3
Streptocitta_albicollis,3
Streptocitta_torquata,3
Streptopelia_bitorquata,3
Streptopelia_capicola,3
Streptopelia_decaocto,3
Streptopelia_decipiens,3
Streptopelia_dusumieri,3
Streptopelia_hypopyrrha,3
Streptopelia_lugens,3
Streptopelia_orientalis,3
Streptopelia_reichenowi,3
Streptopelia_roseogrisea,3
Streptopelia_semitorquata,3
Streptopelia_tranquebarica,3
Streptopelia_turtur,3
Streptopelia_vinacea,3
Streptopelia_xanthocycla,3
Streptoprocne_biscutata,3
Streptoprocne_phelpsi,3
Streptoprocne_rutila,3
Streptoprocne_semicollaris,3
Streptoprocne_zonaris,3
Stresemannia_bougainvillei,2
Strigocuscus_celebensis,3
Strigocuscus_pelengensis,3
Strigops_habroptila,4
Strix_aluco,4
Strix_butleri,4
Strix_chacoensis,4
Strix_fulvescens,4
Strix_hadorami,4
Strix_hylophila,4
Strix_leptogrammica,4
Strix_nebulosa,4
Strix_nivicolum,4
Strix_occidentalis,4
Strix_ocellata,4
Strix_rufipes,4
Strix_seloputo,4
Strix_uralensis,4
Strix_varia,4
Strix_woodfordii,4
Strobilurus_torquatus,2
Strongylopus_bonaespei,4
Strongylopus_fasciatus,4
Strongylopus_fuelleborni,4
Strongylopus_grayii,4
Strongylopus_kilimanjaro,4
Strongylopus_kitumbeine,4
Strongylopus_merumontanus,4
Strongylopus_rhodesianus,4
Strongylopus_wageri,4
Strophurus_assimilis,2
Strophurus_ciliaris,2
Strophurus_congoo,2
Strophurus_elderi,2
Strophurus_horneri,2
Strophurus_intermedius,2
Strophurus_jeanae,2
Strophurus_krisalys,2
Strophurus_mcmillani,2
Strophurus_michaelseni,2
Strophurus_rankini,2
Strophurus_robinsoni,2
Strophurus_spinigerus,2
Strophurus_strophurus,2
Strophurus_taeniatus,2
Strophurus_taenicauda,2
Strophurus_wellingtonae,2
Strophurus_williamsi,2
Strophurus_wilsoni,2
Struthidea_cinerea,4
Struthio_camelus,4
Struthio_molybdophanes,4
Stumpffia_achillei,2
Stumpffia_analamaina,2
Stumpffia_analanjirofo,2
Stumpffia_be,2
Stumpffia_betampona,2
Stumpffia_contumelia,2
Stumpffia_davidattenboroughi,2
Stumpffia_diutissima,2
Stumpffia_dolchi,2
Stumpffia_edmondsi,2
Stumpffia_fusca,2
Stumpffia_garraffoi,2
Stumpffia_gimmeli,2
Stumpffia_grandis,2
Stumpffia_hara,2
Stumpffia_huwei,2
Stumpffia_iharana,2
Stumpffia_jeannoeli,2
Stumpffia_kibomena,2
Stumpffia_larinki,2
Stumpffia_madagascariensis,2
Stumpffia_makira,2
Stumpffia_maledicta,2
Stumpffia_mamitika,2
Stumpffia_megsoni,2
Stumpffia_meikeae,2
Stumpffia_miery,2
Stumpffia_miovaova,2
Stumpffia_nigrorubra,2
Stumpffia_obscoena,2
Stumpffia_pardus,2
Stumpffia_psologlossa,2
Stumpffia_pygmaea,2
Stumpffia_roseifemoralis,2
Stumpffia_sorata,2
Stumpffia_spandei,2
Stumpffia_staffordi,2
Stumpffia_tetradactyla,2
Stumpffia_tridactyla,2
Stumpffia_yanniki,2
Sturnella_magna,3
Sturnella_neglecta,3
Sturnia_erythropygia,3
Sturnia_malabarica,3
Sturnia_pagodarum,3
Sturnia_sinensis,3
Sturnira_angeli,3
Sturnira_aratathomasi,3
Sturnira_bakeri,3
Sturnira_bidens,3
Sturnira_bogotensis,3
Sturnira_burtonlimi,3
Sturnira_erythromos,3
Sturnira_hondurensis,3
Sturnira_koopmanhilli,3
Sturnira_lilium,3
Sturnira_ludovici,3
Sturnira_luisi,3
Sturnira_magna,3
Sturnira_mistratensis,3
Sturnira_mordax,3
Sturnira_nana,3
Sturnira_oporaphilum,3
Sturnira_parvidens,3
Sturnira_paulsoni,3
Sturnira_perla,3
Sturnira_tildae,3
Sturnornis_albofrontatus,3
Sturnus_unicolor,3
Sturnus_vulgaris,3
Styloctenium_mindorensis,4
Styloctenium_wallacei,4
Stylodipus_andrewsi,2
Stylodipus_sungorus,2
Stylodipus_telum,2
Subdoluseps_bowringii,1
Subdoluseps_frontoparietalis,1
Subdoluseps_herberti,1
Sublegatus_arenarum,1
Sublegatus_modestus,1
Sublegatus_obscurior,1
Submyotodon_latirostris,2
Subsessor_bocourti,2
Sugomel_nigrum,2
Suiriri_suiriri,1
Sula_granti,4
Sumaterana_crassiovis,3
Suncus_aequatorius,1
Suncus_ater,1
Suncus_dayi,1
Suncus_etruscus,1
Suncus_fellowesgordoni,1
Suncus_hosei,1
Suncus_hututsi,1
Suncus_infinitesimus,1
Suncus_lixus,1
Suncus_malayanus,1
Suncus_megalura,1
Suncus_mertensi,1
Suncus_montanus,1
Suncus_murinus,1
Suncus_remyi,1
Suncus_stoliczkanus,1
Suncus_varilla,1
Suncus_zeylanicus,1
Sundamys_infraluteus,3
Sundamys_maxi,3
Sundamys_muelleri,3
Sundasciurus_brookei,2
Sundasciurus_davensis,2
Sundasciurus_fraterculus,2
Sundasciurus_hippurus,2
Sundasciurus_hoogstraali,2
Sundasciurus_jentinki,2
Sundasciurus_juvencus,2
Sundasciurus_lowii,2
Sundasciurus_mindanensis,2
Sundasciurus_moellendorffi,2
Sundasciurus_philippinensis,2
Sundasciurus_rabori,2
Sundasciurus_samarensis,2
Sundasciurus_steerii,2
Sundasciurus_tenuis,2
Sundatyphlops_polygrammicus,1
Suppressascincus_pluto,2
Surdisorex_norae,1
Surdisorex_polulus,1
Surdisorex_schlitteri,1
Suricata_suricatta,3
Surnia_ulula,4
Surniculus_dicruroides,3
Surniculus_lugubris,3
Surniculus_musschenbroeki,3
Surniculus_velutinus,3
Sus_ahoenobarbus,4
Sus_barbatus,4
Sus_cebifrons,4
Sus_celebensis,4
Sus_oliveri,4
Sus_philippensis,4
Sus_scrofa,4
Sus_verrucosus,4
Suta_dwyeri,1
Suta_fasciata,1
Suta_flagellum,1
Suta_gouldii,1
Suta_monachus,1
Suta_nigriceps,1
Suta_ordensis,1
Suta_punctata,1
Suta_spectabilis,1
Suta_suta,1
Suthora_fulvifrons,1
Suthora_nipalensis,1
Suthora_verreauxi,1
Swynnertonia_swynnertoni,2
Syconycteris_australis,2
Syconycteris_carolinae,2
Syconycteris_hobbit,2
Sylvacaecilia_grandisonae,1
Sylvia_abyssinica,2
Sylvia_atricapilla,2
Sylvia_atriceps,2
Sylvia_balearica,2
Sylvia_boehmi,2
Sylvia_borin,2
Sylvia_buryi,2
Sylvia_cantillans,2
Sylvia_communis,2
Sylvia_conspicillata,2
Sylvia_crassirostris,2
Sylvia_curruca,2
Sylvia_deserti,2
Sylvia_deserticola,2
Sylvia_dohrni,2
Sylvia_hortensis,2
Sylvia_layardi,2
Sylvia_leucomelaena,2
Sylvia_lugens,2
Sylvia_melanocephala,2
Sylvia_melanothorax,2
Sylvia_mystacea,2
Sylvia_nana,2
Sylvia_nigricapillus,2
Sylvia_nisoria,2
Sylvia_ruppeli,2
Sylvia_sarda,2
Sylvia_subalpina,2
Sylvia_subcoerulea,2
Sylvia_undata,2
Sylvicapra_grimmia,4
Sylvietta_brachyura,1
Sylvietta_chapini,1
Sylvietta_denti,1
Sylvietta_isabellina,1
Sylvietta_leucophrys,1
Sylvietta_leucopsis,1
Sylvietta_philippae,1
Sylvietta_rufescens,1
Sylvietta_ruficapilla,1
Sylvietta_virens,1
Sylvietta_whytii,1
Sylvilagus_aquaticus,3
Sylvilagus_audubonii,3
Sylvilagus_bachmani,3
Sylvilagus_brasiliensis,3
Sylvilagus_cognatus,3
Sylvilagus_cunicularius,3
Sylvilagus_dicei,3
Sylvilagus_floridanus,3
Sylvilagus_gabbi,3
Sylvilagus_graysoni,3
Sylvilagus_mansuetus,3
Sylvilagus_nuttallii,3
Sylvilagus_obscurus,3
Sylvilagus_palustris,3
Sylvilagus_robustus,3
Sylvilagus_tapetillus,3
Sylvilagus_transitionalis,3
Sylvilagus_varynaensis,3
Sylviorthorhynchus_desmurii,1
Sylviorthorhynchus_yanacensis,1
Sylviparus_modestus,2
Sylvisorex_akaibei,1
Sylvisorex_camerunensis,1
Sylvisorex_corbeti,1
Sylvisorex_granti,1
Sylvisorex_howelli,1
Sylvisorex_isabellae,1
Sylvisorex_johnstoni,1
Sylvisorex_konganensis,1
Sylvisorex_lunaris,1
Sylvisorex_morio,1
Sylvisorex_ollula,1
Sylvisorex_oriundus,1
Sylvisorex_pluvialis,1
Sylvisorex_silvanorum,1
Sylvisorex_vulcanorum,1
Syma_megarhyncha,3
Syma_torotoro,3
Symphalangus_syndactylus,4
Symphimus_leucostomus,2
Symphimus_mayae,2
Sympholis_lippiens,2
Symposiachrus_ateralbus,2
Symposiachrus_axillaris,2
Symposiachrus_barbatus,2
Symposiachrus_boanensis,2
Symposiachrus_brehmii,2
Symposiachrus_browni,2
Symposiachrus_everetti,2
Symposiachrus_guttula,2
Symposiachrus_infelix,2
Symposiachrus_julianae,2
Symposiachrus_leucurus,2
Symposiachrus_loricatus,2
Symposiachrus_malaitae,2
Symposiachrus_manadensis,2
Symposiachrus_menckei,2
Symposiachrus_mundus,2
Symposiachrus_rubiensis,2
Symposiachrus_sacerdotum,2
Symposiachrus_trivirgatus,2
Symposiachrus_verticalis,2
Symposiachrus_vidua,2
Synallaxis_albescens,2
Synallaxis_albigularis,2
Synallaxis_albilora,2
Synallaxis_azarae,2
Synallaxis_beverlyae,2
Synallaxis_brachyura,1
Synallaxis_cabanisi,2
Synallaxis_candei,1
Synallaxis_castanea,2
Synallaxis_cherriei,1
Synallaxis_chinchipensis,1
Synallaxis_cinerascens,2
Synallaxis_cinerea,1
Synallaxis_cinnamomea,2
Synallaxis_courseni,2
Synallaxis_erythrothorax,2
Synallaxis_frontalis,1
Synallaxis_fuscorufa,2
Synallaxis_gujanensis,2
Synallaxis_hellmayri,1
Synallaxis_hypochondriaca,2
Synallaxis_hypospodia,2
Synallaxis_infuscata,1
Synallaxis_kollari,1
Synallaxis_macconnelli,1
Synallaxis_maranonica,1
Synallaxis_moesta,1
Synallaxis_ruficapilla,2
Synallaxis_rutilans,2
Synallaxis_scutata,1
Synallaxis_simoni,1
Synallaxis_spixi,2
Synallaxis_stictothorax,2
Synallaxis_subpudica,1
Synallaxis_tithys,1
Synallaxis_unirufa,2
Synallaxis_zimmeri,1
Synaptomys_borealis,1
Synaptomys_cooperi,1
Synapturanus_mirandaribeiroi,2
Synapturanus_rabus,2
Synapturanus_salseri,2
Syncerus_caffer,4
Syndactyla_dimidiata,2
Syndactyla_guttulata,2
Syndactyla_roraimae,2
Syndactyla_ruficollis,2
Syndactyla_rufosuperciliata,2
Syndactyla_striata,3
Syndactyla_subalaris,2
Syndactyla_ucayalae,2
Synoicus_adansonii,3
Synoicus_chinensis,3
Synoicus_ypsilophorus,3
Synophis_bicolor,2
Synophis_calamitus,2
Synophis_lasallei,2
Synophis_plectovertebralis,2
Synophis_zaheri,2
Syntheosciurus_brochus,2
Sypheotides_indicus,4
Syrigma_sibilatrix,4
Syrmaticus_ellioti,4
Syrmaticus_humiae,4
Syrmaticus_mikado,4
Syrmaticus_reevesii,4
Syrmaticus_soemmerringii,4
Syrrhaptes_paradoxus,4
Syrrhaptes_tibetanus,4
Systellura_decussata,3
Systellura_longirostris,3
Systellura_roraimae,3
Taccocua_leschenaultii,3
Tachiramantis_cuentasi,2
Tachiramantis_douglasi,1
Tachiramantis_lassoalcalai,1
Tachiramantis_lentiginosus,1
Tachiramantis_padrecarlosi,2
Tachiramantis_prolixodiscus,1
Tachiramantis_tayrona,2
Tachornis_furcata,1
Tachornis_phoenicobia,1
Tachornis_squamata,1
Tachuris_rubrigastra,1
Tachybaptus_dominicus,4
Tachybaptus_novaehollandiae,4
Tachybaptus_pelzelnii,4
Tachybaptus_ruficollis,4
Tachycineta_albilinea,2
Tachycineta_albiventer,2
Tachycineta_bicolor,2
Tachycineta_cyaneoviridis,2
Tachycineta_euchrysea,1
Tachycineta_leucorrhoa,2
Tachycineta_meyeni,2
Tachycineta_stolzmanni,1
Tachycineta_thalassina,1
Tachycnemis_seychellensis,1
Tachyeres_patachonicus,4
Tachyglossus_aculeatus,4
Tachymarptis_aequatorialis,3
Tachymarptis_melba,3
Tachymenis_ocellata,2
Tachymenis_peruviana,2
Tachymenis_trigonatus,2
Tachymenoides_affinis,2
Tachyoryctes_macrocephalus,2
Tachyoryctes_splendens,2
Tachyphonus_coronatus,2
Tachyphonus_phoenicius,2
Tachyphonus_rufus,2
Tadarida_aegyptiaca,2
Tadarida_brasiliensis,2
Tadarida_fulminans,2
Tadarida_insignis,2
Tadarida_latouchei,2
Tadarida_lobata,2
Tadarida_teniotis,2
Tadarida_ventralis,2
Tadorna_cana,4
Tadorna_cristata,4
Tadorna_ferruginea,4
Tadorna_tadorna,4
Tadorna_tadornoides,4
Tadorna_variegata,4
Taeniophallus_brevirostris,2
Taeniophallus_nebularis,2
Taeniophallus_nicagus,2
Taeniopygia_bichenovii,1
Taeniopygia_castanotis,1
Taeniopygia_guttata,1
Taeniotriccus_andrei,1
Taeromys_arcuatus,3
Taeromys_callitrichus,3
Taeromys_celebensis,3
Taeromys_hamatus,3
Taeromys_microbullatus,3
Taeromys_punicans,3
Taeromys_taerae,3
Takydromus_albomaculosus,1
Takydromus_amurensis,1
Takydromus_dorsalis,1
Takydromus_formosanus,1
Takydromus_hani,1
Takydromus_haughtonianus,1
Takydromus_hsuehshanensis,1
Takydromus_intermedius,1
Takydromus_khasiensis,1
Takydromus_kuehnei,1
Takydromus_luyeanus,1
Takydromus_madaensis,1
Takydromus_sauteri,1
Takydromus_septentrionalis,1
Takydromus_sexlineatus,1
Takydromus_sikkimensis,1
Takydromus_smaragdinus,1
Takydromus_stejnegeri,1
Takydromus_sylvaticus,1
Takydromus_tachydromoides,1
Takydromus_toyamai,1
Takydromus_viridipunctatus,1
Takydromus_wolteri,1
Talegalla_cuvieri,4
Talegalla_fuscirostris,4
Talegalla_jobiensis,4
Talpa_altaica,2
Talpa_caeca,2
Talpa_caucasica,2
Talpa_davidiana,2
Talpa_europaea,2
Talpa_levantis,2
Talpa_occidentalis,2
Talpa_romana,2
Talpa_stankovici,2
Tamandua_mexicana,4
Tamandua_tetradactyla,4
Tamias_striatus,2
Tamiasciurus_douglasii,3
Tamiasciurus_hudsonicus,3
Tamiops_macclellandii,2
Tamiops_maritimus,2
Tamiops_rodolphii,2
Tamiops_swinhoei,2
Tangara_abbas,2
Tangara_argentea,2
Tangara_argyrofenges,2
Tangara_arthus,2
Tangara_atrocoerulea,2
Tangara_aurulenta,2
Tangara_brasiliensis,2
Tangara_cabanisi,2
Tangara_callophrys,2
Tangara_cayana,2
Tangara_chilensis,2
Tangara_chrysotis,2
Tangara_cucullata,2
Tangara_cyanicollis,2
Tangara_cyanocephala,2
Tangara_cyanomelas,2
Tangara_cyanoptera,2
Tangara_cyanotis,2
Tangara_cyanoventris,2
Tangara_desmaresti,2
Tangara_dowii,2
Tangara_episcopus,3
Tangara_fastuosa,2
Tangara_flava,1
Tangara_florida,2
Tangara_fucosa,2
Tangara_fulvicervix,2
Tangara_glaucocolpa,2
Tangara_guttata,2
Tangara_gyrola,2
Tangara_heinei,2
Tangara_icterocephala,2
Tangara_inornata,2
Tangara_johannae,2
Tangara_labradorides,2
Tangara_larvata,2
Tangara_lavinia,2
Tangara_lunigera,2
Tangara_mexicana,2
Tangara_meyerdeschauenseei,2
Tangara_nigrocincta,2
Tangara_nigroviridis,2
Tangara_ornata,2
Tangara_palmarum,3
Tangara_palmeri,2
Tangara_parzudakii,2
Tangara_peruviana,2
Tangara_phillipsi,2
Tangara_preciosa,2
Tangara_punctata,2
Tangara_ruficervix,2
Tangara_rufigenis,2
Tangara_rufigula,2
Tangara_sayaca,2
Tangara_schrankii,2
Tangara_seledon,2
Tangara_varia,2
Tangara_vassorii,2
Tangara_velia,2
Tangara_versicolor,2
Tangara_viridicollis,2
Tangara_vitriolina,2
Tangara_whitelyi,2
Tangara_xanthocephala,2
Tangara_xanthogastra,1
Tantalophis_discolor,2
Tantilla_albiceps,1
Tantilla_alticola,1
Tantilla_andinista,1
Tantilla_armillata,1
Tantilla_atriceps,1
Tantilla_bairdi,1
Tantilla_bocourti,1
Tantilla_boipiranga,1
Tantilla_brevicauda,1
Tantilla_briggsi,1
Tantilla_calamarina,1
Tantilla_capistrata,1
Tantilla_cascadae,1
Tantilla_coronadoi,1
Tantilla_coronata,1
Tantilla_cucullata,1
Tantilla_cuniculator,1
Tantilla_deppei,1
Tantilla_flavilineata,1
Tantilla_gracilis,1
Tantilla_hendersoni,1
Tantilla_hobartsmithi,1
Tantilla_impensa,1
Tantilla_insulamontana,1
Tantilla_jani,1
Tantilla_johnsoni,1
Tantilla_lempira,1
Tantilla_melanocephala,1
Tantilla_miyatai,1
Tantilla_moesta,1
Tantilla_nigra,1
Tantilla_nigriceps,1
Tantilla_oaxacae,1
Tantilla_oolitica,1
Tantilla_petersi,1
Tantilla_planiceps,1
Tantilla_psittaca,1
Tantilla_relicta,1
Tantilla_reticulata,1
Tantilla_robusta,1
Tantilla_rubra,1
Tantilla_ruficeps,1
Tantilla_schistosa,1
Tantilla_semicincta,1
Tantilla_sertula,1
Tantilla_shawi,1
Tantilla_slavensi,1
Tantilla_striata,1
Tantilla_supracincta,1
Tantilla_taeniata,1
Tantilla_tayrae,1
Tantilla_tecta,1
Tantilla_triseriata,1
Tantilla_tritaeniata,1
Tantilla_vermiformis,1
Tantilla_vulcani,1
Tantilla_wilcoxi,1
Tantilla_yaquia,1
Tantillita_brevissima,1
Tantillita_canula,1
Tantillita_lintoni,1
Tanygnathus_gramineus,4
Tanygnathus_lucionensis,4
Tanygnathus_megalorynchos,4
Tanygnathus_sumatranus,4
Tanysiptera_carolinae,3
Tanysiptera_danae,3
Tanysiptera_ellioti,3
Tanysiptera_galatea,3
Tanysiptera_hydrocharis,2
Tanysiptera_nigriceps,3
Tanysiptera_nympha,3
Tanysiptera_riedelii,3
Tanysiptera_sylvia,3
Tanyuromys_aphrastus,1
Taoniscus_nanus,3
Tapecomys_primus,1
Tapera_naevia,3
Taphozous_achates,3
Taphozous_australis,3
Taphozous_georgianus,3
Taphozous_hamiltoni,3
Taphozous_hildegardeae,3
Taphozous_hilli,3
Taphozous_kapalgensis,3
Taphozous_longimanus,3
Taphozous_mauritianus,3
Taphozous_melanopogon,3
Taphozous_nudiventris,3
Taphozous_perforatus,3
Taphozous_theobaldi,3
Taphozous_troughtoni,3
Taphrolesbia_griseiventris,1
Taphrospilus_hypostictus,1
Tapirus_bairdii,4
Tapirus_indicus,4
Tapirus_pinchaque,4
Tapirus_terrestris,4
Taraba_major,3
Tarentola_albertschwartzi,2
Tarentola_americana,2
Tarentola_angustimentalis,2
Tarentola_annularis,2
Tarentola_boavistensis,2
Tarentola_bocagei,2
Tarentola_boehmei,2
Tarentola_boettgeri,2
Tarentola_caboverdiana,2
Tarentola_chazaliae,2
Tarentola_crombiei,2
Tarentola_darwini,2
Tarentola_delalandii,2
Tarentola_deserti,2
Tarentola_ephippiata,2
Tarentola_fascicularis,2
Tarentola_fogoensis,2
Tarentola_gigas,2
Tarentola_gomerensis,2
Tarentola_hoggarensis,2
Tarentola_maioensis,2
Tarentola_mauritanica,2
Tarentola_mindiae,2
Tarentola_neglecta,2
Tarentola_nicolauensis,2
Tarentola_parvicarinata,2
Tarentola_pastoria,2
Tarentola_protogigas,2
Tarentola_raziana,2
Tarentola_rudis,2
Tarentola_senegambiae,2
Tarentola_substituta,2
Taricha_granulosa,3
Taricha_rivularis,3
Taricha_sierrae,3
Taricha_torosa,3
Tarphonomus_certhioides,2
Tarphonomus_harterti,2
Tarsiger_chrysaeus,2
Tarsiger_cyanurus,1
Tarsiger_hyperythrus,2
Tarsiger_indicus,2
Tarsiger_johnstoniae,1
Tarsiger_rufilatus,1
Tarsipes_rostratus,1
Tarsius_dentatus,2
Tarsius_fuscus,2
Tarsius_lariang,2
Tarsius_niemitzi,2
Tarsius_pelengensis,2
Tarsius_pumilus,2
Tarsius_sangirensis,2
Tarsius_spectrumgurskyae,2
Tarsius_supriatnai,2
Tarsius_tarsier,2
Tarsius_tumpara,2
Tarsius_wallacei,2
Tarsomys_apoensis,2
Tarsomys_echinatus,2
Taruga_eques,2
Taruga_fastigo,2
Taruga_longinasus,2
Tateomys_macrocercus,2
Tateomys_rhinogradoides,2
Tatera_indica,2
Taterillus_arenarius,2
Taterillus_congicus,2
Taterillus_emini,2
Taterillus_gracilis,2
Taterillus_lacustris,2
Taterillus_petteri,2
Taterillus_pygargus,2
Taterillus_tranieri,2
Taudactylus_eungellensis,1
Taudactylus_liemi,1
Taudactylus_pleione,1
Tauraco_bannermani,4
Tauraco_corythaix,4
Tauraco_erythrolophus,4
Tauraco_fischeri,4
Tauraco_hartlaubi,4
Tauraco_leucolophus,4
Tauraco_leucotis,4
Tauraco_livingstonii,4
Tauraco_macrorhynchus,4
Tauraco_persa,4
Tauraco_ruspolii,4
Tauraco_schalowi,4
Tauraco_schuettii,4
Taxidea_taxus,4
Tayassu_pecari,4
Tchagra_australis,3
Tchagra_jamesi,2
Tchagra_senegalus,3
Tchagra_tchagra,3
Techmarscincus_jigurru,1
Teira_dugesii,2
Teius_oculatus,2
Teius_suquiensis,2
Teius_teyou,2
Telacanthura_melanopygia,2
Telacanthura_ussheri,2
Teledromas_fuscus,2
Telescopus_beetzii,2
Telescopus_dhara,2
Telescopus_fallax,2
Telescopus_finkeldeyi,2
Telescopus_gezirae,2
Telescopus_hoogstraali,2
Telescopus_nigriceps,2
Telescopus_obtusus,2
Telescopus_pulcher,2
Telescopus_rhinopoma,2
Telescopus_semiannulatus,2
Telescopus_tessellatus,2
Telescopus_tripolitanus,2
Telescopus_variegatus,2
Telespiza_cantans,3
Telespiza_ultima,2
Telmatobius_arequipensis,2
Telmatobius_atahualpai,2
Telmatobius_brachydactylus,2
Telmatobius_brevipes,2
Telmatobius_brevirostris,2
Telmatobius_carrillae,2
Telmatobius_chusmisensis,2
Telmatobius_colanensis,2
Telmatobius_degener,2
Telmatobius_gigas,2
Telmatobius_hockingi,2
Telmatobius_huayra,2
Telmatobius_ignavus,2
Telmatobius_intermedius,2
Telmatobius_jelskii,2
Telmatobius_latirostris,2
Telmatobius_marmoratus,2
Telmatobius_necopinus,2
Telmatobius_oxycephalus,2
Telmatobius_peruvianus,2
Telmatobius_philippii,2
Telmatobius_punctatus,2
Telmatobius_rimac,2
Telmatobius_sanborni,2
Telmatobius_simonsi,2
Telmatobius_thompsoni,2
Telmatobius_timens,2
Telmatobius_truebae,2
Telmatobius_ventriflavum,2
Telmatobius_verrucosus,2
Telmatobius_vilamensis,2
Telmatobius_yuracare,2
Telmatobius_zapahuirensis,2
Telmatobufo_australis,2
Telmatobufo_bullocki,2
Telmatobufo_ignotus,2
Telmatobufo_venustus,2
Telophorus_dohertyi,2
Telophorus_viridis,3
Telophorus_zeylonus,3
Temnotrogon_roseigaster,3
Temnurus_temnurus,3
Tenrec_ecaudatus,4
Tenuidactylus_bogdanovi,2
Tenuidactylus_caspius,2
Tenuidactylus_dadunensis,2
Tenuidactylus_elongatus,2
Tenuidactylus_fedtschenkoi,2
Tenuidactylus_longipes,2
Tenuidactylus_microlepis,2
Tenuidactylus_turcmenicus,2
Tenuidactylus_voraginosus,2
Tephrodornis_affinis,2
Tephrodornis_pondicerianus,2
Tephrodornis_sylvicola,2
Tephrodornis_virgatus,3
Tephrophilus_wetmorei,2
Tephrozosterops_stalkeri,1
Tepuihyla_aecii,2
Tepuihyla_edelcae,2
Tepuihyla_exophthalma,2
Tepuihyla_luteolabris,2
Tepuihyla_obscura,2
Tepuihyla_rodriguezi,2
Tepuihyla_shushupe,2
Tepuihyla_tuberculosa,2
Tepuihyla_warreni,2
Terathopius_ecaudatus,4
Teratohyla_adenocheira,1
Teratohyla_amelie,1
Teratohyla_midas,1
Teratohyla_pulverata,1
Teratohyla_spinosa,1
Teratoscincus_bedriagai,2
Teratoscincus_keyserlingii,2
Teratoscincus_microlepis,2
Teratoscincus_przewalskii,2
Teratoscincus_roborowskii,2
Teratoscincus_rustamowi,2
Teratoscincus_scincus,2
Terenotriccus_erythrurus,1
Terenura_maculata,1
Terenura_sicki,1
Teretistris_fernandinae,1
Teretistris_fornsi,1
Teretrurus_rhodogaster,2
Teretrurus_sanguineus,1
Terpsiphone_affinis,1
Terpsiphone_atrocaudata,2
Terpsiphone_atrochalybeia,1
Terpsiphone_batesi,1
Terpsiphone_bedfordi,1
Terpsiphone_bourbonnensis,1
Terpsiphone_cinnamomea,1
Terpsiphone_cyanescens,1
Terpsiphone_floris,1
Terpsiphone_incei,1
Terpsiphone_mutata,1
Terpsiphone_paradisi,2
Terpsiphone_rufiventer,2
Terpsiphone_rufocinerea,1
Terpsiphone_unirufa,1
Terpsiphone_viridis,1
Tersina_viridis,2
Tesia_cyaniventer,1
Tesia_everetti,1
Tesia_olivea,1
Tesia_superciliaris,1
Testudo_hermanni,3
Testudo_marginata,3
Tetracerus_quadricornis,4
Tetracheilostoma_bilineatum,1
Tetracheilostoma_breuili,1
Tetracheilostoma_carlae,1
Tetradactylus_africanus,1
Tetradactylus_breyeri,1
Tetradactylus_ellenbergeri,1
Tetradactylus_fitzsimonsi,1
Tetradactylus_seps,1
Tetradactylus_tetradactylus,1
Tetradactylus_udzungwensis,1
Tetralepis_fruhstorferi,2
Tetrao_urogalloides,4
Tetrao_urogallus,4
Tetraogallus_altaicus,4
Tetraogallus_caspius,4
Tetraogallus_caucasicus,4
Tetraogallus_himalayensis,4
Tetraogallus_tibetanus,4
Tetraophasis_obscurus,4
Tetraophasis_szechenyii,4
Tetrax_tetrax,4
Thalassarche_bulleri,4
Thalassarche_carteri,4
Thalassarche_cauta,4
Thalassarche_chlororhynchos,4
Thalassarche_chrysostoma,4
Thalassarche_impavida,4
Thalassarche_melanophris,4
Thalassarche_steadi,4
Thalasseus_bergii,4
Thalassornis_leuconotus,4
Thallomys_loringi,2
Thallomys_nigricauda,2
Thallomys_paedulcus,2
Thallomys_shortridgei,2
Thalpomys_cerradensis,1
Thalpomys_lasiotis,1
Thalurania_colombica,1
Thalurania_furcata,1
Thalurania_glaucopis,1
Thalurania_ridgwayi,1
Thalurania_watertonii,1
Thamnistes_aequatorialis,2
Thamnistes_anabatinus,2
Thamnodynastes_longicauda,2
Thamnodynastes_pallidus,2
Thamnodynastes_sertanejo,2
Thamnolaea_cinnamomeiventris,3
Thamnomanes_ardesiacus,2
Thamnomanes_caesius,2
Thamnomanes_saturninus,2
Thamnomanes_schistogynus,2
Thamnomys_kempi,1
Thamnomys_schoutedeni,1
Thamnomys_venustus,1
Thamnophilus_aethiops,2
Thamnophilus_amazonicus,2
Thamnophilus_ambiguus,2
Thamnophilus_aroyae,2
Thamnophilus_atrinucha,2
Thamnophilus_bernardi,2
Thamnophilus_bridgesi,2
Thamnophilus_caerulescens,2
Thamnophilus_cryptoleucus,2
Thamnophilus_divisorius,2
Thamnophilus_doliatus,2
Thamnophilus_insignis,2
Thamnophilus_melanonotus,2
Thamnophilus_melanothorax,2
Thamnophilus_multistriatus,2
Thamnophilus_murinus,2
Thamnophilus_nigriceps,2
Thamnophilus_nigrocinereus,2
Thamnophilus_palliatus,2
Thamnophilus_pelzelni,2
Thamnophilus_praecox,2
Thamnophilus_punctatus,2
Thamnophilus_ruficapillus,2
Thamnophilus_schistaceus,2
Thamnophilus_shumbae,2
Thamnophilus_stictocephalus,2
Thamnophilus_sticturus,2
Thamnophilus_subfasciatus,2
Thamnophilus_tenuepunctatus,2
Thamnophilus_torquatus,2
Thamnophilus_unicolor,2
Thamnophilus_zarumae,2
Thamnophis_brachystoma,2
Thamnophis_butleri,2
Thamnophis_chrysocephalus,2
Thamnophis_copei,2
Thamnophis_cyrtopsis,2
Thamnophis_elegans,2
Thamnophis_eques,2
Thamnophis_errans,2
Thamnophis_exsul,2
Thamnophis_foxi,2
Thamnophis_fulvus,2
Thamnophis_gigas,3
Thamnophis_godmani,2
Thamnophis_hammondii,2
Thamnophis_marcianus,2
Thamnophis_melanogaster,2
Thamnophis_mendax,2
Thamnophis_nigronuchalis,2
Thamnophis_ordinoides,2
Thamnophis_postremus,2
Thamnophis_proximus,2
Thamnophis_pulchrilatus,2
Thamnophis_radix,2
Thamnophis_rossmani,2
Thamnophis_rufipunctatus,2
Thamnophis_saurita,2
Thamnophis_scalaris,2
Thamnophis_scaliger,2
Thamnophis_sirtalis,2
Thamnophis_sumichrasti,2
Thamnophis_validus,2
Thamnornis_chloropetoides,2
Thamnosophis_epistibes,2
Thamnosophis_infrasignatus,2
Thamnosophis_lateralis,2
Thamnosophis_martae,2
Thamnosophis_mavotenda,2
Thamnosophis_stumpffi,2
Thaptomys_nigrita,1
Thaumastura_cora,1
Thaumatibis_gigantea,4
Thecadactylus_oskrobapreinorum,2
Thecadactylus_rapicauda,2
Thecadactylus_solimoensis,2
Theloderma_albopunctatum,2
Theloderma_annae,2
Theloderma_asperum,2
Theloderma_auratum,2
Theloderma_baibungense,2
Theloderma_bicolor,2
Theloderma_corticale,2
Theloderma_gordoni,2
Theloderma_horridum,2
Theloderma_lacustrinum,2
Theloderma_laeve,2
Theloderma_lateriticum,2
Theloderma_leporosum,2
Theloderma_licin,2
Theloderma_moloch,2
Theloderma_nagalandense,2
Theloderma_nebulosum,2
Theloderma_palliatum,2
Theloderma_petilum,2
Theloderma_phrynoderma,2
Theloderma_pyaukkya,2
Theloderma_rhododiscus,2
Theloderma_ryabovi,2
Theloderma_stellatum,2
Theloderma_truongsonense,2
Theloderma_vietnamense,2
Thelotornis_capensis,2
Thelotornis_kirtlandii,2
Thelotornis_mossambicanus,2
Thelotornis_usambaricus,2
Theristicus_branickii,4
Theristicus_caerulescens,4
Theristicus_caudatus,4
Theristicus_melanopis,4
Thermophis_baileyi,2
Thermophis_shangrila,2
Thermophis_zhaoermii,2
Theropithecus_gelada,4
Thescelocichla_leucopleura,2
Thinocorus_orbignyianus,3
Thinocorus_rumicivorus,3
Thinornis_cucullatus,3
Thinornis_novaeseelandiae,3
Thlypopsis_fulviceps,2
Thlypopsis_inornata,2
Thlypopsis_ornata,2
Thlypopsis_pectoralis,2
Thlypopsis_pyrrhocoma,2
Thlypopsis_ruficeps,2
Thlypopsis_sordida,2
Thlypopsis_superciliaris,2
Thomasomys_andersoni,1
Thomasomys_apeco,1
Thomasomys_aureus,1
Thomasomys_auricularis,1
Thomasomys_baeops,1
Thomasomys_bombycinus,1
Thomasomys_caudivarius,1
Thomasomys_cinereiventer,1
Thomasomys_cinereus,1
Thomasomys_cinnameus,1
Thomasomys_contradictus,1
Thomasomys_daphne,1
Thomasomys_dispar,1
Thomasomys_eleusis,1
Thomasomys_emeritus,1
Thomasomys_erro,1
Thomasomys_gracilis,1
Thomasomys_hudsoni,1
Thomasomys_hylophilus,1
Thomasomys_incanus,1
Thomasomys_ischyrus,1
Thomasomys_kalinowskii,1
Thomasomys_ladewi,1
Thomasomys_laniger,1
Thomasomys_macrotis,1
Thomasomys_monochromos,1
Thomasomys_nicefori,1
Thomasomys_niveipes,1
Thomasomys_notatus,1
Thomasomys_onkiro,1
Thomasomys_oreas,1
Thomasomys_paramorum,1
Thomasomys_popayanus,1
Thomasomys_praetor,1
Thomasomys_princeps,1
Thomasomys_pyrrhonotus,1
Thomasomys_rosalinda,1
Thomasomys_silvestris,1
Thomasomys_taczanowskii,1
Thomasomys_ucucha,1
Thomasomys_vestitus,1
Thomasomys_vulcani,1
Thomomys_bottae,2
Thomomys_bulbivorus,2
Thomomys_clusius,2
Thomomys_idahoensis,2
Thomomys_mazama,2
Thomomys_monticola,2
Thomomys_talpoides,2
Thomomys_townsendii,2
Thomomys_umbrinus,2
Thoopterus_nigrescens,4
Thoopterus_suhaniahae,4
Thorius_adelos,2
Thorius_arboreus,2
Thorius_aureus,2
Thorius_boreas,2
Thorius_dubitus,2
Thorius_grandis,2
Thorius_hankeni,2
Thorius_infernalis,2
Thorius_insperatus,2
Thorius_lunaris,2
Thorius_macdougalli,2
Thorius_magnipes,2
Thorius_maxillabrochus,2
Thorius_minutissimus,2
Thorius_minydemus,2
Thorius_munificus,2
Thorius_narismagnus,2
Thorius_narisovalis,2
Thorius_omiltemi,2
Thorius_papaloae,2
Thorius_pennatulus,2
Thorius_pinicola,2
Thorius_pulmonaris,2
Thorius_schmidti,2
Thorius_smithi,2
Thorius_spilogaster,2
Thorius_tlaxiacus,2
Thorius_troglodytes,2
Thoropa_bryomantis,2
Thoropa_megatympanum,2
Thoropa_miliaris,2
Thoropa_petropolitana,2
Thoropa_saxatilis,2
Thoropa_taophora,2
Thrasops_flavigularis,2
Thrasops_jacksonii,2
Thrasops_occidentalis,2
Thrasops_schmidti,2
Threnetes_leucurus,1
Threnetes_niger,1
Threnetes_ruckeri,1
Threskiornis_aethiopicus,4
Threskiornis_bernieri,4
Threskiornis_melanocephalus,4
Threskiornis_moluccus,4
Threskiornis_spinicollis,4
Thrichomys_apereoides,3
Thrichomys_inermis,3
Thrichomys_laurentius,3
Thrichomys_pachyurus,3
Thripadectes_flammulatus,3
Thripadectes_holostictus,3
Thripadectes_ignobilis,3
Thripadectes_melanorhynchus,3
Thripadectes_rufobrunneus,3
Thripadectes_scrutator,3
Thripadectes_virgaticeps,3
Thripophaga_cherriei,2
Thripophaga_fusciceps,2
Thripophaga_gutturata,2
Thripophaga_macroura,2
Thryomanes_bewickii,1
Thryonomys_gregorianus,4
Thryonomys_swinderianus,4
Thryophilus_nicefori,2
Thryophilus_pleurostictus,2
Thryophilus_rufalbus,2
Thryophilus_sernai,2
Thryophilus_sinaloa,2
Thryorchilus_browni,1
Thryothorus_albinucha,2
Thryothorus_ludovicianus,2
Thylamys_cinderella,1
Thylamys_citellus,1
Thylamys_elegans,1
Thylamys_fenestrae,1
Thylamys_karimii,1
Thylamys_macrurus,1
Thylamys_pallidior,1
Thylamys_pulchellus,1
Thylamys_pusillus,1
Thylamys_tatei,1
Thylamys_velutinus,1
Thylamys_venustus,1
Thylogale_billardierii,4
Thylogale_browni,4
Thylogale_brunii,4
Thylogale_calabyi,4
Thylogale_lanatus,4
Thylogale_stigmatica,4
Thylogale_thetis,4
Thyroptera_devivoi,1
Thyroptera_discifera,1
Thyroptera_lavali,1
Thyroptera_tricolor,1
Thyroptera_wynneae,1
Tiaris_olivaceus,1
Tichodroma_muraria,2
Tickellia_hodgsoni,1
Tigriornis_leucolopha,4
Tigrisoma_fasciatum,4
Tigrisoma_lineatum,4
Tigrisoma_mexicanum,4
Tiliqua_adelaidensis,2
Tiliqua_gigas,3
Tiliqua_multifasciata,3
Tiliqua_nigrolutea,3
Tiliqua_occipitalis,3
Tiliqua_rugosa,3
Tiliqua_scincoides,3
Tilmatura_dupontii,1
Timalia_pileata,2
Timeliopsis_fulvigula,2
Timeliopsis_griseigula,2
Timon_lepidus,3
Timon_nevadensis,3
Timon_pater,3
Timon_princeps,3
Timon_tangitanus,3
Tinamotis_ingoufi,4
Tinamotis_pentlandii,4
Tinamus_guttatus,4
Tinamus_major,4
Tinamus_osgoodi,4
Tinamus_solitarius,4
Tinamus_tao,4
Tityra_braziliensis,3
Tityra_cayana,3
Tityra_inquisitor,3
Tityra_leucura,3
Tityra_semifasciata,3
Tlacuatzin_canescens,1
Tlalocohyla_celeste,2
Tlalocohyla_godmani,2
Tlalocohyla_loquax,2
Tlalocohyla_picta,2
Tlalocohyla_smithii,2
Tmetothylacus_tenellus,2
Tockus_damarensis,4
Tockus_deckeni,4
Tockus_erythrorhynchus,4
Tockus_flavirostris,4
Tockus_jacksoni,4
Tockus_leucomelas,4
Tockus_monteiri,4
Todiramphus_albonotatus,3
Todiramphus_australasia,3
Todiramphus_chloris,3
Todiramphus_diops,3
Todiramphus_enigma,3
Todiramphus_farquhari,3
Todiramphus_funebris,3
Todiramphus_lazuli,3
Todiramphus_leucopygius,3
Todiramphus_macleayii,3
Todiramphus_nigrocyaneus,3
Todiramphus_pelewensis,3
Todiramphus_pyrrhopygius,3
Todiramphus_sanctus,3
Todiramphus_saurophagus,3
Todiramphus_winchelli,3
Todirostrum_chrysocrotaphum,1
Todirostrum_cinereum,1
Todirostrum_maculatum,1
Todirostrum_nigriceps,1
Todirostrum_pictum,1
Todirostrum_poliocephalum,1
Todirostrum_viridanum,1
Todus_angustirostris,1
Todus_mexicanus,1
Todus_multicolor,1
Todus_subulatus,1
Todus_todus,1
Toenayar_novemcarinata,1
Tokudaia_muenninki,2
Tokudaia_osimensis,2
Tokudaia_tokunoshimensis,2
Tolmomyias_assimilis,1
Tolmomyias_flaviventris,1
Tolmomyias_flavotectus,1
Tolmomyias_poliocephalus,1
Tolmomyias_sulphurescens,2
Tolmomyias_traylori,1
Tolmomyias_viridiceps,2
Tolypeutes_matacus,4
Tolypeutes_tricinctus,4
Tomistoma_schlegelii,4
Tomodon_dorsatus,2
Tomopterna_ahli,2
Tomopterna_cryptotis,4
Tomopterna_delalandii,4
Tomopterna_elegans,4
Tomopterna_gallmanni,4
Tomopterna_kachowskii,4
Tomopterna_krugerensis,4
Tomopterna_luganga,4
Tomopterna_marmorata,4
Tomopterna_milletihorsini,4
Tomopterna_monticola,4
Tomopterna_natalensis,4
Tomopterna_tandyi,4
Tomopterna_tuberculosa,4
Tomopterna_wambensis,4
Tonatia_bidens,4
Tonatia_saurophila,4
Tonkinomys_daovantieni,2
Topaza_pella,1
Topaza_pyra,1
Torgos_tracheliotos,4
Toromys_grandis,3
Toromys_rhipidurus,3
Toropuku_stephensi,2
Torreornis_inexpectata,2
Touit_batavicus,3
Touit_costaricensis,3
Touit_dilectissimus,3
Touit_huetii,3
Touit_melanonotus,3
Touit_purpuratus,3
Touit_stictopterus,3
Touit_surdus,3
Toxicocalamus_buergersi,1
Toxicocalamus_grandis,1
Toxicocalamus_holopelturus,1
Toxicocalamus_longissimus,1
Toxicocalamus_loriae,1
Toxicocalamus_mintoni,1
Toxicocalamus_misimae,1
Toxicocalamus_pachysomus,1
Toxicocalamus_preussi,1
Toxicocalamus_spilolepidotus,1
Toxicocalamus_stanleyanus,1
Toxicodryas_blandingii,2
Toxicodryas_pulverulenta,2
Toxorhamphus_novaeguineae,1
Toxorhamphus_poliopterus,1
Toxostoma_bendirei,3
Toxostoma_cinereum,3
Toxostoma_crissale,3
Toxostoma_curvirostre,3
Toxostoma_guttatum,3
Toxostoma_lecontei,3
Toxostoma_longirostre,3
Toxostoma_ocellatum,3
Toxostoma_redivivum,3
Toxostoma_rufum,3
Tracheloptychus_madagascariensis,2
Tracheloptychus_petersi,2
Trachischium_fuscum,1
Trachischium_guentheri,1
Trachischium_laeve,1
Trachischium_monticola,1
Trachischium_sushantai,1
Trachischium_tenuiceps,1
Trachops_cirrhosus,4
Trachycephalus_atlas,2
Trachycephalus_coriaceus,2
Trachycephalus_cunauaru,2
Trachycephalus_dibernardoi,2
Trachycephalus_hadroceps,2
Trachycephalus_helioi,2
Trachycephalus_imitatrix,2
Trachycephalus_jordani,2
Trachycephalus_lepidus,2
Trachycephalus_macrotis,2
Trachycephalus_mambaiensis,2
Trachycephalus_mesophaeus,2
Trachycephalus_nigromaculatus,2
Trachycephalus_quadrangulum,2
Trachycephalus_resinifictrix,2
Trachycephalus_typhonius,2
Trachycephalus_venezolanus,2
Trachycephalus_vermiculatus,2
Trachydactylus_hajarensis,1
Trachydactylus_spatalurus,1
Trachylaemus_goffinii,3
Trachylaemus_purpuratus,3
Trachylaemus_togoensis,3
Trachylepis_acutilabris,2
Trachylepis_adamastor,2
Trachylepis_affinis,2
Trachylepis_albilabris,2
Trachylepis_albopunctata,2
Trachylepis_albotaeniata,2
Trachylepis_atlantica,2
Trachylepis_aureogularis,2
Trachylepis_aureopunctata,2
Trachylepis_bayonii,2
Trachylepis_bensonii,2
Trachylepis_binotata,2
Trachylepis_bocagii,2
Trachylepis_boettgeri,2
Trachylepis_boulengeri,2
Trachylepis_brauni,2
Trachylepis_brevicollis,2
Trachylepis_buettneri,2
Trachylepis_capensis,2
Trachylepis_chimbana,2
Trachylepis_comorensis,2
Trachylepis_damarana,2
Trachylepis_depressa,2
Trachylepis_dichroma,2
Trachylepis_dumasi,2
Trachylepis_elegans,2
Trachylepis_ferrarai,2
Trachylepis_gonwouoi,2
Trachylepis_gravenhorstii,2
Trachylepis_hemmingi,2
Trachylepis_hildebrandtii,2
Trachylepis_hoeschi,2
Trachylepis_homalocephala,2
Trachylepis_irregularis,2
Trachylepis_keroanensis,2
Trachylepis_lacertiformis,2
Trachylepis_laevigata,2
Trachylepis_laevis,2
Trachylepis_lavarambo,2
Trachylepis_loluiensis,2
Trachylepis_maculilabris,2
Trachylepis_madagascariensis,2
Trachylepis_makolowodei,2
Trachylepis_margaritifer,2
Trachylepis_megalura,2
Trachylepis_mekuana,2
Trachylepis_mlanjensis,2
Trachylepis_monardi,2
Trachylepis_nancycoutuae,2
Trachylepis_nganghae,2
Trachylepis_occidentalis,2
Trachylepis_ozorii,2
Trachylepis_paucisquamis,2
Trachylepis_pendeana,2
Trachylepis_perrotetii,2
Trachylepis_planifrons,2
Trachylepis_polytropis,2
Trachylepis_principensis,2
Trachylepis_pulcherrima,2
Trachylepis_punctatissima,2
Trachylepis_punctulata,2
Trachylepis_quinquetaeniata,2
Trachylepis_raymondlaurenti,2
Trachylepis_rodenburgi,2
Trachylepis_sechellensis,2
Trachylepis_socotrana,2
Trachylepis_sparsa,2
Trachylepis_spilogaster,2
Trachylepis_striata,2
Trachylepis_sulcata,2
Trachylepis_tandrefana,2
Trachylepis_tavaratra,2
Trachylepis_tessellata,2
Trachylepis_thomensis,2
Trachylepis_varia,2
Trachylepis_variegata,2
Trachylepis_vato,2
Trachylepis_vezo,2
Trachylepis_volamenaloha,2
Trachylepis_wingati,2
Trachylepis_wrightii,2
Trachyphonus_darnaudii,3
Trachyphonus_emini,3
Trachyphonus_erythrocephalus,3
Trachyphonus_margaritatus,3
Trachyphonus_usambiro,3
Trachyphonus_vaillantii,3
Trachypithecus_auratus,4
Trachypithecus_barbei,4
Trachypithecus_cristatus,4
Trachypithecus_delacouri,4
Trachypithecus_francoisi,4
Trachypithecus_geei,4
Trachypithecus_germaini,4
Trachypithecus_hatinhensis,4
Trachypithecus_johnii,4
Trachypithecus_laotum,4
Trachypithecus_leucocephalus,4
Trachypithecus_obscurus,4
Trachypithecus_phayrei,4
Trachypithecus_pileatus,4
Trachypithecus_poliocephalus,4
Trachypithecus_shortridgei,4
Trachypithecus_vetulus,4
Tragelaphus_angasii,4
Tragelaphus_buxtoni,4
Tragelaphus_derbianus,4
Tragelaphus_eurycerus,4
Tragelaphus_imberbis,4
Tragelaphus_oryx,4
Tragelaphus_scriptus,4
Tragelaphus_spekii,4
Tragelaphus_strepsiceros,4
Tragopan_blythii,4
Tragopan_caboti,4
Tragopan_melanocephalus,4
Tragopan_satyra,4
Tragopan_temminckii,4
Tragulus_javanicus,4
Tragulus_kanchil,4
Tragulus_napu,4
Tragulus_nigricans,4
Tragulus_versicolor,4
Tragulus_williamsoni,4
Transandinomys_bolivaris,1
Transandinomys_talamancae,1
Trapelus_agilis,1
Trapelus_agnetae,1
Trapelus_boehmei,1
Trapelus_flavimaculatus,1
Trapelus_jayakari,1
Trapelus_lessonae,1
Trapelus_megalonyx,1
Trapelus_mutabilis,1
Trapelus_rubrigularis,1
Trapelus_ruderatus,1
Trapelus_sanguinolentus,1
Trapelus_savignii,1
Trapelus_schmitzi,1
Trapelus_tournevillei,1
Tregellasia_capito,1
Tregellasia_leucops,1
Tremarctos_ornatus,4
Treron_affinis,4
Treron_apicauda,4
Treron_aromaticus,4
Treron_australis,4
Treron_axillaris,3
Treron_bicinctus,4
Treron_calvus,4
Treron_capellei,4
Treron_chloropterus,4
Treron_curvirostra,4
Treron_delalandii,4
Treron_floris,4
Treron_formosae,4
Treron_fulvicollis,3
Treron_griseicauda,3
Treron_griveaudi,4
Treron_olax,3
Treron_oxyurus,4
Treron_pembaensis,4
Treron_permagnus,4
Treron_phayrei,4
Treron_phoenicopterus,4
Treron_pompadora,3
Treron_psittaceus,4
Treron_sanctithomae,4
Treron_seimundi,3
Treron_sieboldii,4
Treron_sphenurus,4
Treron_teysmannii,4
Treron_vernans,4
Treron_waalia,4
Tretanorhinus_mocquardi,2
Tretanorhinus_nigroluteus,2
Tretanorhinus_taeniatus,2
Tretanorhinus_variabilis,2
Tretioscincus_agilis,1
Tretioscincus_bifasciatus,1
Tretioscincus_oriximinensis,1
Triaenops_afer,2
Triaenops_persicus,2
Triaenops_rufus,2
Tribolonotus_annectens,1
Tribolonotus_blanchardi,1
Tribolonotus_brongersmai,1
Tribolonotus_gracilis,1
Tribolonotus_novaeguineae,1
Tribolonotus_ponceleti,1
Tribolonotus_pseudoponceleti,1
Tribolonotus_schmidti,1
Tribonyx_mortierii,4
Tribonyx_ventralis,4
Trichastoma_bicolor,2
Trichastoma_buettikoferi,2
Trichastoma_celebense,2
Trichastoma_cinereiceps,2
Trichastoma_malaccense,2
Trichastoma_pyrrogenys,2
Trichastoma_rostratum,2
Trichastoma_tickelli,2
Tricheilostoma_bicolor,1
Tricheilostoma_broadleyi,1
Tricheilostoma_greenwelli,1
Tricheilostoma_sundewalli,1
Trichixos_pyrropygus,2
Trichobatrachus_robustus,1
Trichodere_cockerelli,2
Trichoglossus_capistratus,3
Trichoglossus_chlorolepidotus,3
Trichoglossus_euteles,3
Trichoglossus_flavoviridis,3
Trichoglossus_forsteni,3
Trichoglossus_haematodus,4
Trichoglossus_johnstoniae,3
Trichoglossus_meyeri,3
Trichoglossus_moluccanus,4
Trichoglossus_ornatus,3
Trichoglossus_rosenbergii,4
Trichoglossus_rubritorquis,3
Trichoglossus_weberi,3
Tricholaema_diademata,2
Tricholaema_frontata,2
Tricholaema_hirsuta,2
Tricholaema_lacrymosa,2
Tricholaema_leucomelas,2
Tricholaema_melanocephala,2
Tricholestes_criniger,2
Trichosurus_caninus,4
Trichosurus_cunninghami,4
Trichosurus_vulpecula,4
Trichothraupis_melanops,2
Trichys_fasciculata,4
Triclaria_malachitacea,4
Trigonoceps_occipitalis,4
Trigonodactylus_arabicus,1
Trigonodactylus_pulcher,1
Trigonodactylus_sharqiyahensis,1
Trilepida_acutirostris,1
Trilepida_affinis,1
Trilepida_anthracina,1
Trilepida_brasiliensis,1
Trilepida_brevissima,1
Trilepida_dimidiata,1
Trilepida_dugandi,1
Trilepida_fuliginosa,1
Trilepida_jani,1
Trilepida_joshuai,1
Trilepida_koppesi,1
Trilepida_macrolepis,1
Trilepida_nicefori,1
Trilepida_salgueiroi,1
Trimeresurus_albolabris,2
Trimeresurus_andalasensis,2
Trimeresurus_andersonii,2
Trimeresurus_arunachalensis,2
Trimeresurus_barati,2
Trimeresurus_borneensis,2
Trimeresurus_brongersmai,2
Trimeresurus_buniana,2
Trimeresurus_cantori,2
Trimeresurus_cardamomensis,2
Trimeresurus_erythrurus,2
Trimeresurus_fasciatus,2
Trimeresurus_flavomaculatus,2
Trimeresurus_fucatus,2
Trimeresurus_gracilis,2
Trimeresurus_gramineus,2
Trimeresurus_gumprechti,2
Trimeresurus_gunaleni,2
Trimeresurus_hageni,2
Trimeresurus_honsonensis,2
Trimeresurus_insularis,2
Trimeresurus_kanburiensis,2
Trimeresurus_labialis,2
Trimeresurus_macrolepis,2
Trimeresurus_macrops,2
Trimeresurus_malabaricus,2
Trimeresurus_malcolmi,2
Trimeresurus_mcgregori,2
Trimeresurus_medoensis,2
Trimeresurus_mutabilis,2
Trimeresurus_nebularis,2
Trimeresurus_popeiorum,2
Trimeresurus_puniceus,2
Trimeresurus_purpureomaculatus,2
Trimeresurus_rubeus,2
Trimeresurus_sabahi,2
Trimeresurus_schultzei,2
Trimeresurus_septentrionalis,2
Trimeresurus_sichuanensis,2
Trimeresurus_stejnegeri,2
Trimeresurus_strigatus,2
Trimeresurus_sumatranus,2
Trimeresurus_tibetanus,2
Trimeresurus_toba,2
Trimeresurus_trigonocephalus,2
Trimeresurus_truongsonensis,2
Trimeresurus_venustus,2
Trimeresurus_vogeli,2
Trimeresurus_wiroti,2
Trimeresurus_yunnanensis,2
Trimerodytes_aequifasciatus,2
Trimerodytes_annularis,2
Trimerodytes_balteatus,2
Trimerodytes_percarinatus,2
Trimerodytes_praemaxillaris,2
Trimerodytes_yapingi,2
Trimerodytes_yunnanensis,2
Trimetopon_barbouri,1
Trimetopon_gracile,1
Trimetopon_pliolepis,1
Trimetopon_simile,1
Trimetopon_slevini,1
Trimetopon_viquezi,1
Trimorphodon_biscutatus,2
Trimorphodon_lambda,2
Trimorphodon_lyrophanes,2
Trimorphodon_quadruplex,2
Trimorphodon_tau,2
Trimorphodon_vilkinsonii,2
Tringa_brevipes,3
Tringa_erythropus,4
Tringa_flavipes,3
Tringa_glareola,3
Tringa_guttifer,4
Tringa_incana,3
Tringa_melanoleuca,4
Tringa_nebularia,4
Tringa_ochropus,3
Tringa_semipalmata,4
Tringa_solitaria,3
Tringa_stagnatilis,3
Tringa_totanus,4
Trinomys_albispinus,3
Trinomys_dimidiatus,3
Trinomys_eliasi,3
Trinomys_gratiosus,3
Trinomys_iheringi,3
Trinomys_mirapitanga,3
Trinomys_moojeni,3
Trinomys_paratus,3
Trinomys_setosus,3
Trinomys_yonenagae,3
Trinycteris_nicefori,2
Trioceros_affinis,2
Trioceros_balebicornutus,2
Trioceros_bitaeniatus,2
Trioceros_camerunensis,2
Trioceros_chapini,2
Trioceros_conirostratus,2
Trioceros_cristatus,2
Trioceros_deremensis,3
Trioceros_ellioti,2
Trioceros_feae,2
Trioceros_fuelleborni,2
Trioceros_goetzei,2
Trioceros_hanangensis,2
Trioceros_harennae,2
Trioceros_hoehnelii,2
Trioceros_incornutus,2
Trioceros_ituriensis,2
Trioceros_jacksonii,2
Trioceros_johnstoni,3
Trioceros_kinangopensis,2
Trioceros_kinetensis,2
Trioceros_laterispinis,2
Trioceros_marsabitensis,2
Trioceros_melleri,3
Trioceros_montium,2
Trioceros_narraioca,2
Trioceros_ntunte,2
Trioceros_nyirit,2
Trioceros_oweni,2
Trioceros_perreti,2
Trioceros_pfefferi,2
Trioceros_quadricornis,2
Trioceros_rudis,2
Trioceros_schoutedeni,2
Trioceros_schubotzi,2
Trioceros_serratus,2
Trioceros_sternfeldi,2
Trioceros_tempeli,2
Trioceros_werneri,2
Trioceros_wiedersheimi,2
Trionyx_triunguis,4
Triprion_petasatus,2
Triprion_spatulatus,2
Triprion_spinosus,2
Triturus_anatolicus,3
Triturus_carnifex,3
Triturus_cristatus,3
Triturus_dobrogicus,3
Triturus_ivanbureschi,3
Triturus_karelinii,3
Triturus_macedonicus,3
Triturus_marmoratus,3
Triturus_pygmaeus,3
Trochalopteron_affine,3
Trochalopteron_austeni,3
Trochalopteron_chrysopterum,3
Trochalopteron_elliotii,3
Trochalopteron_erythrocephalum,3
Trochalopteron_formosum,3
Trochalopteron_henrici,3
Trochalopteron_imbricatum,3
Trochalopteron_lineatum,3
Trochalopteron_melanostigma,3
Trochalopteron_milnei,3
Trochalopteron_morrisonianum,3
Trochalopteron_ngoclinhense,3
Trochalopteron_peninsulae,3
Trochalopteron_squamatum,3
Trochalopteron_subunicolor,3
Trochalopteron_variegatum,3
Trochalopteron_virgatum,3
Trochalopteron_yersini,3
Trochilus_polytmus,1
Trochilus_scitulus,1
Trochocercus_bivittatus,1
Trochocercus_cyanomelas,1
Trochocercus_nitens,1
Troglodytes_aedon,1
Troglodytes_beani,1
Troglodytes_cobbi,1
Troglodytes_hiemalis,1
Troglodytes_monticola,1
Troglodytes_ochraceus,1
Troglodytes_pacificus,1
Troglodytes_rufociliatus,1
Troglodytes_rufulus,1
Troglodytes_sissonii,1
Troglodytes_solstitialis,1
Troglodytes_tanneri,1
Troglodytes_troglodytes,1
Trogon_ambiguus,3
Trogon_aurantius,3
Trogon_bairdii,3
Trogon_chionurus,3
Trogon_citreolus,3
Trogon_clathratus,3
Trogon_collaris,3
Trogon_comptus,3
Trogon_curucui,3
Trogon_elegans,3
Trogon_massena,3
Trogon_melanocephalus,3
Trogon_melanurus,3
Trogon_mesurus,3
Trogon_mexicanus,3
Trogon_personatus,3
Trogon_rufus,3
Trogon_surrucura,3
Trogon_violaceus,3
Trogon_viridis,3
Trogonophis_wiegmanni,1
Trogopterus_xanthipes,3
Tropicagama_temporalis,2
Tropidechis_carinatus,2
Tropidoclonion_lineatum,1
Tropidodipsas_fasciata,1
Tropidodipsas_fischeri,1
Tropidodipsas_philippii,1
Tropidodipsas_repleta,1
Tropidodipsas_zweifeli,1
Tropidodryas_serra,2
Tropidodryas_striaticeps,2
Tropidolaemus_huttoni,2
Tropidolaemus_laticinctus,2
Tropidolaemus_philippensis,2
Tropidolaemus_subannulatus,2
Tropidolaemus_wagleri,2
Tropidonophis_aenigmaticus,2
Tropidonophis_dahlii,2
Tropidonophis_dendrophiops,2
Tropidonophis_dolasii,2
Tropidonophis_doriae,2
Tropidonophis_elongatus,2
Tropidonophis_halmahericus,2
Tropidonophis_hypomelas,2
Tropidonophis_mairii,2
Tropidonophis_mcdowelli,2
Tropidonophis_montanus,2
Tropidonophis_multiscutellatus,2
Tropidonophis_negrosensis,2
Tropidonophis_novaeguineae,2
Tropidonophis_parkeri,2
Tropidonophis_picturatus,2
Tropidonophis_punctiventris,2
Tropidonophis_spilogaster,2
Tropidonophis_statisticus,2
Tropidonophis_truncatus,2
Tropidophis_boulengeri,2
Tropidophis_canus,2
Tropidophis_caymanensis,2
Tropidophis_celiae,2
Tropidophis_curtus,2
Tropidophis_feicki,2
Tropidophis_fuscus,2
Tropidophis_galacelidus,2
Tropidophis_grapiuna,2
Tropidophis_greenwayi,2
Tropidophis_haetianus,2
Tropidophis_hardyi,2
Tropidophis_hendersoni,2
Tropidophis_jamaicensis,2
Tropidophis_maculatus,2
Tropidophis_melanurus,2
Tropidophis_morenoi,2
Tropidophis_nigriventris,2
Tropidophis_pardalis,2
Tropidophis_parkeri,2
Tropidophis_paucisquamis,2
Tropidophis_pilsbryi,2
Tropidophis_preciosus,2
Tropidophis_schwartzi,2
Tropidophis_semicinctus,2
Tropidophis_spiritus,2
Tropidophis_stejnegeri,2
Tropidophis_stullae,2
Tropidophis_taczanowskyi,2
Tropidophis_wrighti,2
Tropidophis_xanthogaster,2
Tropidophorus_assamensis,1
Tropidophorus_baconi,1
Tropidophorus_baviensis,1
Tropidophorus_beccarii,1
Tropidophorus_berdmorei,1
Tropidophorus_boehmei,1
Tropidophorus_brookei,1
Tropidophorus_cocincinensis,1
Tropidophorus_davaoensis,1
Tropidophorus_grayi,1
Tropidophorus_guangxiensis,1
Tropidophorus_hainanus,1
Tropidophorus_hangnam,1
Tropidophorus_iniquus,1
Tropidophorus_laotus,1
Tropidophorus_latiscutatus,1
Tropidophorus_matsuii,1
Tropidophorus_microlepis,1
Tropidophorus_micropus,1
Tropidophorus_misaminius,1
Tropidophorus_murphyi,1
Tropidophorus_noggei,1
Tropidophorus_partelloi,1
Tropidophorus_perplexus,1
Tropidophorus_robinsoni,1
Tropidophorus_sebi,1
Tropidophorus_sinicus,1
Tropidophorus_thai,1
Tropidosaura_cottrelli,1
Tropidosaura_essexi,1
Tropidosaura_gularis,1
Tropidosaura_montana,1
Tropidoscincus_aubrianus,1
Tropidoscincus_boreus,1
Tropidoscincus_variabilis,1
Tropidurus_bogerti,2
Tropidurus_callathelys,2
Tropidurus_catalanensis,2
Tropidurus_chromatops,2
Tropidurus_cocorobensis,2
Tropidurus_erythrocephalus,2
Tropidurus_etheridgei,2
Tropidurus_guarani,2
Tropidurus_helenae,2
Tropidurus_hispidus,2
Tropidurus_hygomi,2
Tropidurus_imbituba,2
Tropidurus_insulanus,2
Tropidurus_itambere,2
Tropidurus_jaguaribanus,2
Tropidurus_melanopleurus,2
Tropidurus_montanus,2
Tropidurus_mucujensis,2
Tropidurus_oreadicus,2
Tropidurus_pinima,2
Tropidurus_psammonastes,2
Tropidurus_semitaeniatus,2
Tropidurus_spinulosus,2
Tropidurus_torquatus,2
Tropidurus_xanthochilus,2
Tropiocolotes_algericus,1
Tropiocolotes_bisharicus,1
Tropiocolotes_confusus,1
Tropiocolotes_nattereri,1
Tropiocolotes_nubicus,1
Tropiocolotes_scorteccii,1
Tropiocolotes_somalicus,1
Tropiocolotes_steudneri,1
Tropiocolotes_tripolitanus,1
Tropiocolotes_wolfgangboehmei,1
Tropiocolotes_yomtovi,1
Truebella_skoptes,3
Truebella_tothastes,3
Trugon_terrestris,4
Tryphomys_adustus,2
Tscherskia_triton,3
Tsingymantis_antitra,2
Tukutuku_rakiurae,1
Tumbunascincus_luteilateralis,1
Tunchiornis_luteifrons,2
Tunchiornis_ochraceiceps,2
Tupaia_belangeri,2
Tupaia_chrysogaster,2
Tupaia_dorsalis,2
Tupaia_everetti,2
Tupaia_glis,2
Tupaia_gracilis,2
Tupaia_javanica,2
Tupaia_longipes,2
Tupaia_minor,2
Tupaia_montana,2
Tupaia_nicobarica,2
Tupaia_palawanensis,2
Tupaia_picta,2
Tupaia_salatana,2
Tupaia_splendidula,2
Tupaia_tana,2
Tupinambis_longilineus,3
Tupinambis_palustris,3
Tupinambis_quadrilineatus,3
Tupinambis_teguixin,4
Turacoena_manadensis,4
Turacoena_modesta,4
Turacoena_sulaensis,4
Turdinus_atrigularis,2
Turdinus_brevicaudatus,2
Turdinus_calcicola,2
Turdinus_crassus,2
Turdinus_crispifrons,2
Turdinus_macrodactylus,2
Turdinus_marmoratus,2
Turdinus_rufipectus,2
Turdoides_affinis,3
Turdoides_bicolor,3
Turdoides_gymnogenys,3
Turdoides_hartlaubii,3
Turdoides_hindei,3
Turdoides_hypoleuca,3
Turdoides_jardineii,3
Turdoides_leucocephala,3
Turdoides_leucopygia,3
Turdoides_melanops,3
Turdoides_plebejus,3
Turdoides_reinwardtii,3
Turdoides_rufescens,3
Turdoides_sharpei,3
Turdoides_somervillei,3
Turdoides_squamulata,3
Turdoides_striata,3
Turdoides_tenebrosa,3
Turdus_abyssinicus,3
Turdus_albicollis,3
Turdus_albocinctus,3
Turdus_amaurochalinus,3
Turdus_anthracinus,3
Turdus_ardosiaceus,3
Turdus_arthuri,3
Turdus_assimilis,3
Turdus_atrogularis,3
Turdus_aurantius,3
Turdus_bewsheri,3
Turdus_boulboul,3
Turdus_cardis,3
Turdus_celaenops,3
Turdus_chiguanco,4
Turdus_chrysolaus,3
Turdus_confinis,3
Turdus_debilis,3
Turdus_dissimilis,3
Turdus_eunomus,3
Turdus_falcklandii,3
Turdus_feae,3
Turdus_flavipes,3
Turdus_fulviventris,3
Turdus_fumigatus,3
Turdus_fuscater,4
Turdus_grayi,3
Turdus_haplochrous,3
Turdus_hauxwelli,3
Turdus_helleri,3
Turdus_hortulorum,3
Turdus_ignobilis,3
Turdus_iliacus,3
Turdus_infuscatus,3
Turdus_jamaicensis,3
Turdus_kessleri,4
Turdus_lawrencii,3
Turdus_leucomelas,3
Turdus_leucops,3
Turdus_lherminieri,3
Turdus_libonyana,3
Turdus_ludoviciae,3
Turdus_maculirostris,3
Turdus_mandarinus,3
Turdus_maranonicus,3
Turdus_maximus,4
Turdus_menachensis,3
Turdus_merula,3
Turdus_migratorius,3
Turdus_naumanni,3
Turdus_nigrescens,3
Turdus_nigriceps,3
Turdus_niveiceps,3
Turdus_nudigenis,3
Turdus_obscurus,3
Turdus_obsoletus,3
Turdus_olivaceofuscus,3
Turdus_olivaceus,3
Turdus_olivater,3
Turdus_pallidus,3
Turdus_pelios,3
Turdus_philomelos,3
Turdus_pilaris,3
Turdus_plebejus,3
Turdus_plumbeus,3
Turdus_poliocephalus,3
Turdus_reevei,3
Turdus_roehli,3
Turdus_rubripes,3
Turdus_rubrocanus,3
Turdus_ruficollis,3
Turdus_rufitorques,3
Turdus_rufiventris,3
Turdus_rufopalliatus,3
Turdus_sanchezorum,3
Turdus_serranus,3
Turdus_simillimus,3
Turdus_smithi,3
Turdus_subalaris,3
Turdus_swalesi,3
Turdus_tephronotus,3
Turdus_torquatus,3
Turdus_unicolor,3
Turdus_viscivorus,4
Turdus_xanthorhynchus,3
Turnix_castanotus,3
Turnix_everetti,2
Turnix_hottentottus,2
Turnix_maculosus,2
Turnix_melanogaster,3
Turnix_nanus,2
Turnix_nigricollis,2
Turnix_novaecaledoniae,2
Turnix_ocellatus,3
Turnix_olivii,3
Turnix_pyrrhothorax,2
Turnix_suscitator,3
Turnix_sylvaticus,2
Turnix_tanki,3
Turnix_varius,3
Turnix_velox,2
Turnix_worcesteri,2
Turtur_abyssinicus,3
Turtur_afer,3
Turtur_brehmeri,3
Turtur_chalcospilos,3
Turtur_tympanistria,3
Tychaedon_barbata,2
Tychaedon_coryphoeus,2
Tychaedon_leucosticta,2
Tychaedon_quadrivirgata,2
Tychaedon_signata,2
Tylas_eduardi,2
Tylomys_fulviventer,3
Tylomys_mirae,3
Tylomys_nudicaudus,3
Tylomys_panamensis,3
Tylomys_tumbalensis,3
Tylomys_watsoni,3
Tylonycteris_pachypus,1
Tylonycteris_robustula,1
Tylototriton_anguliceps,3
Tylototriton_anhuiensis,3
Tylototriton_asperrimus,3
Tylototriton_broadoridgus,3
Tylototriton_dabienicus,3
Tylototriton_hainanensis,3
Tylototriton_himalayanus,3
Tylototriton_kachinorum,3
Tylototriton_kweichowensis,3
Tylototriton_liuyangensis,3
Tylototriton_lizhenchangi,3
Tylototriton_ngarsuensis,3
Tylototriton_notialis,3
Tylototriton_panhai,3
Tylototriton_panwaensis,3
Tylototriton_pasmansi,3
Tylototriton_phukhaensis,3
Tylototriton_podichthys,2
Tylototriton_pseudoverrucosus,3
Tylototriton_shanjing,3
Tylototriton_shanorum,2
Tylototriton_sparreboomi,2
Tylototriton_taliangensis,3
Tylototriton_uyenoi,2
Tylototriton_verrucosus,3
Tylototriton_vietnamensis,2
Tylototriton_wenxianensis,3
Tylototriton_yangi,2
Tylototriton_ziegleri,2
Tympanocryptis_centralis,1
Tympanocryptis_cephalus,1
Tympanocryptis_condaminensis,1
Tympanocryptis_diabolicus,1
Tympanocryptis_fortescuensis,1
Tympanocryptis_gigas,1
Tympanocryptis_houstoni,1
Tympanocryptis_intima,1
Tympanocryptis_lineata,1
Tympanocryptis_osbornei,1
Tympanocryptis_pentalineata,1
Tympanocryptis_pinguicolla,1
Tympanocryptis_pseudopsephos,1
Tympanocryptis_tetraporophora,1
Tympanocryptis_wilsoni,1
Tympanoctomys_barrerae,2
Tympanoctomys_kirchnerorum,2
Tympanuchus_cupido,4
Tympanuchus_pallidicinctus,4
Tympanuchus_phasianellus,4
Typhlacontias_brevipes,1
Typhlacontias_gracilis,1
Typhlacontias_johnsonii,1
Typhlacontias_kataviensis,1
Typhlacontias_punctatissimus,1
Typhlacontias_rohani,1
Typhlacontias_rudebecki,1
Typhlomys_cinereus,1
Typhlonectes_natans,4
Typhlophis_squamosus,1
Typhlops_agoralionis,1
Typhlops_capitulatus,1
Typhlops_eperopeus,1
Typhlops_gonavensis,1
Typhlops_hectus,1
Typhlops_jamaicensis,1
Typhlops_leptolepis,1
Typhlops_lumbricalis,1
Typhlops_oxyrhinus,1
Typhlops_pachyrhinus,1
Typhlops_proancylops,1
Typhlops_pusillus,1
Typhlops_rostellatus,1
Typhlops_schwartzi,1
Typhlops_silus,1
Typhlops_sulcatus,1
Typhlops_sylleptor,1
Typhlops_syntherus,1
Typhlops_tetrathyreus,1
Typhlops_titanops,1
Typhlosaurus_braini,1
Typhlosaurus_caecus,1
Typhlosaurus_lomiae,1
Typhlosaurus_meyeri,1
Typhlosaurus_vermis,1
Tyranneutes_stolzmanni,1
Tyranneutes_virescens,1
Tyrannopsis_sulphurea,2
Tyrannulus_elatus,1
Tyrannus_albogularis,3
Tyrannus_caudifasciatus,3
Tyrannus_couchii,3
Tyrannus_crassirostris,3
Tyrannus_cubensis,3
Tyrannus_dominicensis,3
Tyrannus_forficatus,3
Tyrannus_melancholicus,3
Tyrannus_niveigularis,3
Tyrannus_savana,2
Tyrannus_tyrannus,3
Tyrannus_verticalis,3
Tyrannus_vociferans,3
Tyto_alba,4
Tyto_almae,4
Tyto_aurantia,4
Tyto_capensis,4
Tyto_glaucops,3
Tyto_inexspectata,3
Tyto_longimembris,3
Tyto_multipunctata,3
Tyto_nigrobrunnea,3
Tyto_novaehollandiae,4
Tyto_rosenbergii,4
Tyto_soumagnei,3
Tyto_tenebricosa,4
Tytthoscincus_aesculeticola,1
Tytthoscincus_atrigularis,1
Tytthoscincus_batupanggah,1
Tytthoscincus_biparietalis,1
Tytthoscincus_bukitensis,1
Tytthoscincus_butleri,1
Tytthoscincus_cophias,1
Tytthoscincus_hallieri,1
Tytthoscincus_ishaki,1
Tytthoscincus_leproauricularis,1
Tytthoscincus_panchorensis,1
Tytthoscincus_parvus,1
Tytthoscincus_perhentianensis,1
Tytthoscincus_sanana,1
Tytthoscincus_sibuensis,1
Tytthoscincus_temengorensis,1
Tytthoscincus_temmincki,1
Tytthoscincus_textus,1
Uma_exsul,2
Uma_inornata,2
Uma_notata,2
Uma_paraphygas,2
Uma_rufopunctata,2
Uma_scoparia,2
Underwoodisaurus_milii,2
Underwoodisaurus_seorsus,2
Ungaliophis_continentalis,2
Ungaliophis_panamensis,2
Uperodon_anamalaiensis,2
Uperodon_assamensis,2
Uperodon_globulosus,3
Uperodon_montanus,2
Uperodon_mormoratus,2
Uperodon_nagaoi,2
Uperodon_obscurus,2
Uperodon_palmatus,2
Uperodon_rohani,2
Uperodon_systoma,3
Uperodon_taprobanicus,2
Uperodon_triangularis,2
Uperodon_variegatus,3
Uperoleia_altissima,2
Uperoleia_arenicola,1
Uperoleia_aspera,1
Uperoleia_borealis,1
Uperoleia_crassa,2
Uperoleia_daviesae,1
Uperoleia_fusca,1
Uperoleia_glandulosa,2
Uperoleia_inundata,1
Uperoleia_laevigata,2
Uperoleia_lithomoda,1
Uperoleia_littlejohni,1
Uperoleia_mahonyi,1
Uperoleia_marmorata,2
Uperoleia_martini,1
Uperoleia_micra,1
Uperoleia_micromeles,1
Uperoleia_mimula,1
Uperoleia_minima,1
Uperoleia_mjobergii,1
Uperoleia_orientalis,1
Uperoleia_rugosa,2
Uperoleia_russelli,1
Uperoleia_saxatilis,1
Uperoleia_stridera,1
Uperoleia_talpa,1
Uperoleia_trachyderma,2
Uperoleia_tyleri,1
Upucerthia_albigula,2
Upucerthia_dumetaria,2
Upucerthia_saturatior,2
Upucerthia_validirostris,2
Upupa_epops,3
Upupa_marginata,3
Uracentron_azureum,2
Uracentron_flaviceps,2
Uraeginthus_angolensis,1
Uraeginthus_bengalus,1
Uraeginthus_cyanocephalus,1
Uraeotyphlus_bombayensis,2
Uraeotyphlus_gansi,2
Uraeotyphlus_interruptus,2
Uraeotyphlus_malabaricus,2
Uraeotyphlus_menoni,2
Uraeotyphlus_narayani,2
Uraeotyphlus_oommeni,2
Uranomys_ruddi,1
Uranoscodon_superciliosus,2
Uratelornis_chimaera,3
Urile_pelagicus,4
Urile_penicillatus,4
Urochroa_bougueri,1
Urochroa_leucura,1
Urocissa_caerulea,4
Urocissa_erythroryncha,4
Urocissa_flavirostris,4
Urocissa_ornata,4
Urocissa_whiteheadi,4
Urocissa_xanthomelana,4
Urocitellus_armatus,3
Urocitellus_beldingi,3
Urocitellus_brunneus,3
Urocitellus_canus,3
Urocitellus_columbianus,3
Urocitellus_elegans,3
Urocitellus_endemicus,3
Urocitellus_mollis,3
Urocitellus_nancyae,3
Urocitellus_parryii,3
Urocitellus_richardsonii,3
Urocitellus_townsendii,3
Urocitellus_undulatus,3
Urocitellus_washingtoni,3
Urocolius_indicus,3
Urocolius_macrourus,3
Urocotyledon_inexpectata,1
Urocotyledon_norzilensis,1
Urocotyledon_palmata,1
Urocotyledon_rasmusseni,1
Urocotyledon_weileri,1
Urocotyledon_wolterstorffi,1
Urocynchramus_pylzowi,2
Urocyon_cinereoargenteus,4
Urocyon_littoralis,4
Uroderma_bilobatum,3
Uroderma_magnirostrum,3
Urodynamis_taitensis,4
Uroglaux_dimorpha,4
Urolais_epichloros,1
Urolais_epichlorus,1
Urolestes_melanoleucus,3
Uromacer_catesbyi,1
Uromacer_frenatus,1
Uromacer_oxyrhynchus,1
Uromacerina_ricardinii,1
Uromastyx_acanthinura,3
Uromastyx_aegyptia,4
Uromastyx_alfredschmidti,3
Uromastyx_benti,3
Uromastyx_dispar,3
Uromastyx_geyri,3
Uromastyx_macfadyeni,3
Uromastyx_nigriventris,3
Uromastyx_occidentalis,3
Uromastyx_ocellata,3
Uromastyx_ornata,3
Uromastyx_princeps,3
Uromastyx_shobraki,3
Uromastyx_thomasi,3
Uromastyx_yemenensis,3
Uromyias_agilis,1
Uromyias_agraphia,1
Uromys_anak,3
Uromys_boeadii,3
Uromys_caudimaculatus,3
Uromys_emmae,3
Uromys_hadrourus,3
Uromys_imperator,3
Uromys_neobritannicus,3
Uromys_porculus,3
Uromys_rex,3
Uromys_siebersi,3
Uromys_vika,3
Uropelia_campestris,3
Uropeltis_arcticeps,1
Uropeltis_beddomii,1
Uropeltis_bhupathyi,1
Uropeltis_bicatenata,1
Uropeltis_broughami,1
Uropeltis_dindigalensis,1
Uropeltis_ellioti,1
Uropeltis_grandis,1
Uropeltis_liura,1
Uropeltis_macrolepis,1
Uropeltis_macrorhyncha,1
Uropeltis_maculata,1
Uropeltis_madurensis,1
Uropeltis_myhendrae,1
Uropeltis_nitida,1
Uropeltis_ocellata,1
Uropeltis_petersi,1
Uropeltis_phipsonii,1
Uropeltis_pulneyensis,1
Uropeltis_rubrolineata,1
Uropeltis_rubromaculata,1
Uropeltis_shorttii,1
Uropeltis_woodmasoni,1
Uroplatus_alluaudi,2
Uroplatus_ebenaui,2
Uroplatus_fimbriatus,2
Uroplatus_finiavana,2
Uroplatus_giganteus,2
Uroplatus_guentheri,2
Uroplatus_henkeli,2
Uroplatus_lineatus,2
Uroplatus_malahelo,2
Uroplatus_malama,2
Uroplatus_phantasticus,2
Uroplatus_pietschmanni,2
Uroplatus_sameiti,2
Uroplatus_sikorae,2
Uropsalis_lyra,3
Uropsalis_segmentata,3
Uropsila_leucogastra,1
Uropsilus_gracilis,1
Uropsilus_investigator,1
Uropsilus_soricipes,1
Urosaurus_auriculatus,1
Urosaurus_bicarinatus,1
Urosaurus_clarionensis,1
Urosaurus_gadovi,1
Urosaurus_graciosus,1
Urosaurus_lahtelai,1
Urosaurus_nigricaudus,1
Urosaurus_ornatus,1
Urosphena_squameiceps,1
Urosphena_subulata,1
Urosphena_whiteheadi,1
Urosticte_benjamini,1
Urosticte_ruficrissa,1
Urostrophus_gallardoi,1
Urostrophus_grilli,1
Urostrophus_longicauda,1
Urostrophus_undulatus,1
Urostrophus_vautieri,1
Urotheca_decipiens,1
Urotheca_dumerilli,1
Urotheca_fulviceps,1
Urotheca_guentheri,1
Urotheca_lateristriga,1
Urotheca_multilineata,1
Urotheca_myersi,1
Urotheca_pachyura,1
Urothraupis_stolzmanni,2
Urotrichus_talpoides,1
Urotriorchis_macrourus,4
Urspelerpes_brucei,1
Ursus_americanus,4
Ursus_arctos,4
Ursus_maritimus,4
Ursus_thibetanus,4
Uta_encantadae,1
Uta_lowei,1
Uta_nolascensis,1
Uta_palmeri,1
Uta_squamata,1
Uta_stansburiana,1
Uta_tumidarostra,1
Uvidicolus_sphyrurus,2
Vampyressa_melissa,2
Vampyressa_thyone,2
Vampyriscus_bidens,2
Vampyriscus_brocki,2
Vampyriscus_nymphaea,2
Vampyrius_vampyrus,4
Vampyrodes_caraccioli,4
Vampyrodes_major,4
Vampyrum_spectrum,4
Vandeleuria_nilagirica,1
Vandeleuria_nolthenii,1
Vandeleuria_oleracea,1
Vandijkophrynus_amatolicus,3
Vandijkophrynus_angusticeps,2
Vandijkophrynus_gariepensis,3
Vandijkophrynus_inyangae,2
Vandijkophrynus_robinsoni,2
Vanellus_albiceps,4
Vanellus_armatus,4
Vanellus_chilensis,4
Vanellus_cinereus,4
Vanellus_coronatus,4
Vanellus_crassirostris,4
Vanellus_duvaucelii,4
Vanellus_gregarius,4
Vanellus_indicus,4
Vanellus_leucurus,4
Vanellus_lugubris,4
Vanellus_macropterus,4
Vanellus_malabaricus,4
Vanellus_melanocephalus,4
Vanellus_melanopterus,4
Vanellus_miles,4
Vanellus_novaehollandiae,4
Vanellus_resplendens,4
Vanellus_senegallus,4
Vanellus_spinosus,4
Vanellus_superciliosus,4
Vanellus_tectus,4
Vanellus_tricolor,4
Vanellus_vanellus,4
Vanga_curvirostris,3
Vanzosaura_multiscutata,1
Vanzosaura_rubricauda,1
Vanzosaura_savanicola,1
Varanus_acanthurus,3
Varanus_albigularis,4
Varanus_auffenbergi,3
Varanus_bangonorum,2
Varanus_baritji,2
Varanus_beccarii,3
Varanus_bengalensis,4
Varanus_bitatawa,3
Varanus_boehmei,2
Varanus_bogerti,3
Varanus_brevicauda,2
Varanus_bushi,3
Varanus_caerulivirens,3
Varanus_caudolineatus,2
Varanus_cumingi,3
Varanus_dalubhasa,3
Varanus_doreanus,3
Varanus_douarrha,3
Varanus_dumerilii,4
Varanus_eremius,2
Varanus_exanthematicus,4
Varanus_finschi,3
Varanus_flavescens,3
Varanus_giganteus,4
Varanus_gilleni,2
Varanus_glauerti,3
Varanus_glebopalma,3
Varanus_gouldii,4
Varanus_griseus,4
Varanus_hamersleyensis,3
Varanus_indicus,3
Varanus_jobiensis,3
Varanus_juxtindicus,3
Varanus_keithhornei,3
Varanus_kingorum,2
Varanus_komodoensis,4
Varanus_kordensis,3
Varanus_lirungensis,3
Varanus_mabitang,3
Varanus_macraei,3
Varanus_marmoratus,3
Varanus_melinus,3
Varanus_mertensi,3
Varanus_mitchelli,3
Varanus_niloticus,4
Varanus_nuchalis,3
Varanus_obor,3
Varanus_olivaceus,4
Varanus_palawanensis,3
Varanus_panoptes,4
Varanus_pilbarensis,3
Varanus_prasinus,3
Varanus_primordius,2
Varanus_rainerguentheri,3
Varanus_rasmusseni,3
Varanus_reisingeri,3
Varanus_rosenbergi,3
Varanus_rudicollis,4
Varanus_salvadorii,4
Varanus_salvator,4
Varanus_samarensis,3
Varanus_scalaris,3
Varanus_semiremex,3
Varanus_semotus,3
Varanus_sparnus,2
Varanus_spenceri,4
Varanus_spinulosus,3
Varanus_storri,2
Varanus_telenesetes,3
Varanus_timorensis,3
Varanus_togianus,3
Varanus_tristis,3
Varanus_varius,4
Varanus_yemenensis,3
Varanus_yuwonoi,3
Varanus_zugorum,3
Varecia_rubra,4
Varecia_variegata,4
Varzea_altamazonica,1
Varzea_bistriata,1
Vauriella_albigularis,2
Vauriella_goodfellowi,2
Vauriella_gularis,2
Vauriella_insignis,2
Veles_binotatus,3
Veniliornis_affinis,2
Veniliornis_callonotus,2
Veniliornis_cassini,2
Veniliornis_chocoensis,2
Veniliornis_dignus,2
Veniliornis_frontalis,2
Veniliornis_kirkii,2
Veniliornis_lignarius,2
Veniliornis_maculifrons,2
Veniliornis_mixtus,2
Veniliornis_nigriceps,2
Veniliornis_passerinus,2
Veniliornis_sanguineus,2
Veniliornis_spilogaster,2
Vermicella_annulata,1
Vermicella_intermedia,1
Vermicella_multifasciata,1
Vermicella_snelli,1
Vermicella_vermiformis,1
Vermivora_chrysoptera,1
Vermivora_cyanoptera,1
Vernaya_fulva,1
Verreauxia_africana,1
Vespadelus_baverstocki,1
Vespadelus_caurinus,1
Vespadelus_darlingtoni,1
Vespadelus_douglasorum,1
Vespadelus_finlaysoni,1
Vespadelus_pumilus,1
Vespadelus_regulus,1
Vespadelus_troughtoni,1
Vespadelus_vulturnus,1
Vespertilio_murinus,2
Vespertilio_sinensis,2
Vhembelacerta_rupicola,1
Vicugna_vicugna,4
Vidua_camerunensis,1
Vidua_chalybeata,1
Vidua_codringtoni,1
Vidua_fischeri,1
Vidua_funerea,1
Vidua_hypocherina,1
Vidua_interjecta,1
Vidua_larvaticola,1
Vidua_macroura,2
Vidua_maryae,1
Vidua_nigeriae,1
Vidua_obtusa,1
Vidua_orientalis,2
Vidua_paradisaea,2
Vidua_purpurascens,1
Vidua_raricola,1
Vidua_regia,2
Vidua_togoensis,1
Vidua_wilsoni,1
Vietnamophryne_inexpectata,1
Vietnamophryne_occidentalis,1
Vietnamophryne_orlovi,1
Vietnascincus_rugosus,1
Vijayachelys_silvatica,3
Vini_australis,3
Vipera_ammodytes,3
Vipera_anatolica,2
Vipera_aspis,2
Vipera_barani,2
Vipera_berus,2
Vipera_darevskii,2
Vipera_dinniki,2
Vipera_ebneri,2
Vipera_eriwanensis,2
Vipera_graeca,2
Vipera_kaznakovi,2
Vipera_latastei,2
Vipera_lotievi,2
Vipera_magnifica,2
Vipera_monticola,2
Vipera_orlovi,2
Vipera_pontica,2
Vipera_renardi,2
Vipera_seoanei,2
Vipera_transcaucasiana,2
Vipera_ursinii,2
Vireo_altiloquus,2
Vireo_atricapilla,1
Vireo_bairdi,1
Vireo_bellii,1
Vireo_brevipennis,2
Vireo_caribaeus,2
Vireo_carmioli,2
Vireo_cassinii,2
Vireo_chivi,2
Vireo_crassirostris,2
Vireo_flavifrons,2
Vireo_flavoviridis,2
Vireo_gilvus,2
Vireo_gracilirostris,1
Vireo_griseus,1
Vireo_gundlachii,2
Vireo_huttoni,1
Vireo_latimeri,2
Vireo_leucophrys,2
Vireo_magister,2
Vireo_masteri,2
Vireo_modestus,1
Vireo_nanus,1
Vireo_nelsoni,1
Vireo_olivaceus,2
Vireo_osburni,2
Vireo_pallens,1
Vireo_philadelphicus,1
Vireo_plumbeus,2
Vireo_sclateri,2
Vireo_solitarius,2
Vireo_vicinior,2
Vireolanius_eximius,2
Vireolanius_leucotis,2
Vireolanius_melitophrys,2
Vireolanius_mikettae,2
Vireolanius_pulchellus,2
Virginia_striatula,1
Virginia_valeriae,1
Vitreorana_antisthenesi,1
Vitreorana_baliomma,1
Vitreorana_castroviejoi,1
Vitreorana_eurygnatha,1
Vitreorana_franciscana,1
Vitreorana_gorzulae,1
Vitreorana_helenae,1
Vitreorana_parvula,1
Vitreorana_ritae,1
Vitreorana_uranoscopa,1
Viverra_civettina,4
Viverra_megaspila,4
Viverra_tangalunga,4
Viverra_zibetha,4
Viverricula_indica,4
Voalavo_antsahabensis,1
Voalavo_gymnocaudus,1
Voeltzkowia_mira,1
Voeltzkowia_yamagishii,1
Volatinia_jacarina,1
Volemys_millicens,1
Volemys_musseri,1
Vombatus_ursinus,4
Vormela_peregusna,3
Vosea_whitemanensis,2
Vulpes_bengalensis,4
Vulpes_cana,4
Vulpes_chama,4
Vulpes_corsac,4
Vulpes_ferrilata,4
Vulpes_lagopus,4
Vulpes_macrotis,4
Vulpes_pallida,4
Vulpes_rueppellii,4
Vulpes_velox,4
Vulpes_vulpes,4
Vulpes_zerda,4
Vultur_gryphus,4
Waiomys_mamasae,1
Wakea_madinika,1
Walkerana_diplosticta,2
Walkerana_leptodactyla,2
Walkerana_muduga,2
Walkerana_phrynoderma,2
Wallabia_bicolor,4
Wallaceophis_gujaratensis,2
Wallophis_brachyura,2
Walterinnesia_aegyptia,3
Walterinnesia_morgani,3
Werneria_bambutensis,1
Werneria_iboundji,1
Werneria_mertensiana,1
Werneria_preussi,1
Werneria_submontana,1
Werneria_tandyi,1
Wetmorena_agasepsoides,2
Wetmorena_haetiana,2
Wetmorethraupis_sterrhopteron,2
Wiedomys_cerradensis,2
Wiedomys_pyrrhorhinos,2
Wijayarana_masonii,1
Wijayarana_melasma,1
Wijayarana_modiglianii,1
Wijayarana_sumatrana,1
Wilfredomys_oenax,2
Willisornis_nigrigula,2
Willisornis_poecilinotus,2
Willisornis_vidua,2
Wilsonosaura_josyi,1
Wolterstorffina_chirioi,1
Wolterstorffina_mirei,1
Wolterstorffina_parvipalmata,1
Woodworthia_cf._brunnea,1
Woodworthia_chrysosiretica,1
Woodworthia_maculata,1
Wyulda_squamicaudata,4
Xanthocephalus_xanthocephalus,3
Xanthomixis_apperti,2
Xanthomixis_cinereiceps,2
Xanthomixis_zosterops,2
Xanthopsar_flavus,3
Xanthotis_flaviventer,2
Xanthotis_macleayanus,2
Xanthotis_polygrammus,2
Xantusia_arizonae,1
Xantusia_bezyi,1
Xantusia_bolsonae,1
Xantusia_extorris,1
Xantusia_gracilis,1
Xantusia_henshawi,1
Xantusia_riversiana,2
Xantusia_sanchezi,1
Xantusia_vigilis,1
Xema_sabini,4
Xenagama_batillifera,1
Xenagama_taylori,1
Xenagama_wilmsi,1
Xenagama_zonura,1
Xenelaphis_ellipsifer,2
Xenelaphis_hexagonotus,2
Xenerpestes_minlosi,1
Xenerpestes_singularis,1
Xenicus_gilviventris,2
Xenocalamus_bicolor,2
Xenocalamus_mechowii,2
Xenocalamus_michellii,2
Xenocalamus_sabiensis,2
Xenocalamus_transvaalensis,2
Xenochrophis_bellulus,2
Xenochrophis_maculatus,2
Xenochrophis_trianguligerus,2
Xenochrophis_vittatus,2
Xenocopsychus_ansorgei,2
Xenodacnis_parina,1
Xenodacnis_petersi,1
Xenodermus_javanicus,2
Xenodon_dorbignyi,2
Xenodon_guentheri,2
Xenodon_histricus,2
Xenodon_matogrossensis,2
Xenodon_merremii,2
Xenodon_nattereri,2
Xenodon_neuwiedii,2
Xenodon_pulcher,2
Xenodon_rabdocephalus,2
Xenodon_semicinctus,2
Xenodon_severus,2
Xenodon_werneri,2
Xenoglaux_loweryi,3
Xenohyla_eugenioi,2
Xenohyla_truncata,2
Xenoligea_montana,1
Xenomys_nelsoni,2
Xenopeltis_hainanensis,3
Xenopeltis_unicolor,3
Xenoperdix_udzungwensis,4
Xenophidion_acanthognathus,1
Xenophidion_schaeferi,1
Xenopholis_scalaris,1
Xenopholis_undulatus,1
Xenopholis_werdingorum,1
Xenopipo_atronitens,1
Xenopipo_uniformis,1
Xenopirostris_damii,3
Xenopirostris_polleni,3
Xenopirostris_xenopirostris,3
Xenops_genibarbis,1
Xenops_minutus,1
Xenops_rutilus,1
Xenops_tenuirostris,1
Xenopsaris_albinucha,2
Xenopus_allofraseri,3
Xenopus_amieti,3
Xenopus_andrei,3
Xenopus_borealis,3
Xenopus_boumbaensis,2
Xenopus_calcaratus,2
Xenopus_clivii,3
Xenopus_epitropicalis,3
Xenopus_eysoole,3
Xenopus_fischbergi,2
Xenopus_fraseri,3
Xenopus_gilli,2
Xenopus_itombwensis,3
Xenopus_kobeli,3
Xenopus_laevis,4
Xenopus_mellotropicalis,3
Xenopus_muelleri,3
Xenopus_parafraseri,3
Xenopus_petersii,3
Xenopus_poweri,3
Xenopus_pygmaeus,2
Xenopus_ruwenzoriensis,4
Xenopus_tropicalis,2
Xenopus_vestitus,3
Xenopus_victorianus,4
Xenopus_wittei,3
Xenorhina_adisca,1
Xenorhina_anorbis,1
Xenorhina_arboricola,2
Xenorhina_arfakiana,2
Xenorhina_arndti,2
Xenorhina_bidens,2
Xenorhina_bouwensi,2
Xenorhina_brachyrhyncha,1
Xenorhina_eiponis,1
Xenorhina_fuscigula,2
Xenorhina_gigantea,3
Xenorhina_huon,2
Xenorhina_lanthanites,1
Xenorhina_macrodisca,2
Xenorhina_macrops,2
Xenorhina_mehelyi,2
Xenorhina_minima,1
Xenorhina_multisica,2
Xenorhina_obesa,2
Xenorhina_ocellata,2
Xenorhina_ophiodon,2
Xenorhina_oxycephala,2
Xenorhina_parkerorum,2
Xenorhina_rostrata,2
Xenorhina_scheepstrai,2
Xenorhina_schiefenhoeveli,2
Xenorhina_similis,2
Xenorhina_subcrocea,2
Xenorhina_tillacki,2
Xenorhina_tumulus,2
Xenorhina_varia,2
Xenorhina_zweifeli,2
Xenornis_setifrons,2
Xenosaurus_grandis,2
Xenosaurus_newmanorum,2
Xenosaurus_penai,2
Xenosaurus_phalaroanthereon,2
Xenosaurus_platyceps,2
Xenosaurus_rectocollaris,2
Xenospingus_concolor,2
Xenospiza_baileyi,2
Xenotriccus_callizonus,1
Xenotriccus_mexicanus,1
Xenotyphlops_grandidieri,1
Xenotyphlops_mocquardi,1
Xenoxybelis_argenteus,2
Xenoxybelis_boulengeri,2
Xenuromys_barbatus,2
Xenus_cinereus,3
Xeromys_myoides,2
Xeronycteris_vieirai,2
Xerospermophilus_mohavensis,2
Xerospermophilus_perotensis,2
Xerospermophilus_spilosoma,2
Xerospermophilus_tereticaudus,2
Xerotyphlops_etheridgei,1
Xerotyphlops_socotranus,1
Xerotyphlops_syriacus,1
Xerotyphlops_vermicularis,1
Xerotyphlops_wilsoni,1
Xerus_erythropus,3
Xerus_inauris,3
Xerus_princeps,3
Xerus_rutilus,3
Xiphidiopicus_percussus,3
Xiphocolaptes_albicollis,3
Xiphocolaptes_falcirostris,3
Xiphocolaptes_major,3
Xiphocolaptes_promeropirhynchus,3
Xipholena_atropurpurea,3
Xipholena_lamellipennis,3
Xipholena_punicea,3
Xiphorhynchus_aequatorialis,3
Xiphorhynchus_atlanticus,2
Xiphorhynchus_beauperthuysii,3
Xiphorhynchus_chunchotambo,3
Xiphorhynchus_elegans,3
Xiphorhynchus_erythropygius,3
Xiphorhynchus_flavigaster,3
Xiphorhynchus_fuscus,2
Xiphorhynchus_guttatoides,3
Xiphorhynchus_guttatus,3
Xiphorhynchus_lachrymosus,3
Xiphorhynchus_obsoletus,2
Xiphorhynchus_ocellatus,3
Xiphorhynchus_pardalotus,3
Xiphorhynchus_spixii,2
Xiphorhynchus_susurrans,3
Xiphorhynchus_triangularis,3
Xolmis_cinereus,3
Xolmis_coronatus,3
Xolmis_dominicanus,3
Xolmis_irupero,3
Xolmis_pyrope,3
Xolmis_rubetra,3
Xolmis_salinarum,3
Xolmis_velatus,3
Xyelodontophis_uluguruensis,2
Xylophis_captaini,1
Xylophis_perroteti,1
Xylophis_stenorhynchus,1
Yanomamia_guianensis,1
Yanomamia_hoogmoedi,1
Yuhina_bakeri,1
Yuhina_brunneiceps,1
Yuhina_castaniceps,1
Yuhina_diademata,1
Yuhina_everetti,1
Yuhina_flavicollis,1
Yuhina_gularis,1
Yuhina_humilis,1
Yuhina_nigrimenta,1
Yuhina_occipitalis,1
Yuhina_torqueola,1
Yunganastes_ashkapara,2
Yunganastes_bisignatus,2
Yunganastes_fraudator,2
Yunganastes_mercedesae,2
Yunganastes_pluvicanorus,2
Zaedyus_pichiy,4
Zaglossus_attenboroughi,4
Zaglossus_bartoni,4
Zaglossus_bruijnii,4
Zamenis_hohenackeri,2
Zamenis_lineatus,2
Zamenis_longissimus,3
Zamenis_persicus,2
Zamenis_scalaris,3
Zamenis_situla,2
Zanclostomus_javanicus,3
Zanda_baudinii,4
Zanda_funerea,4
Zanda_latirostris,4
Zapornia_akool,3
Zapornia_bicolor,3
Zapornia_flavirostra,3
Zapornia_fusca,3
Zapornia_olivieri,3
Zapornia_parva,3
Zapornia_paykullii,3
Zapornia_pusilla,3
Zapornia_tabuensis,3
Zapus_hudsonius,1
Zapus_princeps,1
Zapus_trinotatus,1
Zaratornis_stresemanni,3
Zavattariornis_stresemanni,3
Zebrilus_undulatus,3
Zeledonia_coronata,1
Zelotomys_hildegardeae,2
Zelotomys_woosnami,2
Zenaida_asiatica,4
Zenaida_auriculata,4
Zenaida_aurita,4
Zenaida_galapagoensis,3
Zenaida_macroura,4
Zenaida_meloda,4
Zenkerella_insignis,2
Zentrygon_albifacies,4
Zentrygon_carrikeri,4
Zentrygon_chiriquensis,4
Zentrygon_costaricensis,4
Zentrygon_frenata,4
Zentrygon_goldmani,4
Zentrygon_lawrencii,4
Zentrygon_linearis,4
Zhangixalus_achantharrhena,2
Zhangixalus_amamiensis,2
Zhangixalus_arboreus,3
Zhangixalus_arvalis,2
Zhangixalus_aurantiventris,2
Zhangixalus_burmanus,2
Zhangixalus_chenfui,2
Zhangixalus_dennysi,3
Zhangixalus_dorsoviridis,2
Zhangixalus_duboisi,2
Zhangixalus_dugritei,2
Zhangixalus_dulitensis,2
Zhangixalus_feae,2
Zhangixalus_franki,2
Zhangixalus_hongchibaensis,2
Zhangixalus_hui,2
Zhangixalus_hungfuensis,2
Zhangixalus_jarujini,2
Zhangixalus_leucofasciatus,2
Zhangixalus_lishuiensis,2
Zhangixalus_minimus,1
Zhangixalus_moltrechti,2
Zhangixalus_nigropunctatus,2
Zhangixalus_omeimontis,3
Zhangixalus_owstoni,2
Zhangixalus_pinglongensis,2
Zhangixalus_prasinatus,2
Zhangixalus_prominanus,2
Zhangixalus_puerensis,2
Zhangixalus_schlegelii,2
Zhangixalus_smaragdinus,2
Zhangixalus_suffry,2
Zhangixalus_taipeianus,2
Zhangixalus_viridis,2
Zhangixalus_wui,2
Zhangixalus_yaoshanensis,2
Zhangixalus_yinggelingensis,2
Zhangixalus_zhoukaiyae,2
Zimmerius_acer,1
Zimmerius_albigularis,1
Zimmerius_bolivianus,1
Zimmerius_chicomendesi,1
Zimmerius_chrysops,1
Zimmerius_cinereicapilla,1
Zimmerius_gracilipes,1
Zimmerius_improbus,1
Zimmerius_parvus,1
Zimmerius_petersi,1
Zimmerius_vilissimus,1
Zimmerius_villarejoi,1
Zimmerius_viridiflavus,1
Zonateres_lanei,2
Zonerodius_heliosylus,4
Zonosaurus_aeneus,2
Zonosaurus_anelanelany,2
Zonosaurus_bemaraha,2
Zonosaurus_boettgeri,2
Zonosaurus_brygooi,2
Zonosaurus_haraldmeieri,2
Zonosaurus_karsteni,2
Zonosaurus_laticaudatus,2
Zonosaurus_madagascariensis,2
Zonosaurus_maximus,2
Zonosaurus_ornatus,2
Zonosaurus_quadrilineatus,2
Zonosaurus_rufipes,2
Zonosaurus_subunicolor,2
Zonosaurus_trilineatus,2
Zonosaurus_tsingy,2
Zonotrichia_albicollis,2
Zonotrichia_atricapilla,2
Zonotrichia_capensis,2
Zonotrichia_leucophrys,2
Zonotrichia_querula,2
Zoonavena_grandidieri,2
Zoonavena_sylvatica,2
Zoonavena_thomensis,2
Zoothera_andromedae,3
Zoothera_atrigena,3
Zoothera_aurea,3
Zoothera_dauma,3
Zoothera_dixoni,3
Zoothera_everetti,3
Zoothera_griseiceps,3
Zoothera_heinei,3
Zoothera_lunulata,3
Zoothera_machiki,3
Zoothera_major,4
Zoothera_margaretae,3
Zoothera_marginata,3
Zoothera_mollissima,3
Zoothera_monticola,3
Zoothera_salimalii,3
Zoothera_talaseae,3
Zoothera_turipavae,3
Zootoca_carniolica,1
Zootoca_vivipara,1
Zosterops_abyssinicus,1
Zosterops_anomalus,1
Zosterops_atricapilla,1
Zosterops_atriceps,1
Zosterops_atrifrons,1
Zosterops_auriventer,1
Zosterops_borbonicus,1
Zosterops_brunneus,1
Zosterops_buruensis,1
Zosterops_ceylonensis,1
Zosterops_chloris,1
Zosterops_chloronothos,1
Zosterops_chrysolaemus,1
Zosterops_citrinella,1
Zosterops_consobrinorum,1
Zosterops_crookshanki,1
Zosterops_emiliae,1
Zosterops_erythropleurus,1
Zosterops_eurycricotus,1
Zosterops_everetti,1
Zosterops_explorator,1
Zosterops_feae,1
Zosterops_ficedulinus,1
Zosterops_finschii,1
Zosterops_flavifrons,1
Zosterops_flavilateralis,1
Zosterops_flavus,1
Zosterops_fuscicapilla,1
Zosterops_gibbsi,1
Zosterops_grayi,1
Zosterops_griseotinctus,1
Zosterops_griseovirescens,1
Zosterops_hamlini,1
Zosterops_hypoxanthus,1
Zosterops_inornatus,1
Zosterops_japonicus,1
Zosterops_kaffensis,1
Zosterops_kikuyuensis,1
Zosterops_kirki,1
Zosterops_kuehni,1
Zosterops_kulalensis,1
Zosterops_kulambangrae,1
Zosterops_lacertosus,1
Zosterops_lateralis,1
Zosterops_leucophaeus,1
Zosterops_lugubris,1
Zosterops_luteirostris,1
Zosterops_luteus,1
Zosterops_maderaspatanus,1
Zosterops_mauritianus,1
Zosterops_mayottensis,1
Zosterops_mbuluensis,1
Zosterops_meeki,1
Zosterops_melanocephalus,1
Zosterops_melanurus,1
Zosterops_metcalfii,1
Zosterops_meyeni,1
Zosterops_minor,1
Zosterops_minutus,1
Zosterops_mouroniensis,1
Zosterops_murphyi,1
Zosterops_mysorensis,1
Zosterops_nehrkorni,1
Zosterops_nigrorum,1
Zosterops_novaeguineae,1
Zosterops_olivaceus,1
Zosterops_pallidus,1
Zosterops_palpebrosus,1
Zosterops_poliogastrus,1
Zosterops_rendovae,1
Zosterops_rennellianus,1
Zosterops_sanctaecrucis,1
Zosterops_semperi,1
Zosterops_senegalensis,1
Zosterops_silvanus,1
Zosterops_simplex,1
Zosterops_somadikartai,1
Zosterops_splendidus,1
Zosterops_stalkeri,1
Zosterops_stresemanni,1
Zosterops_superciliosus,1
Zosterops_uropygialis,1
Zosterops_vaughani,1
Zosterops_vellalavella,1
Zosterops_virens,1
Zosterops_winifredae,1
Zosterops_xanthochroa,1
Zosterornis_hypogrammicus,2
Zosterornis_latistriatus,2
Zosterornis_nigrorum,2
Zosterornis_striatus,2
Zosterornis_whiteheadi,2
Zygaspis_arenicola,1
Zygaspis_dolichomenta,1
Zygaspis_ferox,1
Zygaspis_kafuensis,1
Zygaspis_nigra,1
Zygaspis_quadrifrons,1
Zygaspis_vandami,1
Zygaspis_violacea,1
Zygodontomys_brevicauda,2
Zygodontomys_brunneus,2
Zygogeomys_trichopus,3
Zyzomys_argurus,2
Zyzomys_maini,2
Zyzomys_palatalis,2
Zyzomys_pedunculatus,2
Zyzomys_woodwardi,2
